# relative_time, cycles_done, cur_item, corpus_count, pending_total, pending_favs, map_size, saved_crashes, saved_hangs, max_depth, execs_per_sec, total_execs, edges_found, total_crashes, servers_count
60, 11, 20, 29, 9, 0, 28.05%, 7, 0, 4, 205.49, 31931, 23, 846, 0
65, 11, 20, 29, 9, 0, 28.05%, 7, 0, 4, 176.98, 32775, 23, 958, 0
71, 11, 20, 30, 10, 0, 28.05%, 7, 0, 4, 30.93, 33526, 23, 1087, 0
76, 11, 20, 30, 10, 0, 28.05%, 7, 0, 4, 142.29, 34332, 23, 1219, 0
81, 11, 20, 31, 11, 0, 28.05%, 7, 0, 4, 187.64, 35358, 23, 1383, 0
86, 11, 20, 32, 12, 0, 28.05%, 7, 0, 4, 204.76, 36410, 23, 1543, 0
91, 11, 20, 32, 12, 0, 28.05%, 7, 0, 4, 205.52, 37438, 23, 1703, 0
96, 11, 20, 32, 12, 0, 28.05%, 7, 0, 4, 201.46, 38443, 23, 1867, 0
101, 11, 20, 32, 12, 0, 28.05%, 7, 0, 4, 180.94, 39292, 23, 1992, 0
106, 11, 26, 32, 11, 0, 28.05%, 7, 0, 4, 189.97, 40291, 23, 2135, 0
111, 11, 27, 32, 9, 0, 28.05%, 7, 0, 4, 225.92, 41485, 23, 2283, 0
116, 12, 39, 41, 13, 0, 30.49%, 7, 0, 4, 446.52, 43729, 25, 2365, 0
121, 12, 28, 41, 7, 0, 30.49%, 8, 0, 4, 495.09, 46529, 25, 2400, 0
126, 12, 23, 41, 2, 0, 30.49%, 8, 0, 4, 487.06, 48833, 25, 2478, 0
131, 13, 1, 41, 1, 0, 30.49%, 8, 0, 4, 602.34, 51823, 25, 2513, 0
137, 14, 3, 41, 0, 0, 30.49%, 8, 0, 4, 602.06, 55032, 25, 2539, 0
142, 14, 31, 41, 0, 0, 30.49%, 8, 0, 4, 575.53, 57854, 25, 2596, 0
147, 15, 7, 41, 0, 0, 30.49%, 9, 0, 4, 594.27, 60926, 25, 2642, 0
152, 16, 3, 41, 0, 0, 30.49%, 9, 0, 4, 651.21, 64403, 25, 2669, 0
157, 16, 3, 41, 0, 0, 30.49%, 9, 0, 4, 130.37, 66281, 25, 2785, 0
162, 17, 3, 42, 1, 0, 30.49%, 9, 0, 4, 721.34, 69858, 25, 2804, 0
167, 18, 7, 42, 0, 0, 30.49%, 9, 0, 4, 698.02, 73293, 25, 2820, 0
172, 18, 42, 43, 1, 0, 30.49%, 9, 0, 5, 462.92, 75392, 25, 2920, 0
177, 18, 29, 43, 0, 0, 30.49%, 9, 0, 5, 600.05, 78453, 25, 2966, 0
182, 19, 3, 43, 0, 0, 30.49%, 9, 0, 5, 561.86, 81280, 25, 3005, 0
187, 19, 43, 44, 1, 0, 30.49%, 9, 0, 5, 526.88, 83637, 25, 3064, 0
193, 20, 31, 44, 0, 0, 30.49%, 9, 0, 5, 531.13, 86126, 25, 3132, 0
198, 20, 27, 44, 0, 0, 30.49%, 10, 0, 5, 397.23, 87931, 25, 3263, 0
203, 20, 5, 44, 0, 0, 30.49%, 10, 0, 5, 501.34, 90127, 25, 3332, 0
208, 21, 35, 44, 0, 0, 30.49%, 10, 0, 5, 575.28, 93215, 25, 3348, 0
213, 21, 42, 46, 2, 0, 30.49%, 10, 0, 6, 374.93, 95123, 25, 3446, 0
218, 21, 42, 46, 2, 0, 30.49%, 10, 0, 6, 233.15, 96063, 25, 3589, 0
223, 21, 42, 46, 2, 0, 30.49%, 10, 0, 6, 209.09, 97091, 25, 3739, 0
229, 21, 42, 46, 2, 0, 30.49%, 10, 0, 6, 225.50, 98051, 25, 3878, 0
228, 21, 42, 46, 2, 0, 30.49%, 10, 0, 6, 0.00, 98083, 25, 3881, 0
234, 22, 45, 47, 2, 0, 30.49%, 10, 0, 6, 505.70, 100679, 25, 3933, 0
239, 22, 44, 48, 2, 0, 30.49%, 10, 0, 7, 491.90, 103303, 25, 3996, 0
244, 22, 47, 48, 1, 0, 30.49%, 10, 0, 7, 537.63, 106107, 25, 4043, 0
249, 23, 43, 48, 0, 0, 30.49%, 10, 0, 7, 528.61, 108706, 25, 4115, 0
254, 23, 22, 48, 0, 0, 30.49%, 10, 0, 7, 479.42, 111071, 25, 4180, 0
259, 24, 3, 49, 1, 0, 30.49%, 10, 0, 7, 626.35, 114229, 25, 4211, 0
264, 24, 26, 49, 0, 0, 30.49%, 10, 0, 7, 628.58, 117409, 25, 4242, 0
269, 24, 27, 49, 0, 0, 30.49%, 10, 0, 7, 451.83, 119800, 25, 4336, 0
274, 25, 5, 49, 0, 0, 30.49%, 10, 0, 7, 528.56, 122760, 25, 4383, 0
279, 26, 25, 49, 0, 0, 30.49%, 10, 0, 7, 635.72, 126278, 25, 4402, 0
285, 26, 7, 49, 0, 0, 30.49%, 10, 0, 7, 625.17, 129222, 25, 4453, 0
290, 27, 24, 50, 0, 0, 30.49%, 10, 0, 7, 642.55, 132625, 25, 4476, 0
295, 27, 50, 53, 3, 0, 30.49%, 10, 0, 8, 583.29, 135400, 25, 4537, 0
300, 27, 50, 54, 4, 0, 30.49%, 10, 0, 8, 488.28, 137846, 25, 4606, 0
305, 27, 50, 54, 4, 0, 30.49%, 10, 0, 8, 518.91, 140428, 25, 4670, 0
310, 27, 53, 54, 3, 0, 30.49%, 10, 0, 8, 314.33, 141792, 25, 4796, 0
315, 27, 52, 54, 2, 0, 30.49%, 10, 0, 8, 272.40, 143128, 25, 4934, 0
320, 27, 27, 54, 0, 0, 30.49%, 10, 0, 8, 371.22, 144841, 25, 5017, 0
325, 27, 54, 55, 1, 0, 30.49%, 10, 0, 8, 548.50, 147700, 25, 5068, 0
330, 28, 39, 56, 1, 0, 30.49%, 10, 0, 9, 530.22, 150371, 25, 5105, 0
335, 28, 55, 56, 1, 0, 30.49%, 10, 0, 9, 446.53, 152465, 25, 5150, 0
340, 28, 51, 56, 0, 0, 30.49%, 10, 0, 9, 515.12, 154133, 25, 5214, 0
346, 28, 5, 56, 0, 0, 30.49%, 10, 0, 9, 552.05, 156533, 25, 5280, 0
351, 29, 53, 56, 0, 0, 30.49%, 10, 0, 9, 128.71, 159511, 25, 5324, 0
356, 29, 5, 56, 0, 0, 30.49%, 10, 0, 9, 448.04, 162077, 25, 5387, 0
361, 29, 53, 56, 0, 0, 30.49%, 10, 0, 9, 451.00, 164405, 25, 5454, 0
366, 30, 50, 56, 0, 0, 30.49%, 10, 0, 9, 541.11, 167152, 25, 5491, 0
371, 30, 25, 56, 0, 0, 30.49%, 10, 0, 9, 581.80, 169925, 25, 5555, 0
376, 30, 54, 57, 1, 0, 30.49%, 10, 0, 9, 460.41, 172099, 25, 5638, 0
381, 30, 7, 57, 0, 0, 30.49%, 10, 0, 9, 574.71, 174986, 25, 5686, 0
386, 31, 56, 57, 0, 0, 30.49%, 10, 0, 9, 571.95, 177822, 25, 5719, 0
392, 31, 39, 57, 0, 0, 30.49%, 10, 0, 9, 621.72, 179847, 25, 5783, 0
397, 31, 56, 57, 0, 0, 30.49%, 10, 0, 9, 480.37, 182246, 25, 5846, 0
402, 31, 45, 57, 0, 0, 30.49%, 10, 0, 9, 580.20, 184669, 25, 5912, 0
407, 32, 52, 57, 0, 0, 30.49%, 10, 0, 9, 473.95, 187064, 25, 5961, 0
412, 32, 6, 57, 0, 0, 30.49%, 10, 0, 9, 558.90, 189777, 25, 5998, 0
417, 32, 39, 57, 0, 0, 30.49%, 10, 0, 9, 677.56, 192465, 25, 6056, 0
422, 33, 7, 58, 1, 0, 30.49%, 10, 0, 9, 462.31, 194698, 25, 6147, 0
427, 33, 51, 58, 1, 0, 30.49%, 10, 0, 9, 460.52, 196987, 25, 6240, 0
432, 33, 56, 58, 1, 0, 30.49%, 10, 0, 9, 582.08, 200063, 25, 6287, 0
437, 33, 54, 58, 1, 0, 30.49%, 10, 0, 9, 490.03, 202469, 25, 6360, 0
442, 33, 7, 58, 1, 0, 30.49%, 10, 0, 9, 461.19, 204657, 25, 6438, 0
448, 34, 54, 58, 1, 0, 30.49%, 10, 0, 9, 549.60, 207613, 25, 6489, 0
453, 34, 10, 58, 0, 0, 30.49%, 10, 0, 9, 582.32, 210620, 25, 6541, 0
458, 34, 6, 58, 0, 0, 30.49%, 10, 0, 9, 567.82, 213248, 25, 6618, 0
463, 35, 56, 58, 0, 0, 30.49%, 10, 0, 9, 601.33, 216607, 25, 6648, 0
468, 35, 31, 58, 0, 0, 30.49%, 10, 0, 9, 489.35, 219031, 25, 6721, 0
473, 35, 19, 58, 0, 0, 30.49%, 10, 0, 9, 496.72, 221434, 25, 6773, 0
478, 36, 23, 58, 0, 0, 30.49%, 10, 0, 9, 614.76, 224583, 25, 6803, 0
484, 36, 54, 58, 0, 0, 30.49%, 10, 0, 9, 165.53, 226746, 25, 6907, 0
489, 36, 7, 58, 0, 0, 30.49%, 10, 0, 9, 391.21, 228984, 25, 6986, 0
494, 37, 50, 60, 1, 0, 30.49%, 10, 0, 9, 441.73, 231471, 25, 7058, 0
499, 37, 59, 60, 1, 0, 30.49%, 10, 0, 9, 334.98, 233063, 25, 7179, 0
504, 37, 7, 60, 0, 0, 30.49%, 10, 0, 9, 475.71, 235490, 25, 7267, 0
509, 37, 29, 60, 0, 0, 30.49%, 10, 0, 9, 470.18, 237836, 25, 7347, 0
514, 37, 3, 60, 0, 0, 30.49%, 10, 0, 9, 503.17, 240390, 25, 7416, 0
519, 38, 15, 60, 0, 0, 30.49%, 10, 0, 9, 546.63, 243121, 25, 7478, 0
524, 38, 58, 60, 0, 0, 30.49%, 10, 0, 9, 605.81, 246075, 25, 7540, 0
529, 39, 5, 60, 0, 0, 30.49%, 10, 0, 9, 681.53, 249554, 25, 7567, 0
535, 39, 58, 60, 0, 0, 30.49%, 10, 0, 9, 545.55, 252311, 25, 7620, 0
540, 39, 23, 60, 0, 0, 30.49%, 10, 0, 9, 543.94, 255001, 25, 7663, 0
545, 40, 6, 60, 0, 0, 30.49%, 10, 0, 9, 569.21, 257818, 25, 7718, 0
550, 40, 7, 60, 0, 0, 30.49%, 10, 0, 9, 527.94, 260331, 25, 7789, 0
555, 40, 5, 60, 0, 0, 30.49%, 10, 0, 9, 373.43, 262348, 25, 7809, 0
560, 40, 50, 60, 0, 0, 30.49%, 10, 0, 9, 469.85, 264868, 25, 7868, 0
565, 41, 6, 60, 0, 0, 30.49%, 10, 0, 9, 630.90, 268190, 25, 7903, 0
570, 41, 59, 60, 0, 0, 30.49%, 10, 0, 9, 358.70, 269735, 25, 8040, 0
575, 41, 50, 60, 0, 0, 30.49%, 10, 0, 9, 548.43, 272721, 25, 8091, 0
580, 42, 3, 60, 0, 0, 30.49%, 10, 0, 9, 606.26, 275765, 25, 8125, 0
586, 42, 7, 60, 0, 0, 30.49%, 10, 0, 9, 688.85, 279292, 25, 8138, 0
591, 43, 7, 60, 0, 0, 30.49%, 10, 0, 9, 555.14, 282216, 25, 8197, 0
596, 43, 28, 60, 0, 0, 30.49%, 10, 0, 9, 648.22, 285705, 25, 8218, 0
601, 43, 3, 68, 8, 0, 31.71%, 10, 0, 9, 704.39, 288450, 26, 8293, 0
606, 43, 3, 69, 9, 0, 31.71%, 11, 0, 9, 619.84, 291509, 26, 8342, 0
611, 43, 3, 69, 9, 0, 31.71%, 11, 0, 9, 581.19, 294439, 26, 8398, 0
616, 43, 3, 69, 9, 0, 31.71%, 11, 0, 9, 537.27, 297080, 26, 8446, 0
621, 43, 3, 69, 9, 0, 31.71%, 11, 0, 9, 554.94, 299885, 26, 8494, 0
626, 43, 66, 69, 7, 0, 31.71%, 11, 0, 9, 617.95, 303180, 26, 8500, 0
632, 43, 65, 69, 6, 0, 31.71%, 11, 0, 9, 697.16, 306703, 26, 8522, 0
637, 43, 61, 69, 3, 0, 31.71%, 11, 0, 9, 725.04, 310473, 26, 8526, 0
642, 44, 60, 70, 3, 0, 31.71%, 11, 0, 9, 610.22, 313361, 26, 8535, 0
647, 44, 68, 70, 2, 0, 31.71%, 11, 0, 9, 637.78, 316637, 26, 8555, 0
652, 44, 60, 71, 2, 0, 31.71%, 11, 0, 9, 669.70, 320085, 26, 8585, 0
657, 44, 64, 71, 2, 0, 31.71%, 11, 0, 9, 668.45, 323487, 26, 8607, 0
662, 44, 60, 71, 1, 0, 31.71%, 11, 0, 9, 575.48, 326137, 26, 8648, 0
667, 44, 8, 71, 0, 0, 31.71%, 11, 0, 9, 561.56, 329068, 26, 8689, 0
672, 45, 5, 74, 2, 0, 31.71%, 11, 0, 9, 581.80, 332171, 26, 8708, 0
677, 45, 70, 75, 1, 0, 31.71%, 11, 0, 9, 511.58, 334724, 26, 8758, 0
682, 45, 74, 75, 1, 0, 31.71%, 11, 0, 9, 439.81, 337064, 26, 8842, 0
688, 45, 70, 75, 0, 0, 31.71%, 11, 0, 9, 389.67, 338967, 26, 8950, 0
693, 45, 72, 76, 1, 0, 31.71%, 11, 0, 9, 482.70, 341265, 26, 9031, 0
698, 45, 12, 76, 1, 0, 31.71%, 11, 0, 9, 505.61, 343905, 26, 9099, 0
703, 46, 8, 76, 1, 0, 31.71%, 11, 0, 9, 554.61, 346556, 26, 9158, 0
708, 46, 75, 76, 1, 0, 31.71%, 11, 0, 9, 655.76, 349848, 26, 9182, 0
713, 46, 8, 76, 0, 0, 31.71%, 12, 0, 9, 639.19, 353137, 26, 9211, 0
718, 46, 56, 76, 0, 0, 31.71%, 12, 0, 9, 476.23, 355435, 26, 9298, 0
723, 47, 58, 76, 0, 0, 31.71%, 12, 0, 9, 447.87, 357707, 26, 9379, 0
728, 47, 20, 76, 0, 0, 31.71%, 12, 0, 9, 546.67, 360581, 26, 9439, 0
733, 47, 8, 76, 0, 0, 31.71%, 12, 0, 9, 607.59, 363799, 26, 9474, 0
738, 48, 76, 77, 1, 1, 35.37%, 12, 0, 9, 463.64, 365450, 29, 9497, 0
743, 48, 76, 77, 1, 1, 35.37%, 12, 0, 9, 71.21, 365792, 29, 9548, 0
748, 48, 76, 77, 0, 0, 35.37%, 12, 0, 9, 470.78, 367015, 29, 9610, 0
753, 48, 76, 77, 0, 0, 35.37%, 12, 0, 9, 294.96, 368347, 29, 9696, 0
758, 48, 55, 77, 0, 0, 35.37%, 12, 0, 9, 362.48, 370086, 29, 9771, 0
764, 48, 76, 77, 0, 0, 35.37%, 12, 0, 9, 438.35, 372351, 29, 9836, 0
769, 48, 76, 78, 1, 0, 35.37%, 12, 0, 9, 73.53, 372822, 29, 9920, 0
774, 48, 76, 78, 1, 0, 35.37%, 12, 0, 9, 72.13, 373201, 29, 9994, 0
779, 48, 77, 78, 1, 0, 35.37%, 12, 0, 9, 59.20, 374993, 29, 10060, 0
784, 48, 28, 78, 0, 0, 35.37%, 12, 0, 9, 252.78, 376298, 29, 10103, 0
789, 48, 76, 78, 0, 0, 35.37%, 12, 0, 9, 257.03, 377776, 29, 10204, 0
794, 48, 76, 78, 0, 0, 35.37%, 12, 0, 9, 178.77, 378670, 29, 10302, 0
799, 48, 76, 78, 0, 0, 35.37%, 12, 0, 9, 190.65, 379491, 29, 10388, 0
804, 49, 78, 79, 1, 0, 35.37%, 12, 0, 9, 218.20, 380719, 29, 10471, 0
809, 49, 5, 79, 0, 0, 35.37%, 12, 0, 9, 364.25, 381796, 29, 10514, 0
814, 49, 76, 79, 0, 0, 35.37%, 12, 0, 9, 88.50, 383587, 29, 10563, 0
819, 49, 76, 79, 0, 0, 35.37%, 12, 0, 9, 188.79, 384490, 29, 10654, 0
825, 49, 76, 79, 0, 0, 35.37%, 12, 0, 9, 139.75, 385239, 29, 10735, 0
830, 49, 5, 79, 0, 0, 35.37%, 12, 0, 9, 361.97, 387195, 29, 10820, 0
835, 49, 76, 79, 0, 0, 35.37%, 12, 0, 9, 96.71, 388866, 29, 10882, 0
840, 49, 78, 79, 0, 0, 35.37%, 12, 0, 9, 118.46, 389796, 29, 10934, 0
845, 50, 76, 79, 0, 0, 35.37%, 12, 0, 9, 51.31, 391765, 29, 10986, 0
850, 50, 76, 79, 0, 0, 35.37%, 12, 0, 9, 67.49, 392137, 29, 11049, 0
855, 50, 76, 79, 0, 0, 35.37%, 12, 0, 9, 328.55, 393765, 29, 11129, 0
861, 50, 76, 79, 0, 0, 35.37%, 12, 0, 9, 79.68, 394192, 29, 11206, 0
866, 50, 76, 79, 0, 0, 35.37%, 12, 0, 9, 90.93, 395633, 29, 11251, 0
871, 50, 76, 79, 0, 0, 35.37%, 12, 0, 9, 55.08, 397298, 29, 11323, 0
876, 50, 44, 79, 0, 0, 35.37%, 12, 0, 9, 453.82, 397932, 29, 11396, 0
881, 50, 76, 79, 0, 0, 35.37%, 12, 0, 9, 449.37, 400345, 29, 11463, 0
886, 50, 60, 79, 0, 0, 35.37%, 12, 0, 9, 454.95, 402536, 29, 11526, 0
891, 51, 76, 80, 1, 0, 35.37%, 12, 0, 9, 437.71, 404704, 29, 11589, 0
896, 51, 6, 80, 0, 0, 35.37%, 12, 0, 9, 381.81, 406596, 29, 11647, 0
901, 51, 76, 80, 0, 0, 35.37%, 12, 0, 9, 396.22, 408592, 29, 11716, 0
906, 51, 76, 80, 0, 0, 35.37%, 12, 0, 9, 154.27, 409387, 29, 11817, 0
911, 51, 31, 80, 0, 0, 35.37%, 12, 0, 9, 608.92, 411990, 29, 11878, 0
917, 51, 76, 80, 0, 0, 35.37%, 12, 0, 9, 132.03, 413532, 29, 11956, 0
922, 52, 77, 80, 0, 0, 35.37%, 12, 0, 9, 392.40, 415638, 29, 11992, 0
927, 52, 76, 80, 0, 0, 35.37%, 12, 0, 9, 312.55, 417329, 29, 12069, 0
932, 52, 51, 80, 0, 0, 35.37%, 12, 0, 9, 328.05, 418662, 29, 12150, 0
937, 52, 76, 80, 0, 0, 35.37%, 12, 0, 9, 178.67, 419486, 29, 12256, 0
942, 52, 76, 80, 0, 0, 35.37%, 12, 0, 9, 344.69, 421230, 29, 12343, 0
947, 52, 76, 80, 0, 0, 35.37%, 12, 0, 9, 408.75, 423512, 29, 12413, 0
953, 52, 76, 80, 0, 0, 35.37%, 12, 0, 9, 397.71, 425520, 29, 12500, 0
958, 52, 76, 80, 0, 0, 35.37%, 12, 0, 9, 361.43, 427213, 29, 12575, 0
963, 53, 8, 80, 0, 0, 35.37%, 12, 0, 9, 355.91, 428929, 29, 12650, 0
968, 53, 76, 80, 0, 0, 35.37%, 12, 0, 9, 246.43, 430385, 29, 12722, 0
973, 53, 76, 80, 0, 0, 35.37%, 12, 0, 9, 377.76, 432362, 29, 12813, 0
978, 53, 76, 80, 0, 0, 35.37%, 12, 0, 9, 322.97, 434099, 29, 12901, 0
983, 53, 76, 80, 0, 0, 35.37%, 12, 0, 9, 96.33, 434990, 29, 13003, 0
988, 53, 56, 80, 0, 0, 35.37%, 12, 0, 9, 566.33, 436295, 29, 13083, 0
993, 53, 76, 80, 0, 0, 35.37%, 12, 0, 9, 73.97, 437183, 29, 13167, 0
998, 53, 76, 80, 0, 0, 35.37%, 12, 0, 9, 561.70, 438596, 29, 13232, 0
1004, 53, 76, 80, 0, 0, 35.37%, 12, 0, 9, 437.48, 440369, 29, 13304, 0
1009, 54, 76, 80, 0, 0, 35.37%, 12, 0, 9, 533.02, 442988, 29, 13352, 0
1014, 54, 76, 80, 0, 0, 35.37%, 12, 0, 9, 77.48, 444032, 29, 13425, 0
1019, 54, 76, 80, 0, 0, 35.37%, 12, 0, 9, 76.41, 444624, 29, 13510, 0
1024, 54, 76, 80, 0, 0, 35.37%, 12, 0, 9, 78.80, 445423, 29, 13590, 0
1029, 54, 76, 80, 0, 0, 35.37%, 12, 0, 9, 136.07, 446034, 29, 13673, 0
1034, 54, 76, 80, 0, 0, 35.37%, 12, 0, 9, 114.94, 446689, 29, 13760, 0
1039, 54, 76, 80, 0, 0, 35.37%, 12, 0, 9, 192.71, 448036, 29, 13833, 0
1044, 54, 76, 80, 0, 0, 35.37%, 12, 0, 9, 203.24, 449347, 29, 13915, 0
1049, 54, 76, 80, 0, 0, 35.37%, 12, 0, 9, 224.61, 450343, 29, 13999, 0
1055, 54, 76, 80, 0, 0, 35.37%, 12, 0, 9, 201.34, 451385, 29, 14099, 0
1060, 54, 76, 80, 0, 0, 35.37%, 12, 0, 9, 150.55, 452124, 29, 14178, 0
1065, 54, 5, 80, 0, 0, 35.37%, 12, 0, 9, 237.78, 453131, 29, 14258, 0
1070, 54, 55, 80, 0, 0, 35.37%, 12, 0, 9, 222.26, 454341, 29, 14346, 0
1075, 55, 76, 80, 0, 0, 35.37%, 12, 0, 9, 306.24, 456117, 29, 14430, 0
1080, 55, 5, 80, 0, 0, 35.37%, 12, 0, 9, 321.70, 457369, 29, 14516, 0
1085, 55, 76, 80, 0, 0, 35.37%, 12, 0, 9, 328.52, 458831, 29, 14601, 0
1090, 55, 78, 80, 0, 0, 35.37%, 12, 0, 9, 57.81, 459945, 29, 14683, 0
1095, 55, 78, 81, 1, 0, 35.37%, 12, 0, 9, 57.40, 460241, 29, 14738, 0
1100, 55, 78, 81, 1, 0, 35.37%, 12, 0, 9, 58.74, 460549, 29, 14801, 0
1105, 55, 80, 81, 1, 0, 35.37%, 12, 0, 9, 66.39, 461030, 29, 14849, 0
1110, 55, 80, 81, 1, 0, 35.37%, 12, 0, 9, 71.71, 461370, 29, 14853, 0
1116, 55, 76, 81, 0, 0, 35.37%, 12, 0, 9, 165.86, 462352, 29, 14952, 0
1121, 55, 8, 81, 0, 0, 35.37%, 12, 0, 9, 150.26, 463019, 29, 15045, 0
1126, 55, 80, 81, 0, 0, 35.37%, 12, 0, 9, 95.22, 463471, 29, 15060, 0
1131, 55, 80, 81, 0, 0, 35.37%, 12, 0, 9, 36.87, 463701, 29, 15075, 0
1136, 55, 58, 81, 0, 0, 35.37%, 12, 0, 9, 115.03, 464433, 29, 15154, 0
1141, 55, 80, 81, 0, 0, 35.37%, 12, 0, 9, 56.63, 465094, 29, 15212, 0
1146, 55, 80, 81, 0, 0, 35.37%, 12, 0, 9, 66.70, 466474, 29, 15295, 0
1151, 55, 76, 81, 0, 0, 35.37%, 12, 0, 9, 305.34, 467213, 29, 15377, 0
1156, 55, 80, 81, 0, 0, 35.37%, 12, 0, 9, 60.17, 467729, 29, 15430, 0
1161, 55, 63, 81, 0, 0, 35.37%, 12, 0, 9, 375.98, 469156, 29, 15504, 0
1166, 55, 76, 81, 0, 0, 35.37%, 12, 0, 9, 327.58, 470654, 29, 15587, 0
1172, 55, 80, 81, 0, 0, 35.37%, 12, 0, 9, 42.82, 471867, 29, 15665, 0
1177, 55, 80, 81, 0, 0, 35.37%, 12, 0, 9, 545.21, 472405, 29, 15726, 0
1182, 55, 76, 81, 0, 0, 35.37%, 12, 0, 9, 56.47, 472715, 29, 15790, 0
1187, 55, 76, 81, 0, 0, 35.37%, 12, 0, 9, 78.02, 473135, 29, 15876, 0
1192, 55, 80, 81, 0, 0, 35.37%, 12, 0, 9, 70.93, 473502, 29, 15944, 0
1197, 55, 80, 81, 0, 0, 35.37%, 12, 0, 9, 65.22, 473813, 29, 16006, 0
1202, 56, 81, 82, 1, 0, 35.37%, 12, 0, 9, 44.58, 474351, 29, 16051, 0
1207, 56, 81, 82, 1, 0, 35.37%, 12, 0, 9, 57.16, 474642, 29, 16051, 0
1212, 56, 80, 82, 0, 0, 35.37%, 12, 0, 9, 101.83, 475084, 29, 16070, 0
1217, 56, 80, 82, 0, 0, 35.37%, 12, 0, 9, 44.41, 476525, 29, 16133, 0
1222, 56, 80, 82, 0, 0, 35.37%, 12, 0, 9, 139.78, 477163, 29, 16202, 0
1228, 56, 80, 82, 0, 0, 35.37%, 12, 0, 9, 53.67, 478004, 29, 16257, 0
1233, 56, 80, 82, 0, 0, 35.37%, 12, 0, 9, 72.07, 478346, 29, 16320, 0
1238, 56, 80, 82, 0, 0, 35.37%, 12, 0, 9, 278.76, 480025, 29, 16411, 0
1243, 56, 76, 82, 0, 0, 35.37%, 12, 0, 9, 72.67, 481478, 29, 16495, 0
1248, 56, 76, 82, 0, 0, 35.37%, 12, 0, 9, 65.17, 482346, 29, 16580, 0
1253, 56, 70, 82, 0, 0, 35.37%, 12, 0, 9, 258.77, 483693, 29, 16685, 0
1258, 56, 8, 82, 0, 0, 35.37%, 12, 0, 9, 253.97, 484931, 29, 16769, 0
1263, 56, 80, 82, 0, 0, 35.37%, 12, 0, 9, 53.00, 485609, 29, 16825, 0
1268, 56, 76, 82, 0, 0, 35.37%, 12, 0, 9, 156.73, 486514, 29, 16904, 0
1273, 56, 80, 82, 0, 0, 35.37%, 12, 0, 9, 24.39, 487210, 29, 16965, 0
1278, 56, 58, 82, 0, 0, 35.37%, 12, 0, 9, 579.21, 487568, 29, 17012, 0
1284, 57, 76, 82, 0, 0, 35.37%, 12, 0, 9, 99.91, 488607, 29, 17101, 0
1289, 57, 22, 82, 0, 0, 35.37%, 12, 0, 9, 529.11, 490632, 29, 17184, 0
1294, 57, 1, 82, 0, 0, 35.37%, 12, 0, 9, 689.66, 492076, 29, 17254, 0
1299, 57, 80, 82, 0, 0, 35.37%, 12, 0, 9, 49.25, 492437, 29, 17306, 0
1304, 57, 80, 82, 0, 0, 35.37%, 12, 0, 9, 55.56, 492826, 29, 17350, 0
1309, 57, 76, 82, 0, 0, 35.37%, 12, 0, 9, 359.60, 493731, 29, 17433, 0
1314, 57, 80, 82, 0, 0, 35.37%, 12, 0, 9, 46.83, 494793, 29, 17491, 0
1320, 57, 80, 82, 0, 0, 35.37%, 12, 0, 9, 46.98, 495031, 29, 17519, 0
1325, 57, 6, 82, 0, 0, 35.37%, 12, 0, 9, 203.45, 496758, 29, 17600, 0
1330, 57, 80, 82, 0, 0, 35.37%, 12, 0, 9, 210.97, 497876, 29, 17670, 0
1335, 57, 76, 82, 0, 0, 35.37%, 12, 0, 9, 77.19, 498547, 29, 17747, 0
1340, 57, 76, 82, 0, 0, 35.37%, 12, 0, 9, 339.71, 499666, 29, 17844, 0
1345, 57, 80, 82, 0, 0, 35.37%, 12, 0, 9, 58.61, 500738, 29, 17923, 0
1350, 57, 80, 82, 0, 0, 35.37%, 12, 0, 9, 357.15, 501437, 29, 17994, 0
1356, 58, 78, 82, 0, 0, 35.37%, 12, 0, 9, 334.41, 503292, 29, 18070, 0
1361, 58, 80, 82, 0, 0, 35.37%, 12, 0, 9, 70.31, 504436, 29, 18135, 0
1366, 58, 60, 82, 0, 0, 35.37%, 12, 0, 9, 71.78, 504799, 29, 18204, 0
1371, 58, 80, 82, 0, 0, 35.37%, 12, 0, 9, 82.61, 505450, 29, 18256, 0
1376, 58, 80, 82, 0, 0, 35.37%, 12, 0, 9, 49.31, 506292, 29, 18321, 0
1381, 58, 58, 82, 0, 0, 35.37%, 12, 0, 9, 563.95, 507295, 29, 18379, 0
1386, 58, 80, 82, 0, 0, 35.37%, 12, 0, 9, 52.20, 508447, 29, 18431, 0
1391, 58, 80, 82, 0, 0, 35.37%, 12, 0, 9, 100.50, 509589, 29, 18477, 0
1397, 58, 76, 82, 0, 0, 35.37%, 12, 0, 9, 710.94, 510605, 29, 18546, 0
1402, 58, 80, 82, 0, 0, 35.37%, 12, 0, 9, 129.97, 511347, 29, 18616, 0
1407, 58, 76, 82, 0, 0, 35.37%, 12, 0, 9, 207.44, 512407, 29, 18696, 0
1412, 58, 52, 82, 0, 0, 35.37%, 12, 0, 9, 153.10, 513047, 29, 18779, 0
1417, 58, 53, 82, 0, 0, 35.37%, 12, 0, 9, 203.98, 514071, 29, 18878, 0
1422, 58, 80, 82, 0, 0, 35.37%, 12, 0, 9, 124.36, 514673, 29, 18975, 0
1427, 59, 80, 82, 0, 0, 35.37%, 12, 0, 9, 44.94, 516271, 29, 19035, 0
1432, 59, 75, 82, 0, 0, 35.37%, 12, 0, 9, 573.15, 516985, 29, 19100, 0
1438, 59, 77, 83, 1, 0, 35.37%, 12, 0, 9, 79.28, 518358, 29, 19180, 0
1443, 59, 80, 83, 1, 0, 35.37%, 12, 0, 9, 371.34, 520014, 29, 19235, 0
1448, 59, 76, 83, 0, 0, 35.37%, 12, 0, 9, 456.80, 522642, 29, 19294, 0
1453, 59, 80, 83, 0, 0, 35.37%, 12, 0, 9, 89.59, 523762, 29, 19365, 0
1458, 59, 48, 83, 0, 0, 35.37%, 12, 0, 9, 237.93, 525188, 29, 19449, 0
1463, 59, 76, 83, 0, 0, 35.37%, 12, 0, 9, 89.52, 527237, 29, 19509, 0
1468, 59, 78, 83, 0, 0, 35.37%, 12, 0, 9, 157.83, 528052, 29, 19586, 0
1473, 59, 80, 83, 0, 0, 35.37%, 12, 0, 9, 47.51, 528778, 29, 19654, 0
1478, 59, 76, 83, 0, 0, 35.37%, 12, 0, 9, 361.09, 530037, 29, 19726, 0
1484, 59, 76, 83, 0, 0, 35.37%, 12, 0, 9, 362.08, 531563, 29, 19800, 0
1489, 60, 52, 83, 0, 0, 35.37%, 12, 0, 9, 263.68, 532624, 29, 19898, 0
1494, 60, 80, 83, 0, 0, 35.37%, 12, 0, 9, 49.19, 533118, 29, 19962, 0
1499, 60, 58, 83, 0, 0, 35.37%, 12, 0, 9, 323.89, 533970, 29, 20031, 0
1504, 60, 80, 83, 0, 0, 35.37%, 12, 0, 9, 213.19, 535036, 29, 20110, 0
1509, 60, 82, 83, 0, 0, 35.37%, 12, 0, 9, 478.32, 536652, 29, 20186, 0
1514, 60, 78, 83, 0, 0, 35.37%, 12, 0, 9, 67.51, 538011, 29, 20294, 0
1519, 60, 78, 83, 0, 0, 35.37%, 12, 0, 9, 74.15, 538387, 29, 20369, 0
1525, 60, 80, 83, 0, 0, 35.37%, 12, 0, 9, 66.10, 539044, 29, 20431, 0
1530, 60, 80, 83, 0, 0, 35.37%, 12, 0, 9, 73.14, 540742, 29, 20495, 0
1535, 60, 80, 83, 0, 0, 35.37%, 12, 0, 9, 117.70, 541382, 29, 20559, 0
1540, 60, 80, 83, 0, 0, 35.37%, 12, 0, 9, 42.97, 542574, 29, 20660, 0
1545, 60, 76, 83, 0, 0, 35.37%, 12, 0, 9, 88.82, 542992, 29, 20729, 0
1550, 60, 42, 83, 0, 0, 35.37%, 12, 0, 9, 268.24, 544697, 29, 20812, 0
1555, 60, 80, 83, 0, 0, 35.37%, 12, 0, 9, 44.85, 545289, 29, 20873, 0
1560, 60, 5, 83, 0, 0, 35.37%, 12, 0, 9, 406.27, 546805, 29, 20941, 0
1565, 61, 21, 84, 1, 0, 35.37%, 12, 0, 9, 412.21, 547616, 29, 20998, 0
1570, 61, 80, 84, 1, 0, 35.37%, 12, 0, 9, 71.18, 548388, 29, 21080, 0
1575, 61, 83, 85, 2, 0, 35.37%, 12, 0, 9, 300.78, 549289, 29, 21105, 0
1581, 61, 84, 85, 1, 0, 35.37%, 12, 0, 9, 382.81, 551596, 29, 21160, 0
1586, 61, 80, 85, 0, 0, 35.37%, 12, 0, 9, 246.53, 552702, 29, 21209, 0
1591, 61, 80, 85, 0, 0, 35.37%, 12, 0, 9, 61.87, 553887, 29, 21266, 0
1596, 61, 71, 85, 0, 0, 35.37%, 12, 0, 9, 483.45, 554578, 29, 21304, 0
1601, 61, 80, 85, 0, 0, 35.37%, 12, 0, 9, 61.85, 555828, 29, 21358, 0
1606, 61, 80, 85, 0, 0, 35.37%, 12, 0, 9, 57.66, 556779, 29, 21440, 0
1611, 61, 80, 85, 0, 0, 35.37%, 12, 0, 9, 60.14, 557468, 29, 21495, 0
1617, 61, 76, 85, 0, 0, 35.37%, 12, 0, 9, 75.40, 558361, 29, 21552, 0
1622, 61, 76, 85, 0, 0, 35.37%, 12, 0, 9, 429.56, 559931, 29, 21633, 0
1627, 61, 80, 85, 0, 0, 35.37%, 12, 0, 9, 44.81, 560466, 29, 21676, 0
1632, 62, 76, 85, 0, 0, 35.37%, 12, 0, 9, 95.97, 560995, 29, 21740, 0
1637, 62, 6, 85, 0, 0, 35.37%, 12, 0, 9, 173.83, 562855, 29, 21820, 0
1642, 62, 80, 85, 0, 0, 35.37%, 12, 0, 9, 50.00, 564218, 29, 21866, 0
1647, 62, 80, 85, 0, 0, 35.37%, 12, 0, 9, 46.93, 564736, 29, 21929, 0
1653, 62, 76, 85, 0, 0, 35.37%, 12, 0, 9, 482.66, 565171, 29, 21988, 0
1658, 62, 80, 85, 0, 0, 35.37%, 12, 0, 9, 84.20, 566247, 29, 22068, 0
1663, 62, 27, 85, 0, 0, 35.37%, 12, 0, 9, 130.43, 566803, 29, 22136, 0
1668, 62, 80, 85, 0, 0, 35.37%, 12, 0, 9, 44.20, 568006, 29, 22218, 0
1673, 62, 76, 85, 0, 0, 35.37%, 12, 0, 9, 62.11, 568408, 29, 22279, 0
1678, 62, 80, 85, 0, 0, 35.37%, 12, 0, 9, 100.82, 569553, 29, 22362, 0
1683, 62, 76, 85, 0, 0, 35.37%, 12, 0, 9, 171.69, 570689, 29, 22434, 0
1688, 62, 82, 85, 0, 0, 35.37%, 12, 0, 9, 317.99, 572330, 29, 22521, 0
1693, 62, 82, 86, 1, 0, 35.37%, 12, 0, 9, 413.29, 574494, 29, 22603, 0
1698, 62, 9, 86, 1, 0, 35.37%, 12, 0, 9, 467.68, 576872, 29, 22668, 0
1703, 63, 85, 86, 1, 0, 35.37%, 12, 0, 9, 548.50, 579634, 29, 22701, 0
1708, 63, 70, 87, 1, 0, 35.37%, 12, 0, 9, 620.84, 582786, 29, 22711, 0
1713, 63, 82, 87, 1, 0, 35.37%, 12, 0, 9, 261.28, 584501, 29, 22773, 0
1719, 63, 80, 87, 1, 0, 35.37%, 12, 0, 9, 64.20, 585489, 29, 22852, 0
1724, 63, 7, 87, 1, 0, 35.37%, 12, 0, 9, 184.48, 586389, 29, 22931, 0
1729, 63, 60, 87, 1, 0, 35.37%, 12, 0, 9, 236.59, 587760, 29, 23021, 0
1734, 63, 80, 87, 1, 0, 35.37%, 12, 0, 9, 52.05, 588192, 29, 23082, 0
1739, 63, 86, 87, 1, 0, 35.37%, 12, 0, 9, 423.42, 590439, 29, 23096, 0
1744, 63, 76, 87, 0, 0, 35.37%, 12, 0, 9, 100.42, 591246, 29, 23150, 0
1749, 63, 80, 87, 0, 0, 35.37%, 12, 0, 9, 145.19, 592149, 29, 23220, 0
1754, 63, 80, 87, 0, 0, 35.37%, 12, 0, 9, 55.48, 592852, 29, 23279, 0
1759, 63, 80, 87, 0, 0, 35.37%, 12, 0, 9, 59.47, 593179, 29, 23335, 0
1764, 63, 80, 87, 0, 0, 35.37%, 12, 0, 9, 48.78, 594131, 29, 23372, 0
1770, 63, 76, 87, 0, 0, 35.37%, 12, 0, 9, 69.29, 594484, 29, 23438, 0
1775, 63, 80, 87, 0, 0, 35.37%, 12, 0, 9, 84.17, 595030, 29, 23505, 0
1780, 63, 83, 87, 0, 0, 35.37%, 12, 0, 9, 89.16, 595399, 29, 23551, 0
1785, 64, 80, 87, 0, 0, 35.37%, 12, 0, 9, 84.61, 596170, 29, 23598, 0
1790, 64, 80, 87, 0, 0, 35.37%, 12, 0, 9, 85.52, 597003, 29, 23659, 0
1795, 64, 72, 87, 0, 0, 35.37%, 12, 0, 9, 293.78, 598748, 29, 23722, 0
1800, 64, 80, 87, 0, 0, 35.37%, 12, 0, 9, 549.89, 599501, 29, 23771, 0
1805, 64, 76, 87, 0, 0, 35.37%, 12, 0, 9, 81.02, 601063, 29, 23841, 0
1810, 64, 80, 87, 0, 0, 35.37%, 12, 0, 9, 55.47, 601299, 29, 23882, 0
1815, 64, 80, 87, 0, 0, 35.37%, 12, 0, 9, 57.38, 601592, 29, 23938, 0
1821, 64, 80, 87, 0, 0, 35.37%, 12, 0, 9, 54.75, 602670, 29, 23988, 0
1826, 64, 15, 87, 0, 0, 35.37%, 12, 0, 9, 549.60, 603671, 29, 24048, 0
1831, 64, 58, 87, 0, 0, 35.37%, 12, 0, 9, 81.68, 604090, 29, 24104, 0
1836, 64, 58, 87, 0, 0, 35.37%, 12, 0, 9, 356.63, 605605, 29, 24148, 0
1841, 64, 60, 87, 0, 0, 35.37%, 12, 0, 9, 367.79, 607307, 29, 24219, 0
1846, 64, 76, 87, 0, 0, 35.37%, 12, 0, 9, 362.63, 609321, 29, 24308, 0
1851, 65, 80, 87, 0, 0, 35.37%, 12, 0, 9, 415.87, 611492, 29, 24383, 0
1856, 65, 80, 87, 0, 0, 35.37%, 12, 0, 9, 51.89, 611733, 29, 24428, 0
1862, 65, 80, 87, 0, 0, 35.37%, 12, 0, 9, 58.60, 612368, 29, 24495, 0
1867, 65, 80, 87, 0, 0, 35.37%, 12, 0, 9, 57.36, 613411, 29, 24560, 0
1872, 65, 76, 87, 0, 0, 35.37%, 12, 0, 9, 356.46, 613800, 29, 24615, 0
1877, 65, 80, 87, 0, 0, 35.37%, 12, 0, 9, 92.25, 614891, 29, 24681, 0
1882, 65, 76, 87, 0, 0, 35.37%, 12, 0, 9, 187.50, 616476, 29, 24751, 0
1887, 65, 7, 87, 0, 0, 35.37%, 12, 0, 9, 155.93, 617378, 29, 24822, 0
1892, 65, 3, 87, 0, 0, 35.37%, 12, 0, 9, 486.16, 619889, 29, 24878, 0
1897, 65, 80, 87, 0, 0, 35.37%, 12, 0, 9, 56.79, 620688, 29, 24928, 0
1902, 65, 80, 87, 0, 0, 35.37%, 12, 0, 9, 47.41, 621534, 29, 24992, 0
1908, 65, 61, 87, 0, 0, 35.37%, 12, 0, 9, 679.46, 622052, 29, 25028, 0
1913, 66, 5, 87, 0, 0, 35.37%, 12, 0, 9, 389.63, 623949, 29, 25103, 0
1918, 66, 80, 87, 0, 0, 35.37%, 12, 0, 9, 63.36, 624740, 29, 25176, 0
1923, 66, 76, 87, 0, 0, 35.37%, 12, 0, 9, 481.56, 626766, 29, 25251, 0
1928, 66, 80, 87, 0, 0, 35.37%, 12, 0, 9, 47.41, 627746, 29, 25332, 0
1933, 66, 36, 87, 0, 0, 35.37%, 12, 0, 9, 448.28, 628106, 29, 25381, 0
1938, 66, 78, 87, 0, 0, 35.37%, 12, 0, 9, 94.54, 629496, 29, 25442, 0
1943, 66, 58, 87, 0, 0, 35.37%, 12, 0, 9, 144.07, 631143, 29, 25516, 0
1949, 66, 27, 87, 0, 0, 35.37%, 12, 0, 9, 370.13, 632065, 29, 25580, 0
1954, 66, 80, 87, 0, 0, 35.37%, 12, 0, 9, 67.63, 634000, 29, 25646, 0
1959, 66, 76, 87, 0, 0, 35.37%, 12, 0, 9, 57.69, 634931, 29, 25722, 0
1964, 66, 80, 87, 0, 0, 35.37%, 12, 0, 9, 65.35, 635472, 29, 25787, 0
1969, 66, 80, 87, 0, 0, 35.37%, 12, 0, 9, 57.60, 635899, 29, 25842, 0
1974, 67, 80, 87, 0, 0, 35.37%, 12, 0, 9, 61.51, 636514, 29, 25900, 0
1979, 67, 80, 87, 0, 0, 35.37%, 12, 0, 9, 44.70, 637163, 29, 25964, 0
1984, 67, 80, 87, 0, 0, 35.37%, 12, 0, 9, 68.25, 638175, 29, 26009, 0
1990, 67, 80, 87, 0, 0, 35.37%, 12, 0, 9, 50.85, 638418, 29, 26044, 0
1995, 67, 80, 87, 0, 0, 35.37%, 12, 0, 9, 46.61, 638976, 29, 26090, 0
2000, 67, 80, 87, 0, 0, 35.37%, 12, 0, 9, 81.88, 639680, 29, 26156, 0
2005, 67, 31, 87, 0, 0, 35.37%, 12, 0, 9, 489.96, 641472, 29, 26210, 0
2010, 67, 80, 87, 0, 0, 35.37%, 12, 0, 9, 39.83, 641938, 29, 26252, 0
2015, 67, 80, 87, 0, 0, 35.37%, 12, 0, 9, 60.39, 642252, 29, 26312, 0
2020, 67, 80, 87, 0, 0, 35.37%, 12, 0, 9, 52.93, 642929, 29, 26369, 0
2025, 67, 42, 87, 0, 0, 35.37%, 12, 0, 9, 420.61, 644405, 29, 26445, 0
2031, 67, 76, 87, 0, 0, 35.37%, 12, 0, 9, 424.57, 646427, 29, 26501, 0
2036, 67, 80, 87, 0, 0, 35.37%, 12, 0, 9, 396.87, 648557, 29, 26561, 0
2041, 68, 3, 87, 0, 0, 35.37%, 12, 0, 9, 362.84, 649979, 29, 26638, 0
2046, 68, 80, 87, 0, 0, 35.37%, 12, 0, 9, 55.27, 650717, 29, 26673, 0
2051, 68, 76, 87, 0, 0, 35.37%, 12, 0, 9, 191.58, 651911, 29, 26729, 0
2056, 68, 84, 87, 0, 0, 35.37%, 12, 0, 9, 229.95, 653176, 29, 26793, 0
2061, 68, 80, 87, 0, 0, 35.37%, 12, 0, 9, 230.68, 654274, 29, 26861, 0
2067, 68, 76, 87, 0, 0, 35.37%, 12, 0, 9, 190.39, 655051, 29, 26946, 0
2072, 68, 80, 87, 0, 0, 35.37%, 12, 0, 9, 51.11, 656205, 29, 27014, 0
2077, 68, 82, 88, 1, 0, 35.37%, 12, 0, 9, 525.41, 657393, 29, 27049, 0
2082, 68, 87, 88, 1, 0, 35.37%, 12, 0, 9, 631.85, 660711, 29, 27068, 0
2087, 68, 80, 88, 0, 0, 35.37%, 12, 0, 9, 167.75, 661766, 29, 27142, 0
2092, 68, 24, 88, 0, 0, 35.37%, 12, 0, 9, 542.74, 662705, 29, 27224, 0
2097, 68, 69, 88, 0, 0, 35.37%, 12, 0, 9, 53.08, 663987, 29, 27300, 0
2102, 68, 81, 88, 0, 0, 35.37%, 12, 0, 9, 322.44, 665511, 29, 27391, 0
2108, 69, 88, 89, 1, 0, 35.37%, 12, 0, 9, 390.78, 667010, 29, 27428, 0
2113, 69, 80, 89, 0, 0, 35.37%, 12, 0, 9, 354.95, 668006, 29, 27473, 0
2118, 69, 80, 89, 0, 0, 35.37%, 12, 0, 9, 55.63, 669037, 29, 27535, 0
2123, 69, 80, 89, 0, 0, 35.37%, 12, 0, 9, 44.61, 669702, 29, 27590, 0
2128, 69, 80, 89, 0, 0, 35.37%, 12, 0, 9, 75.67, 670408, 29, 27650, 0
2133, 69, 76, 89, 0, 0, 35.37%, 12, 0, 9, 581.85, 671637, 29, 27719, 0
2138, 69, 85, 89, 0, 0, 35.37%, 12, 0, 9, 449.40, 673605, 29, 27795, 0
2143, 69, 56, 89, 0, 0, 35.37%, 12, 0, 9, 353.58, 675062, 29, 27881, 0
2148, 69, 29, 89, 0, 0, 35.37%, 12, 0, 9, 345.13, 676693, 29, 27973, 0
2153, 69, 82, 89, 0, 0, 35.37%, 12, 0, 9, 598.00, 678223, 29, 28069, 0
2159, 69, 60, 89, 0, 0, 35.37%, 12, 0, 9, 517.41, 679152, 29, 28155, 0
2164, 70, 85, 89, 0, 0, 35.37%, 12, 0, 9, 196.15, 680362, 29, 28193, 0
2169, 70, 86, 89, 0, 0, 35.37%, 12, 0, 9, 301.05, 681913, 29, 28280, 0
2174, 70, 80, 89, 0, 0, 35.37%, 12, 0, 9, 65.22, 683307, 29, 28331, 0
2179, 70, 76, 89, 0, 0, 35.37%, 12, 0, 9, 567.29, 684752, 29, 28409, 0
2184, 70, 80, 89, 0, 0, 35.37%, 12, 0, 9, 63.20, 685697, 29, 28452, 0
2190, 70, 80, 89, 0, 0, 35.37%, 12, 0, 9, 57.29, 686689, 29, 28515, 0
2195, 70, 85, 89, 0, 0, 35.37%, 12, 0, 9, 425.42, 687598, 29, 28591, 0
2200, 70, 27, 89, 0, 0, 35.37%, 12, 0, 9, 103.27, 688970, 29, 28675, 0
2205, 70, 80, 89, 0, 0, 35.37%, 12, 0, 9, 50.87, 690831, 29, 28732, 0
2210, 70, 88, 89, 0, 0, 35.37%, 12, 0, 9, 505.06, 692830, 29, 28771, 0
2215, 71, 78, 89, 0, 0, 35.37%, 12, 0, 9, 60.14, 694422, 29, 28835, 0
2220, 71, 78, 89, 0, 0, 35.37%, 12, 0, 9, 51.59, 695637, 29, 28892, 0
2225, 71, 86, 89, 0, 0, 35.37%, 12, 0, 9, 387.14, 697328, 29, 29002, 0
2230, 71, 85, 90, 1, 0, 35.37%, 12, 0, 9, 311.19, 698759, 29, 29079, 0
2235, 71, 8, 90, 1, 0, 35.37%, 12, 0, 9, 312.96, 699987, 29, 29192, 0
2240, 71, 89, 90, 1, 0, 35.37%, 12, 0, 9, 78.18, 700780, 29, 29236, 0
2245, 71, 89, 90, 1, 0, 35.37%, 12, 0, 9, 100.15, 701278, 29, 29236, 0
2250, 71, 89, 90, 1, 0, 35.37%, 12, 0, 9, 51.43, 701478, 29, 29236, 0
2255, 71, 8, 90, 0, 0, 35.37%, 12, 0, 9, 457.84, 702865, 29, 29292, 0
2261, 71, 80, 90, 0, 0, 35.37%, 12, 0, 9, 51.58, 705002, 29, 29354, 0
2266, 71, 81, 90, 0, 0, 35.37%, 12, 0, 9, 481.84, 706400, 29, 29437, 0
2271, 71, 85, 90, 0, 0, 35.37%, 12, 0, 9, 283.44, 706891, 29, 29482, 0
2276, 71, 80, 90, 0, 0, 35.37%, 12, 0, 9, 665.39, 708702, 29, 29534, 0
2281, 71, 34, 90, 0, 0, 35.37%, 12, 0, 9, 409.24, 710236, 29, 29604, 0
2286, 72, 90, 91, 1, 0, 35.37%, 12, 0, 9, 40.07, 710521, 29, 29604, 0
2291, 72, 90, 91, 1, 0, 35.37%, 12, 0, 9, 42.88, 710750, 29, 29604, 0
2296, 72, 90, 91, 1, 0, 35.37%, 12, 0, 9, 41.86, 710995, 29, 29604, 0
2301, 72, 90, 91, 1, 0, 35.37%, 12, 0, 9, 39.46, 711201, 29, 29604, 0
2306, 72, 90, 91, 1, 0, 35.37%, 12, 0, 9, 35.89, 711376, 29, 29605, 0
2311, 72, 53, 91, 0, 0, 35.37%, 12, 0, 9, 83.99, 712205, 29, 29648, 0
2317, 72, 58, 91, 0, 0, 35.37%, 12, 0, 9, 571.81, 714081, 29, 29756, 0
2322, 72, 58, 91, 0, 0, 35.37%, 12, 0, 9, 437.29, 716281, 29, 29841, 0
2327, 72, 89, 91, 0, 0, 35.37%, 12, 0, 9, 108.82, 717736, 29, 29932, 0
2332, 72, 76, 91, 0, 0, 35.37%, 12, 0, 9, 114.31, 718251, 29, 29966, 0
2337, 72, 6, 91, 0, 0, 35.37%, 12, 0, 9, 305.19, 719776, 29, 30022, 0
2342, 72, 51, 91, 0, 0, 35.37%, 12, 0, 9, 346.43, 721557, 29, 30093, 0
2347, 72, 51, 91, 0, 0, 35.37%, 12, 0, 9, 140.32, 722889, 29, 30204, 0
2352, 73, 82, 91, 0, 0, 35.37%, 12, 0, 9, 661.85, 725529, 29, 30251, 0
2357, 73, 13, 91, 0, 0, 35.37%, 12, 0, 9, 486.44, 727494, 29, 30305, 0
2362, 73, 80, 91, 0, 0, 35.37%, 12, 0, 9, 46.42, 728889, 29, 30411, 0
2368, 73, 80, 91, 0, 0, 35.37%, 12, 0, 9, 550.45, 730282, 29, 30470, 0
2373, 73, 60, 91, 0, 0, 35.37%, 12, 0, 9, 776.31, 732103, 29, 30534, 0
2378, 73, 15, 91, 0, 0, 35.37%, 12, 0, 9, 526.49, 734438, 29, 30592, 0
2383, 73, 87, 91, 0, 0, 35.37%, 12, 0, 9, 454.61, 736875, 29, 30661, 0
2388, 73, 16, 91, 0, 0, 35.37%, 12, 0, 9, 443.41, 738468, 29, 30748, 0
2393, 74, 80, 91, 0, 0, 35.37%, 12, 0, 9, 415.77, 740283, 29, 30818, 0
2398, 74, 80, 91, 0, 0, 35.37%, 12, 0, 9, 418.82, 742425, 29, 30879, 0
2404, 74, 42, 91, 0, 0, 35.37%, 12, 0, 9, 358.08, 743778, 29, 30984, 0
2409, 74, 8, 91, 0, 0, 35.37%, 12, 0, 9, 677.01, 745246, 29, 31044, 0
2414, 74, 76, 92, 1, 0, 36.59%, 12, 0, 9, 405.54, 746911, 30, 31107, 0
2419, 74, 53, 92, 1, 0, 36.59%, 12, 0, 9, 392.46, 748549, 30, 31201, 0
2424, 74, 7, 92, 1, 0, 36.59%, 12, 0, 9, 709.36, 749855, 30, 31310, 0
2429, 74, 35, 92, 0, 0, 36.59%, 12, 0, 9, 310.51, 751474, 30, 31366, 0
2434, 75, 53, 92, 0, 0, 36.59%, 12, 0, 9, 326.46, 753140, 30, 31488, 0
2440, 75, 91, 92, 0, 0, 36.59%, 12, 0, 9, 393.88, 754864, 30, 31568, 0
2445, 75, 31, 92, 0, 0, 36.59%, 12, 0, 9, 544.42, 756421, 30, 31620, 0
2450, 75, 84, 92, 0, 0, 36.59%, 12, 0, 9, 84.95, 757257, 30, 31707, 0
2455, 75, 51, 92, 0, 0, 36.59%, 12, 0, 9, 226.88, 758561, 30, 31779, 0
2460, 75, 76, 92, 0, 0, 36.59%, 12, 0, 9, 260.54, 759876, 30, 31828, 0
2465, 75, 80, 92, 0, 0, 36.59%, 12, 0, 9, 58.31, 760918, 30, 31887, 0
2470, 75, 87, 92, 0, 0, 36.59%, 12, 0, 9, 172.72, 761849, 30, 31998, 0
2476, 75, 76, 92, 0, 0, 36.59%, 12, 0, 9, 215.43, 763094, 30, 32097, 0
2481, 75, 3, 92, 0, 0, 36.59%, 12, 0, 9, 502.84, 764893, 30, 32147, 0
2486, 75, 80, 92, 0, 0, 36.59%, 12, 0, 9, 43.17, 766390, 30, 32212, 0
2491, 75, 86, 92, 0, 0, 36.59%, 12, 0, 9, 141.42, 767244, 30, 32311, 0
2496, 76, 85, 92, 0, 0, 36.59%, 12, 0, 9, 263.65, 768704, 30, 32415, 0
2501, 76, 6, 92, 0, 0, 36.59%, 12, 0, 9, 379.85, 770716, 30, 32501, 0
2506, 76, 76, 92, 0, 0, 36.59%, 12, 0, 9, 483.82, 772144, 30, 32571, 0
2512, 76, 90, 92, 0, 0, 36.59%, 12, 0, 9, 35.37, 772955, 30, 32596, 0
2517, 76, 76, 92, 0, 0, 36.59%, 12, 0, 9, 311.15, 774273, 30, 32670, 0
2522, 76, 76, 92, 0, 0, 36.59%, 12, 0, 9, 339.91, 776184, 30, 32722, 0
2527, 76, 76, 92, 0, 0, 36.59%, 12, 0, 9, 556.44, 778137, 30, 32780, 0
2532, 76, 54, 92, 0, 0, 36.59%, 12, 0, 9, 467.23, 779386, 30, 32892, 0
2537, 76, 76, 92, 0, 0, 36.59%, 12, 0, 9, 94.67, 781010, 30, 32952, 0
2542, 77, 76, 92, 0, 0, 36.59%, 12, 0, 9, 66.23, 782983, 30, 33000, 0
2548, 77, 76, 92, 0, 0, 36.59%, 12, 0, 9, 565.11, 784846, 30, 33067, 0
2553, 77, 86, 92, 0, 0, 36.59%, 12, 0, 9, 225.28, 786275, 30, 33158, 0
2558, 77, 7, 92, 0, 0, 36.59%, 12, 0, 9, 52.26, 787631, 30, 33231, 0
2563, 77, 80, 92, 0, 0, 36.59%, 12, 0, 9, 53.76, 789629, 30, 33303, 0
2568, 77, 80, 92, 0, 0, 36.59%, 12, 0, 9, 258.17, 791258, 30, 33379, 0
2573, 77, 81, 92, 0, 0, 36.59%, 12, 0, 9, 58.25, 792536, 30, 33456, 0
2578, 77, 90, 92, 0, 0, 36.59%, 12, 0, 9, 35.47, 793546, 30, 33497, 0
2583, 78, 76, 92, 0, 0, 36.59%, 12, 0, 9, 65.00, 796098, 30, 33514, 0
2588, 78, 58, 92, 0, 0, 36.59%, 12, 0, 9, 156.68, 796851, 30, 33592, 0
2593, 78, 60, 92, 0, 0, 36.59%, 12, 0, 9, 45.70, 798075, 30, 33626, 0
2599, 78, 80, 92, 0, 0, 36.59%, 12, 0, 9, 51.02, 799219, 30, 33701, 0
2604, 78, 84, 92, 0, 0, 36.59%, 12, 0, 9, 117.17, 800423, 30, 33739, 0
2609, 78, 89, 92, 0, 0, 36.59%, 12, 0, 9, 41.24, 801754, 30, 33799, 0
2614, 78, 80, 92, 0, 0, 36.59%, 12, 0, 9, 52.39, 802705, 30, 33824, 0
2619, 78, 85, 92, 0, 0, 36.59%, 12, 0, 9, 221.45, 803924, 30, 33903, 0
2624, 78, 3, 92, 0, 0, 36.59%, 12, 0, 9, 361.93, 805931, 30, 33991, 0
2629, 78, 80, 92, 0, 0, 36.59%, 12, 0, 9, 64.55, 806992, 30, 34016, 0
2635, 79, 58, 92, 0, 0, 36.59%, 12, 0, 9, 791.04, 808301, 30, 34093, 0
2640, 79, 80, 92, 0, 0, 36.59%, 12, 0, 9, 89.29, 810313, 30, 34161, 0
2645, 79, 7, 92, 0, 0, 36.59%, 12, 0, 9, 596.91, 811258, 30, 34214, 0
2650, 79, 60, 92, 0, 0, 36.59%, 12, 0, 9, 169.37, 812646, 30, 34261, 0
2655, 79, 3, 92, 0, 0, 36.59%, 12, 0, 9, 429.13, 815167, 30, 34311, 0
2660, 79, 7, 92, 0, 0, 36.59%, 12, 0, 9, 446.43, 817263, 30, 34355, 0
2665, 80, 6, 92, 0, 0, 36.59%, 12, 0, 9, 425.40, 819367, 30, 34427, 0
2670, 80, 85, 92, 0, 0, 36.59%, 12, 0, 9, 507.37, 821282, 30, 34485, 0
2675, 80, 80, 92, 0, 0, 36.59%, 12, 0, 9, 66.83, 822758, 30, 34525, 0
2680, 80, 76, 92, 0, 0, 36.59%, 12, 0, 9, 55.81, 823786, 30, 34618, 0
2685, 80, 90, 92, 0, 0, 36.59%, 12, 0, 9, 43.74, 825034, 30, 34646, 0
2691, 80, 53, 92, 0, 0, 36.59%, 12, 0, 9, 493.93, 826803, 30, 34708, 0
2696, 80, 80, 92, 0, 0, 36.59%, 12, 0, 9, 46.95, 828765, 30, 34776, 0
2701, 80, 80, 92, 0, 0, 36.59%, 12, 0, 9, 685.73, 830841, 30, 34841, 0
2706, 80, 80, 92, 0, 0, 36.59%, 12, 0, 9, 284.33, 832348, 30, 34922, 0
2711, 81, 76, 92, 0, 0, 36.59%, 12, 0, 9, 369.80, 834548, 30, 34987, 0
2716, 81, 58, 92, 0, 0, 36.59%, 12, 0, 9, 580.93, 835763, 30, 35041, 0
2721, 81, 80, 92, 0, 0, 36.59%, 12, 0, 9, 33.98, 837239, 30, 35093, 0
2726, 81, 87, 92, 0, 0, 36.59%, 12, 0, 9, 346.68, 838937, 30, 35159, 0
2732, 81, 8, 92, 0, 0, 36.59%, 12, 0, 9, 167.36, 840486, 30, 35245, 0
2737, 81, 31, 92, 0, 0, 36.59%, 12, 0, 9, 319.09, 842234, 30, 35322, 0
2742, 81, 84, 92, 0, 0, 36.59%, 12, 0, 9, 329.20, 843882, 30, 35397, 0
2747, 81, 85, 92, 0, 0, 36.59%, 12, 0, 9, 292.78, 845592, 30, 35452, 0
2752, 82, 51, 92, 0, 0, 36.59%, 12, 0, 9, 439.24, 847008, 30, 35520, 0
2758, 82, 9, 92, 0, 0, 36.59%, 12, 0, 9, 764.61, 848198, 30, 35597, 0
2763, 82, 76, 92, 0, 0, 36.59%, 12, 0, 9, 129.67, 849767, 30, 35683, 0
2768, 82, 75, 92, 0, 0, 36.59%, 12, 0, 9, 237.03, 851205, 30, 35754, 0
2773, 82, 22, 92, 0, 0, 36.59%, 12, 0, 9, 240.04, 852523, 30, 35866, 0
2778, 82, 58, 92, 0, 0, 36.59%, 12, 0, 9, 373.63, 854419, 30, 35939, 0
2783, 82, 90, 92, 0, 0, 36.59%, 12, 0, 9, 397.87, 856115, 30, 36003, 0
2788, 82, 76, 92, 0, 0, 36.59%, 12, 0, 9, 70.36, 856531, 30, 36022, 0
2793, 82, 80, 92, 0, 0, 36.59%, 12, 0, 9, 76.45, 858186, 30, 36091, 0
2799, 83, 84, 92, 0, 0, 36.59%, 12, 0, 9, 422.61, 859671, 30, 36174, 0
2804, 83, 80, 92, 0, 0, 36.59%, 12, 0, 9, 60.61, 861217, 30, 36219, 0
2809, 83, 43, 92, 0, 0, 36.59%, 12, 0, 9, 561.48, 862598, 30, 36275, 0
2814, 83, 42, 92, 0, 0, 36.59%, 12, 0, 9, 217.98, 863392, 30, 36335, 0
2819, 83, 7, 92, 0, 0, 36.59%, 12, 0, 9, 399.53, 865573, 30, 36385, 0
2824, 83, 90, 92, 0, 0, 36.59%, 12, 0, 9, 40.10, 866367, 30, 36413, 0
2829, 83, 76, 92, 0, 0, 36.59%, 12, 0, 9, 464.90, 867954, 30, 36458, 0
2835, 83, 87, 92, 0, 0, 36.59%, 12, 0, 9, 35.29, 869626, 30, 36521, 0
2840, 83, 7, 92, 0, 0, 36.59%, 12, 0, 9, 347.58, 871362, 30, 36555, 0
2845, 83, 87, 92, 0, 0, 36.59%, 12, 0, 9, 89.46, 872179, 30, 36618, 0
2850, 83, 74, 92, 0, 0, 36.59%, 12, 0, 9, 449.54, 873826, 30, 36668, 0
2855, 84, 80, 92, 0, 0, 36.59%, 12, 0, 9, 66.38, 874943, 30, 36716, 0
2860, 84, 76, 92, 0, 0, 36.59%, 12, 0, 9, 53.50, 875599, 30, 36770, 0
2865, 84, 87, 92, 0, 0, 36.59%, 12, 0, 9, 268.43, 876951, 30, 36825, 0
2870, 84, 7, 92, 0, 0, 36.59%, 12, 0, 9, 155.96, 878887, 30, 36846, 0
2875, 84, 76, 92, 0, 0, 36.59%, 12, 0, 9, 314.27, 880767, 30, 36945, 0
2881, 84, 80, 92, 0, 0, 36.59%, 12, 0, 9, 53.81, 881411, 30, 36991, 0
2886, 84, 36, 92, 0, 0, 36.59%, 12, 0, 9, 215.11, 883099, 30, 37036, 0
2891, 84, 76, 92, 0, 0, 36.59%, 12, 0, 9, 277.61, 884687, 30, 37126, 0
2896, 84, 76, 92, 0, 0, 36.59%, 12, 0, 9, 506.26, 886291, 30, 37183, 0
2901, 84, 82, 92, 0, 0, 36.59%, 12, 0, 9, 44.52, 886982, 30, 37244, 0
2906, 84, 81, 92, 0, 0, 36.59%, 12, 0, 9, 35.82, 888397, 30, 37293, 0
2911, 85, 43, 92, 0, 0, 36.59%, 12, 0, 9, 577.42, 889902, 30, 37350, 0
2916, 85, 80, 92, 0, 0, 36.59%, 12, 0, 9, 39.48, 891920, 30, 37407, 0
2922, 85, 8, 92, 0, 0, 36.59%, 12, 0, 9, 406.00, 893789, 30, 37500, 0
2927, 85, 51, 92, 0, 0, 36.59%, 12, 0, 9, 150.34, 894926, 30, 37590, 0
2932, 85, 60, 92, 0, 0, 36.59%, 12, 0, 9, 703.60, 896615, 30, 37659, 0
2937, 85, 81, 92, 0, 0, 36.59%, 12, 0, 9, 44.20, 898556, 30, 37714, 0
2942, 85, 75, 92, 0, 0, 36.59%, 12, 0, 9, 427.53, 899917, 30, 37767, 0
2947, 86, 54, 92, 0, 0, 36.59%, 12, 0, 9, 368.58, 901712, 30, 37859, 0
2952, 86, 38, 92, 0, 0, 36.59%, 12, 0, 9, 451.58, 903374, 30, 37888, 0
2957, 86, 70, 92, 0, 0, 36.59%, 12, 0, 9, 411.30, 904936, 30, 37949, 0
2962, 86, 80, 92, 0, 0, 36.59%, 12, 0, 9, 62.73, 905949, 30, 38000, 0
2967, 86, 58, 92, 0, 0, 36.59%, 12, 0, 9, 254.30, 907733, 30, 38043, 0
2972, 86, 76, 92, 0, 0, 36.59%, 12, 0, 9, 59.76, 909280, 30, 38126, 0
2977, 86, 90, 92, 0, 0, 36.59%, 12, 0, 9, 103.26, 911306, 30, 38178, 0
2982, 86, 80, 92, 0, 0, 36.59%, 12, 0, 9, 89.22, 912428, 30, 38242, 0
2988, 86, 31, 92, 0, 0, 36.59%, 12, 0, 9, 393.55, 913683, 30, 38306, 0
2993, 87, 76, 92, 0, 0, 36.59%, 12, 0, 9, 406.06, 915232, 30, 38411, 0
2998, 87, 76, 92, 0, 0, 36.59%, 12, 0, 9, 385.47, 916162, 30, 38477, 0
3003, 87, 76, 92, 0, 0, 36.59%, 12, 0, 9, 635.31, 917489, 30, 38537, 0
3008, 87, 84, 92, 0, 0, 36.59%, 12, 0, 9, 470.92, 919056, 30, 38574, 0
3013, 87, 80, 92, 0, 0, 36.59%, 12, 0, 9, 80.88, 920413, 30, 38631, 0
3018, 87, 84, 92, 0, 0, 36.59%, 12, 0, 9, 452.08, 921943, 30, 38707, 0
3023, 87, 90, 92, 0, 0, 36.59%, 12, 0, 9, 53.37, 923011, 30, 38778, 0
3028, 87, 70, 92, 0, 0, 36.59%, 12, 0, 9, 457.34, 924881, 30, 38839, 0
3033, 87, 87, 92, 0, 0, 36.59%, 12, 0, 9, 324.19, 926312, 30, 38975, 0
3039, 88, 80, 92, 0, 0, 36.59%, 12, 0, 9, 431.73, 927691, 30, 39036, 0
3044, 88, 84, 92, 0, 0, 36.59%, 12, 0, 9, 658.26, 928974, 30, 39086, 0
3049, 88, 15, 92, 0, 0, 36.59%, 12, 0, 9, 740.00, 930435, 30, 39143, 0
3054, 88, 34, 92, 0, 0, 36.59%, 12, 0, 9, 497.56, 931831, 30, 39218, 0
3059, 88, 85, 92, 0, 0, 36.59%, 12, 0, 9, 162.87, 933858, 30, 39280, 0
3064, 88, 91, 92, 0, 0, 36.59%, 12, 0, 9, 628.70, 935140, 30, 39345, 0
3069, 88, 20, 92, 0, 0, 36.59%, 12, 0, 9, 295.74, 937104, 30, 39395, 0
3074, 88, 75, 92, 0, 0, 36.59%, 12, 0, 9, 470.00, 938760, 30, 39439, 0
3079, 88, 80, 92, 0, 0, 36.59%, 12, 0, 9, 53.57, 940369, 30, 39475, 0
3084, 89, 80, 92, 0, 0, 36.59%, 12, 0, 9, 70.36, 942011, 30, 39531, 0
3089, 89, 84, 92, 0, 0, 36.59%, 12, 0, 9, 181.56, 943141, 30, 39579, 0
3095, 89, 58, 92, 0, 0, 36.59%, 12, 0, 9, 529.10, 946155, 30, 39599, 0
3100, 89, 76, 92, 0, 0, 36.59%, 12, 0, 9, 644.93, 947819, 30, 39652, 0
3105, 89, 83, 92, 0, 0, 36.59%, 12, 0, 9, 533.20, 949724, 30, 39709, 0
3110, 89, 85, 92, 0, 0, 36.59%, 12, 0, 9, 464.18, 951956, 30, 39774, 0
3115, 89, 81, 92, 0, 0, 36.59%, 12, 0, 9, 59.07, 952925, 30, 39817, 0
3120, 90, 76, 92, 0, 0, 36.59%, 12, 0, 9, 199.83, 954769, 30, 39876, 0
3125, 90, 80, 92, 0, 0, 36.59%, 12, 0, 9, 51.59, 956434, 30, 39933, 0
3130, 90, 80, 92, 0, 0, 36.59%, 12, 0, 9, 436.92, 958100, 30, 40004, 0
3136, 90, 77, 92, 0, 0, 36.59%, 12, 0, 9, 100.65, 960187, 30, 40040, 0
3141, 90, 80, 92, 0, 0, 36.59%, 12, 0, 9, 109.54, 961974, 30, 40107, 0
3146, 90, 86, 92, 0, 0, 36.59%, 12, 0, 9, 400.83, 963478, 30, 40190, 0
3151, 90, 52, 92, 0, 0, 36.59%, 12, 0, 9, 131.51, 964676, 30, 40304, 0
3156, 90, 74, 92, 0, 0, 36.59%, 12, 0, 9, 421.81, 966988, 30, 40362, 0
3161, 91, 6, 92, 0, 0, 36.59%, 12, 0, 9, 605.65, 968440, 30, 40406, 0
3166, 91, 51, 92, 0, 0, 36.59%, 12, 0, 9, 259.09, 970000, 30, 40486, 0
3171, 91, 62, 92, 0, 0, 36.59%, 12, 0, 9, 354.58, 971265, 30, 40547, 0
3176, 91, 3, 92, 0, 0, 36.59%, 12, 0, 9, 182.70, 972227, 30, 40618, 0
3182, 91, 6, 92, 0, 0, 36.59%, 12, 0, 9, 322.21, 974093, 30, 40724, 0
3187, 91, 21, 92, 0, 0, 36.59%, 12, 0, 9, 226.09, 975060, 30, 40744, 0
3192, 91, 80, 92, 0, 0, 36.59%, 12, 0, 9, 72.49, 976649, 30, 40806, 0
3197, 91, 90, 92, 0, 0, 36.59%, 12, 0, 9, 92.84, 978495, 30, 40876, 0
3202, 91, 85, 92, 0, 0, 36.59%, 12, 0, 9, 598.09, 980505, 30, 40962, 0
3207, 92, 80, 92, 0, 0, 36.59%, 12, 0, 9, 55.19, 982959, 30, 41031, 0
3212, 92, 82, 92, 0, 0, 36.59%, 12, 0, 9, 406.86, 984228, 30, 41102, 0
3217, 92, 80, 92, 0, 0, 36.59%, 12, 0, 9, 70.57, 986130, 30, 41177, 0
3222, 92, 80, 92, 0, 0, 36.59%, 12, 0, 9, 83.62, 987904, 30, 41218, 0
3227, 92, 87, 92, 0, 0, 36.59%, 12, 0, 9, 470.70, 989862, 30, 41278, 0
3233, 92, 58, 92, 0, 0, 36.59%, 12, 0, 9, 583.13, 991947, 30, 41331, 0
3238, 92, 80, 92, 0, 0, 36.59%, 12, 0, 9, 570.03, 993908, 30, 41382, 0
3243, 93, 80, 92, 0, 0, 36.59%, 12, 0, 9, 72.30, 995712, 30, 41445, 0
3248, 93, 90, 93, 1, 0, 36.59%, 12, 0, 9, 43.67, 996906, 30, 41485, 0
3253, 93, 69, 93, 1, 0, 36.59%, 12, 0, 9, 298.51, 997160, 30, 41515, 0
3258, 93, 92, 93, 1, 0, 36.59%, 12, 0, 9, 36.50, 997451, 30, 41545, 0
3263, 93, 92, 93, 1, 0, 36.59%, 12, 0, 9, 36.39, 997643, 30, 41545, 0
3268, 93, 92, 93, 1, 0, 36.59%, 12, 0, 9, 38.58, 997850, 30, 41545, 0
3273, 93, 92, 93, 1, 0, 36.59%, 12, 0, 9, 34.98, 998022, 30, 41545, 0
3278, 93, 92, 93, 1, 0, 36.59%, 12, 0, 9, 39.43, 998254, 30, 41545, 0
3283, 93, 92, 93, 1, 0, 36.59%, 12, 0, 9, 35.91, 998437, 30, 41545, 0
3288, 93, 92, 93, 1, 0, 36.59%, 12, 0, 9, 34.57, 998610, 30, 41545, 0
3293, 93, 92, 93, 1, 0, 36.59%, 12, 0, 9, 34.38, 998786, 30, 41545, 0
3299, 93, 80, 93, 0, 0, 36.59%, 12, 0, 9, 254.94, 999403, 30, 41556, 0
3304, 93, 80, 93, 0, 0, 36.59%, 12, 0, 9, 38.19, 1001012, 30, 41599, 0
3309, 93, 6, 93, 0, 0, 36.59%, 12, 0, 9, 560.00, 1002417, 30, 41657, 0
3314, 93, 80, 93, 0, 0, 36.59%, 12, 0, 9, 60.50, 1004289, 30, 41708, 0
3319, 93, 76, 93, 0, 0, 36.59%, 12, 0, 9, 430.14, 1005490, 30, 41751, 0
3324, 93, 80, 93, 0, 0, 36.59%, 12, 0, 9, 139.50, 1006982, 30, 41804, 0
3329, 94, 85, 93, 0, 0, 36.59%, 12, 0, 9, 311.85, 1008573, 30, 41857, 0
3334, 94, 80, 93, 0, 0, 36.59%, 12, 0, 9, 289.03, 1010083, 30, 41922, 0
3339, 94, 80, 93, 0, 0, 36.59%, 12, 0, 9, 60.81, 1011010, 30, 41982, 0
3345, 94, 80, 93, 0, 0, 36.59%, 12, 0, 9, 54.71, 1011964, 30, 42037, 0
3350, 94, 76, 93, 0, 0, 36.59%, 12, 0, 9, 70.30, 1012992, 30, 42093, 0
3355, 94, 58, 93, 0, 0, 36.59%, 12, 0, 9, 280.00, 1013512, 30, 42134, 0
3360, 94, 78, 93, 0, 0, 36.59%, 12, 0, 9, 420.22, 1014909, 30, 42205, 0
3365, 94, 8, 93, 0, 0, 36.59%, 12, 0, 9, 416.16, 1016003, 30, 42264, 0
3370, 94, 80, 93, 0, 0, 36.59%, 12, 0, 9, 56.36, 1017028, 30, 42310, 0
3375, 94, 55, 93, 0, 0, 36.59%, 12, 0, 9, 382.28, 1018638, 30, 42407, 0
3380, 94, 54, 93, 0, 0, 36.59%, 12, 0, 9, 314.52, 1020132, 30, 42506, 0
3385, 94, 92, 93, 0, 0, 36.59%, 12, 0, 9, 36.25, 1021672, 30, 42578, 0
3390, 95, 76, 93, 0, 0, 36.59%, 12, 0, 9, 240.80, 1022059, 30, 42603, 0
3395, 95, 60, 93, 0, 0, 36.59%, 12, 0, 9, 320.30, 1023703, 30, 42679, 0
3401, 95, 78, 93, 0, 0, 36.59%, 12, 0, 9, 329.05, 1025287, 30, 42769, 0
3406, 95, 76, 93, 0, 0, 36.59%, 12, 0, 9, 320.92, 1026954, 30, 42853, 0
3411, 95, 87, 93, 0, 0, 36.59%, 12, 0, 9, 623.80, 1028975, 30, 42914, 0
3416, 95, 92, 93, 0, 0, 36.59%, 12, 0, 9, 35.21, 1029681, 30, 42921, 0
3421, 95, 80, 93, 0, 0, 36.59%, 12, 0, 9, 365.39, 1031217, 30, 42993, 0
3426, 95, 6, 93, 0, 0, 36.59%, 12, 0, 9, 588.08, 1032952, 30, 43051, 0
3431, 95, 76, 93, 0, 0, 36.59%, 12, 0, 9, 94.41, 1034307, 30, 43122, 0
3436, 95, 6, 93, 0, 0, 36.59%, 12, 0, 9, 340.39, 1036063, 30, 43208, 0
3441, 96, 93, 94, 1, 0, 36.59%, 12, 0, 9, 35.20, 1037365, 30, 43250, 0
3447, 96, 93, 94, 1, 0, 36.59%, 12, 0, 9, 39.68, 1037580, 30, 43250, 0
3452, 96, 93, 94, 1, 0, 36.59%, 12, 0, 9, 48.63, 1037835, 30, 43250, 0
3457, 96, 93, 94, 1, 0, 36.59%, 12, 0, 9, 37.27, 1038011, 30, 43250, 0
3462, 96, 93, 94, 1, 0, 36.59%, 12, 0, 9, 61.00, 1038368, 30, 43250, 0
3467, 96, 93, 94, 1, 0, 36.59%, 12, 0, 9, 40.01, 1038542, 30, 43250, 0
3472, 96, 93, 94, 1, 0, 36.59%, 12, 0, 9, 35.99, 1038720, 30, 43250, 0
3477, 96, 93, 95, 2, 0, 36.59%, 12, 0, 9, 35.59, 1038904, 30, 43250, 0
3482, 96, 93, 95, 2, 0, 36.59%, 12, 0, 9, 35.49, 1039087, 30, 43250, 0
3487, 96, 80, 95, 1, 0, 36.59%, 12, 0, 9, 53.68, 1039820, 30, 43287, 0
3493, 96, 90, 95, 1, 0, 36.59%, 12, 0, 9, 36.90, 1040295, 30, 43321, 0
3498, 96, 81, 95, 1, 0, 36.59%, 12, 0, 9, 50.13, 1042408, 30, 43375, 0
3503, 96, 7, 95, 1, 0, 36.59%, 12, 0, 9, 468.19, 1044414, 30, 43428, 0
3508, 96, 94, 95, 1, 0, 36.59%, 12, 0, 9, 35.52, 1044759, 30, 43430, 0
3513, 96, 94, 95, 1, 0, 36.59%, 12, 0, 9, 38.37, 1044961, 30, 43430, 0
3518, 96, 94, 95, 1, 0, 36.59%, 12, 0, 9, 35.91, 1045182, 30, 43430, 0
3523, 96, 94, 95, 1, 0, 36.59%, 12, 0, 9, 55.84, 1045435, 30, 43430, 0
3528, 96, 94, 95, 1, 0, 36.59%, 12, 0, 9, 48.42, 1045708, 30, 43430, 0
3533, 96, 94, 95, 1, 0, 36.59%, 12, 0, 9, 37.54, 1045885, 30, 43430, 0
3538, 96, 94, 95, 1, 0, 36.59%, 12, 0, 9, 35.28, 1046065, 30, 43430, 0
3544, 96, 80, 95, 0, 0, 36.59%, 12, 0, 9, 92.05, 1046437, 30, 43453, 0
3549, 96, 86, 95, 0, 0, 36.59%, 12, 0, 9, 175.25, 1047258, 30, 43555, 0
3554, 96, 80, 95, 0, 0, 36.59%, 12, 0, 9, 279.30, 1049088, 30, 43659, 0
3559, 96, 58, 95, 0, 0, 36.59%, 12, 0, 9, 626.67, 1050631, 30, 43715, 0
3564, 96, 86, 95, 0, 0, 36.59%, 12, 0, 9, 654.02, 1051940, 30, 43828, 0
3569, 96, 80, 95, 0, 0, 36.59%, 12, 0, 9, 71.34, 1053508, 30, 43921, 0
3574, 96, 90, 95, 0, 0, 36.59%, 12, 0, 9, 38.68, 1055034, 30, 43946, 0
3579, 96, 87, 95, 0, 0, 36.59%, 12, 0, 9, 338.93, 1056064, 30, 43985, 0
3584, 97, 7, 95, 0, 0, 36.59%, 12, 0, 9, 641.04, 1057755, 30, 44031, 0
3589, 97, 86, 95, 0, 0, 36.59%, 12, 0, 9, 506.31, 1060109, 30, 44107, 0
3594, 97, 8, 95, 0, 0, 36.59%, 12, 0, 9, 633.47, 1062617, 30, 44151, 0
3599, 97, 7, 95, 0, 0, 36.59%, 12, 0, 9, 659.53, 1065410, 30, 44186, 0
3605, 97, 80, 95, 0, 0, 36.59%, 12, 0, 9, 47.72, 1067240, 30, 44240, 0
3610, 97, 80, 95, 0, 0, 36.59%, 12, 0, 9, 91.38, 1068229, 30, 44318, 0
3615, 97, 90, 95, 0, 0, 36.59%, 12, 0, 9, 40.29, 1069139, 30, 44345, 0
3620, 97, 93, 95, 0, 0, 36.59%, 12, 0, 9, 35.38, 1070355, 30, 44435, 0
3625, 97, 5, 95, 0, 0, 36.59%, 12, 0, 9, 440.00, 1071554, 30, 44479, 0
3630, 98, 82, 95, 0, 0, 36.59%, 12, 0, 9, 441.15, 1073789, 30, 44566, 0
3635, 98, 76, 95, 0, 0, 36.59%, 12, 0, 9, 533.47, 1075560, 30, 44612, 0
3640, 98, 60, 95, 0, 0, 36.59%, 12, 0, 9, 624.75, 1077835, 30, 44644, 0
3646, 98, 80, 95, 0, 0, 36.59%, 12, 0, 9, 68.95, 1079295, 30, 44703, 0
3651, 98, 80, 95, 0, 0, 36.59%, 12, 0, 9, 88.79, 1080982, 30, 44749, 0
3656, 98, 89, 95, 0, 0, 36.59%, 12, 0, 9, 78.75, 1082570, 30, 44778, 0
3661, 98, 90, 95, 0, 0, 36.59%, 12, 0, 9, 34.99, 1084147, 30, 44817, 0
3666, 98, 60, 95, 0, 0, 36.59%, 12, 0, 9, 502.39, 1084951, 30, 44848, 0
3671, 98, 92, 95, 0, 0, 36.59%, 12, 0, 9, 63.70, 1085772, 30, 44896, 0
3676, 98, 12, 95, 0, 0, 36.59%, 12, 0, 9, 555.80, 1086441, 30, 44933, 0
3681, 98, 80, 95, 0, 0, 36.59%, 12, 0, 9, 438.21, 1088587, 30, 44985, 0
3686, 99, 7, 95, 0, 0, 36.59%, 12, 0, 9, 461.51, 1089862, 30, 45042, 0
3692, 99, 33, 95, 0, 0, 36.59%, 12, 0, 9, 456.50, 1091443, 30, 45063, 0
3697, 99, 80, 95, 0, 0, 36.59%, 12, 0, 9, 375.29, 1093055, 30, 45146, 0
3702, 99, 93, 95, 0, 0, 36.59%, 12, 0, 9, 36.00, 1094087, 30, 45174, 0
3707, 99, 80, 95, 0, 0, 36.59%, 12, 0, 9, 102.39, 1095750, 30, 45246, 0
3712, 99, 76, 95, 0, 0, 36.59%, 12, 0, 9, 93.92, 1096507, 30, 45316, 0
3717, 99, 80, 95, 0, 0, 36.59%, 12, 0, 9, 485.66, 1098622, 30, 45385, 0
3723, 99, 80, 95, 0, 0, 36.59%, 12, 0, 9, 486.96, 1100873, 30, 45417, 0
3728, 99, 80, 95, 0, 0, 36.59%, 12, 0, 9, 60.25, 1102169, 30, 45501, 0
3733, 99, 76, 95, 0, 0, 36.59%, 12, 0, 9, 262.58, 1103454, 30, 45591, 0
3738, 100, 80, 95, 0, 0, 36.59%, 12, 0, 9, 406.99, 1105656, 30, 45654, 0
3743, 100, 88, 95, 0, 0, 36.59%, 12, 0, 9, 476.81, 1107188, 30, 45714, 0
3748, 100, 58, 95, 0, 0, 36.59%, 12, 0, 9, 239.01, 1108660, 30, 45802, 0
3753, 100, 80, 95, 0, 0, 36.59%, 12, 0, 9, 392.96, 1110900, 30, 45884, 0
3758, 100, 80, 95, 0, 0, 36.59%, 12, 0, 9, 59.61, 1111204, 30, 45941, 0
3764, 100, 18, 95, 0, 0, 36.59%, 12, 0, 9, 495.49, 1111826, 30, 45947, 0
3769, 100, 90, 95, 0, 0, 36.59%, 12, 0, 9, 81.65, 1113215, 30, 46037, 0
3774, 100, 80, 95, 0, 0, 36.59%, 12, 0, 9, 404.96, 1115238, 30, 46133, 0
3779, 100, 80, 95, 0, 0, 36.59%, 12, 0, 9, 350.06, 1117034, 30, 46223, 0
3784, 100, 80, 95, 0, 0, 36.59%, 12, 0, 9, 90.39, 1118855, 30, 46279, 0
3789, 100, 80, 95, 0, 0, 36.59%, 12, 0, 9, 103.83, 1120180, 30, 46327, 0
3794, 100, 90, 95, 0, 0, 36.59%, 12, 0, 9, 35.89, 1121030, 30, 46367, 0
3799, 101, 71, 95, 0, 0, 36.59%, 12, 0, 9, 646.61, 1121949, 30, 46399, 0
3804, 101, 60, 95, 0, 0, 36.59%, 12, 0, 9, 657.21, 1123660, 30, 46466, 0
3809, 101, 80, 95, 0, 0, 36.59%, 12, 0, 9, 469.17, 1125418, 30, 46526, 0
3815, 101, 92, 95, 0, 0, 36.59%, 12, 0, 9, 57.19, 1126223, 30, 46565, 0
3820, 101, 81, 95, 0, 0, 36.59%, 12, 0, 9, 606.26, 1126990, 30, 46582, 0
3825, 101, 80, 95, 0, 0, 36.59%, 12, 0, 9, 37.38, 1128453, 30, 46669, 0
3830, 101, 77, 95, 0, 0, 36.59%, 12, 0, 9, 619.79, 1129299, 30, 46711, 0
3835, 101, 5, 95, 0, 0, 36.59%, 12, 0, 9, 99.18, 1130480, 30, 46763, 0
3840, 101, 93, 95, 0, 0, 36.59%, 12, 0, 9, 60.52, 1131736, 30, 46813, 0
3845, 101, 80, 95, 0, 0, 36.59%, 12, 0, 9, 592.04, 1132781, 30, 46858, 0
3850, 101, 94, 95, 0, 0, 36.59%, 12, 0, 9, 66.71, 1133651, 30, 46898, 0
3855, 101, 80, 95, 0, 0, 36.59%, 12, 0, 9, 93.96, 1134561, 30, 46929, 0
3860, 102, 53, 95, 0, 0, 36.59%, 12, 0, 9, 148.34, 1136655, 30, 46999, 0
3865, 102, 5, 95, 0, 0, 36.59%, 12, 0, 9, 359.70, 1138431, 30, 47071, 0
3870, 102, 80, 95, 0, 0, 36.59%, 12, 0, 9, 55.72, 1139590, 30, 47118, 0
3876, 102, 6, 95, 0, 0, 36.59%, 12, 0, 9, 511.53, 1140987, 30, 47186, 0
3881, 102, 80, 95, 0, 0, 36.59%, 12, 0, 9, 81.45, 1141769, 30, 47222, 0
3886, 102, 80, 95, 0, 0, 36.59%, 12, 0, 9, 73.77, 1143603, 30, 47270, 0
3891, 102, 58, 95, 0, 0, 36.59%, 12, 0, 9, 323.30, 1144443, 30, 47314, 0
3896, 102, 86, 95, 0, 0, 36.59%, 12, 0, 9, 412.00, 1146446, 30, 47412, 0
3901, 102, 42, 95, 0, 0, 36.59%, 12, 0, 9, 288.34, 1147893, 30, 47546, 0
3906, 102, 60, 95, 0, 0, 36.59%, 12, 0, 9, 482.93, 1150612, 30, 47603, 0
3911, 103, 80, 95, 0, 0, 36.59%, 12, 0, 9, 49.26, 1152408, 30, 47655, 0
3916, 103, 24, 95, 0, 0, 36.59%, 12, 0, 9, 434.59, 1153921, 30, 47733, 0
3921, 103, 8, 95, 0, 0, 36.59%, 12, 0, 9, 62.65, 1155802, 30, 47802, 0
3927, 103, 92, 95, 0, 0, 36.59%, 12, 0, 9, 44.39, 1156531, 30, 47855, 0
3932, 103, 5, 95, 0, 0, 36.59%, 12, 0, 9, 465.72, 1157920, 30, 47892, 0
3937, 103, 80, 95, 0, 0, 36.59%, 12, 0, 9, 54.69, 1159389, 30, 47942, 0
3942, 103, 60, 95, 0, 0, 36.59%, 12, 0, 9, 556.62, 1161278, 30, 48015, 0
3947, 103, 25, 95, 0, 0, 36.59%, 12, 0, 9, 316.24, 1161862, 30, 48030, 0
3952, 103, 31, 95, 0, 0, 36.59%, 12, 0, 9, 288.30, 1163408, 30, 48150, 0
3957, 103, 53, 95, 0, 0, 36.59%, 12, 0, 9, 49.08, 1164524, 30, 48211, 0
3962, 103, 7, 95, 0, 0, 36.59%, 12, 0, 9, 590.28, 1166057, 30, 48279, 0
3967, 103, 27, 95, 0, 0, 36.59%, 12, 0, 9, 74.16, 1167303, 30, 48333, 0
3973, 104, 94, 95, 0, 0, 36.59%, 12, 0, 9, 34.75, 1168658, 30, 48380, 0
3978, 104, 3, 95, 0, 0, 36.59%, 12, 0, 9, 642.19, 1170229, 30, 48412, 0
3983, 104, 76, 95, 0, 0, 36.59%, 12, 0, 9, 116.88, 1171453, 30, 48490, 0
3988, 104, 80, 95, 0, 0, 36.59%, 12, 0, 9, 247.20, 1172698, 30, 48540, 0
3993, 104, 60, 95, 0, 0, 36.59%, 12, 0, 9, 493.74, 1173808, 30, 48593, 0
3998, 104, 74, 95, 0, 0, 36.59%, 12, 0, 9, 370.99, 1175545, 30, 48660, 0
4003, 104, 32, 95, 0, 0, 36.59%, 12, 0, 9, 339.69, 1177146, 30, 48724, 0
4008, 104, 23, 95, 0, 0, 36.59%, 12, 0, 9, 103.18, 1178829, 30, 48760, 0
4013, 104, 93, 95, 0, 0, 36.59%, 12, 0, 9, 34.55, 1180416, 30, 48814, 0
4018, 104, 5, 95, 0, 0, 36.59%, 12, 0, 9, 536.10, 1181691, 30, 48824, 0
4023, 105, 80, 95, 0, 0, 36.59%, 12, 0, 9, 34.19, 1183226, 30, 48854, 0
4028, 105, 80, 95, 0, 0, 36.59%, 12, 0, 9, 38.11, 1184610, 30, 48894, 0
4034, 105, 43, 95, 0, 0, 36.59%, 12, 0, 9, 408.37, 1186191, 30, 48958, 0
4039, 105, 3, 95, 0, 0, 36.59%, 12, 0, 9, 373.19, 1187908, 30, 49037, 0
4044, 105, 30, 95, 0, 0, 36.59%, 12, 0, 9, 469.37, 1190260, 30, 49108, 0
4049, 105, 92, 95, 0, 0, 36.59%, 12, 0, 9, 55.71, 1191175, 30, 49148, 0
4054, 105, 80, 95, 0, 0, 36.59%, 12, 0, 9, 84.88, 1191576, 30, 49176, 0
4059, 105, 80, 95, 0, 0, 36.59%, 12, 0, 9, 56.25, 1193102, 30, 49219, 0
4064, 105, 55, 95, 0, 0, 36.59%, 12, 0, 9, 83.78, 1193961, 30, 49296, 0
4069, 105, 94, 95, 0, 0, 36.59%, 12, 0, 9, 34.73, 1194430, 30, 49332, 0
4075, 105, 90, 95, 0, 0, 36.59%, 12, 0, 9, 35.00, 1195875, 30, 49370, 0
4080, 105, 80, 95, 0, 0, 36.59%, 12, 0, 9, 292.52, 1196537, 30, 49390, 0
4085, 106, 80, 95, 0, 0, 36.59%, 12, 0, 9, 56.14, 1197728, 30, 49459, 0
4090, 106, 90, 95, 0, 0, 36.59%, 12, 0, 9, 81.77, 1198801, 30, 49531, 0
4095, 106, 89, 95, 0, 0, 36.59%, 12, 0, 9, 104.84, 1200199, 30, 49556, 0
4100, 106, 8, 95, 0, 0, 36.59%, 12, 0, 9, 272.35, 1201368, 30, 49588, 0
4105, 106, 94, 95, 0, 0, 36.59%, 12, 0, 9, 41.72, 1202996, 30, 49636, 0
4110, 106, 7, 95, 0, 0, 36.59%, 12, 0, 9, 198.85, 1204111, 30, 49683, 0
4115, 106, 80, 95, 0, 0, 36.59%, 12, 0, 9, 46.30, 1204934, 30, 49721, 0
4120, 106, 31, 95, 0, 0, 36.59%, 12, 0, 9, 391.57, 1206857, 30, 49828, 0
4126, 106, 87, 95, 0, 0, 36.59%, 12, 0, 9, 462.32, 1208378, 30, 49851, 0
4131, 106, 80, 95, 0, 0, 36.59%, 12, 0, 9, 70.59, 1210752, 30, 49890, 0
4136, 106, 80, 95, 0, 0, 36.59%, 12, 0, 9, 99.87, 1212143, 30, 49955, 0
4141, 106, 80, 95, 0, 0, 36.59%, 12, 0, 9, 84.03, 1212536, 30, 50008, 0
4146, 106, 6, 95, 0, 0, 36.59%, 12, 0, 9, 637.47, 1215185, 30, 50059, 0
4151, 107, 6, 95, 0, 0, 36.59%, 12, 0, 9, 625.00, 1216237, 30, 50105, 0
4156, 107, 80, 95, 0, 0, 36.59%, 12, 0, 9, 77.68, 1217322, 30, 50161, 0
4161, 107, 88, 95, 0, 0, 36.59%, 12, 0, 9, 592.53, 1218762, 30, 50237, 0
4166, 107, 80, 95, 0, 0, 36.59%, 12, 0, 9, 210.73, 1220413, 30, 50339, 0
4172, 107, 93, 95, 0, 0, 36.59%, 12, 0, 9, 33.52, 1222261, 30, 50413, 0
4177, 107, 80, 95, 0, 0, 36.59%, 12, 0, 9, 66.30, 1222557, 30, 50434, 0
4182, 107, 92, 95, 0, 0, 36.59%, 12, 0, 9, 74.75, 1223041, 30, 50476, 0
4187, 107, 77, 95, 0, 0, 36.59%, 12, 0, 9, 258.20, 1224374, 30, 50522, 0
4192, 107, 93, 95, 0, 0, 36.59%, 12, 0, 9, 40.18, 1225369, 30, 50547, 0
4197, 107, 58, 95, 0, 0, 36.59%, 12, 0, 9, 436.70, 1227352, 30, 50572, 0
4202, 107, 80, 95, 0, 0, 36.59%, 12, 0, 9, 45.87, 1229411, 30, 50609, 0
4207, 108, 80, 95, 0, 0, 36.59%, 12, 0, 9, 46.44, 1230427, 30, 50655, 0
4212, 108, 80, 95, 0, 0, 36.59%, 12, 0, 9, 404.55, 1232385, 30, 50730, 0
4218, 108, 94, 95, 0, 0, 36.59%, 12, 0, 9, 46.43, 1233596, 30, 50753, 0
4223, 108, 90, 95, 0, 0, 36.59%, 12, 0, 9, 85.84, 1234554, 30, 50793, 0
4228, 108, 35, 95, 0, 0, 36.59%, 12, 0, 9, 233.36, 1235708, 30, 50822, 0
4233, 108, 80, 95, 0, 0, 36.59%, 12, 0, 9, 51.77, 1236607, 30, 50893, 0
4238, 108, 56, 95, 0, 0, 36.59%, 12, 0, 9, 575.80, 1238986, 30, 50942, 0
4243, 108, 80, 95, 0, 0, 36.59%, 12, 0, 9, 63.63, 1240495, 30, 51006, 0
4248, 108, 92, 95, 0, 0, 36.59%, 12, 0, 9, 85.01, 1241537, 30, 51043, 0
4253, 108, 24, 95, 0, 0, 36.59%, 12, 0, 9, 136.60, 1242542, 30, 51087, 0
4258, 108, 47, 95, 0, 0, 36.59%, 12, 0, 9, 288.80, 1244186, 30, 51158, 0
4264, 109, 80, 95, 0, 0, 36.59%, 12, 0, 9, 51.51, 1245843, 30, 51216, 0
4269, 109, 94, 95, 0, 0, 36.59%, 12, 0, 9, 36.03, 1246770, 30, 51264, 0
4274, 109, 7, 95, 0, 0, 36.59%, 12, 0, 9, 449.97, 1247342, 30, 51292, 0
4279, 109, 80, 95, 0, 0, 36.59%, 12, 0, 9, 52.45, 1248780, 30, 51361, 0
4284, 109, 58, 95, 0, 0, 36.59%, 12, 0, 9, 468.33, 1251091, 30, 51419, 0
4289, 109, 27, 95, 0, 0, 36.59%, 12, 0, 9, 385.70, 1252186, 30, 51453, 0
4294, 109, 80, 95, 0, 0, 36.59%, 12, 0, 9, 53.38, 1252859, 30, 51533, 0
4299, 109, 54, 95, 0, 0, 36.59%, 12, 0, 9, 366.28, 1254757, 30, 51618, 0
4304, 109, 60, 95, 0, 0, 36.59%, 12, 0, 9, 508.59, 1257229, 30, 51679, 0
4309, 109, 68, 95, 0, 0, 36.59%, 12, 0, 9, 415.00, 1257769, 30, 51701, 0
4315, 109, 80, 95, 0, 0, 36.59%, 12, 0, 9, 74.55, 1258397, 30, 51784, 0
4320, 109, 5, 95, 0, 0, 36.59%, 12, 0, 9, 298.39, 1258762, 30, 51799, 0
4325, 109, 94, 95, 0, 0, 36.59%, 12, 0, 9, 33.10, 1259643, 30, 51834, 0
4330, 109, 89, 95, 0, 0, 36.59%, 12, 0, 9, 51.69, 1260153, 30, 51837, 0
4335, 110, 58, 95, 0, 0, 36.59%, 12, 0, 9, 514.53, 1262829, 30, 51885, 0
4340, 110, 94, 95, 0, 0, 36.59%, 12, 0, 9, 38.22, 1263766, 30, 51893, 0
4345, 110, 76, 95, 0, 0, 36.59%, 12, 0, 9, 534.76, 1264911, 30, 51980, 0
4350, 110, 90, 95, 0, 0, 36.59%, 12, 0, 9, 64.52, 1266621, 30, 52055, 0
4355, 110, 58, 95, 0, 0, 36.59%, 12, 0, 9, 754.91, 1267367, 30, 52116, 0
4360, 110, 92, 95, 0, 0, 36.59%, 12, 0, 9, 36.50, 1268184, 30, 52129, 0
4365, 110, 52, 95, 0, 0, 36.59%, 12, 0, 9, 523.84, 1270837, 30, 52184, 0
4370, 110, 81, 95, 0, 0, 36.59%, 12, 0, 9, 62.65, 1272692, 30, 52244, 0
4376, 110, 80, 95, 0, 0, 36.59%, 12, 0, 9, 94.91, 1273557, 30, 52297, 0
4381, 110, 36, 95, 0, 0, 36.59%, 12, 0, 9, 573.67, 1275280, 30, 52364, 0
4386, 111, 80, 95, 0, 0, 36.59%, 12, 0, 9, 38.25, 1276259, 30, 52421, 0
4391, 111, 80, 95, 0, 0, 36.59%, 12, 0, 9, 45.13, 1277018, 30, 52504, 0
4396, 111, 93, 95, 0, 0, 36.59%, 12, 0, 9, 34.09, 1278848, 30, 52553, 0
4402, 111, 92, 95, 0, 0, 36.59%, 12, 0, 9, 355.44, 1279345, 30, 52574, 0
4407, 111, 87, 95, 0, 0, 36.59%, 12, 0, 9, 645.37, 1280494, 30, 52602, 0
4412, 111, 5, 95, 0, 0, 36.59%, 12, 0, 9, 485.03, 1282695, 30, 52673, 0
4417, 111, 93, 95, 0, 0, 36.59%, 12, 0, 9, 35.71, 1283724, 30, 52678, 0
4422, 111, 8, 95, 0, 0, 36.59%, 12, 0, 9, 493.68, 1284641, 30, 52734, 0
4427, 111, 87, 95, 0, 0, 36.59%, 12, 0, 9, 432.70, 1286763, 30, 52818, 0
4432, 111, 8, 95, 0, 0, 36.59%, 12, 0, 9, 273.63, 1288152, 30, 52870, 0
4437, 111, 92, 95, 0, 0, 36.59%, 12, 0, 9, 38.35, 1289098, 30, 52873, 0
4442, 111, 91, 95, 0, 0, 36.59%, 12, 0, 9, 637.20, 1290637, 30, 52938, 0
4447, 111, 80, 95, 0, 0, 36.59%, 12, 0, 9, 60.56, 1292199, 30, 53006, 0
4453, 111, 89, 95, 0, 0, 36.59%, 12, 0, 9, 78.74, 1292871, 30, 53047, 0
4458, 112, 87, 95, 0, 0, 36.59%, 12, 0, 9, 759.02, 1294053, 30, 53095, 0
4463, 112, 80, 95, 0, 0, 36.59%, 12, 0, 9, 71.23, 1295845, 30, 53171, 0
4468, 112, 76, 95, 0, 0, 36.59%, 12, 0, 9, 432.14, 1296551, 30, 53226, 0
4473, 112, 94, 95, 0, 0, 36.59%, 12, 0, 9, 45.14, 1298047, 30, 53269, 0
4478, 112, 68, 95, 0, 0, 36.59%, 12, 0, 9, 416.89, 1298965, 30, 53338, 0
4483, 112, 93, 95, 0, 0, 36.59%, 12, 0, 9, 52.44, 1299255, 30, 53369, 0
4488, 112, 76, 95, 0, 0, 36.59%, 12, 0, 9, 198.93, 1300469, 30, 53452, 0
4493, 112, 82, 95, 0, 0, 36.59%, 12, 0, 9, 388.45, 1302569, 30, 53516, 0
4498, 112, 90, 95, 0, 0, 36.59%, 12, 0, 9, 38.70, 1303240, 30, 53550, 0
4503, 112, 83, 95, 0, 0, 36.59%, 12, 0, 9, 423.09, 1305329, 30, 53610, 0
4509, 112, 76, 95, 0, 0, 36.59%, 12, 0, 9, 115.24, 1306366, 30, 53710, 0
4514, 112, 76, 95, 0, 0, 36.59%, 12, 0, 9, 241.10, 1307674, 30, 53784, 0
4519, 112, 82, 95, 0, 0, 36.59%, 12, 0, 9, 155.82, 1308275, 30, 53876, 0
4524, 112, 52, 95, 0, 0, 36.59%, 12, 0, 9, 329.83, 1310069, 30, 53955, 0
4529, 113, 3, 95, 0, 0, 36.59%, 12, 0, 9, 308.54, 1311373, 30, 54034, 0
4534, 113, 94, 95, 0, 0, 36.59%, 12, 0, 9, 36.89, 1312615, 30, 54072, 0
4539, 113, 80, 95, 0, 0, 36.59%, 12, 0, 9, 46.67, 1313506, 30, 54091, 0
4544, 113, 58, 95, 0, 0, 36.59%, 12, 0, 9, 87.73, 1314476, 30, 54161, 0
4550, 113, 74, 95, 0, 0, 36.59%, 12, 0, 9, 742.57, 1316733, 30, 54208, 0
4555, 113, 80, 95, 0, 0, 36.59%, 12, 0, 9, 40.86, 1317832, 30, 54302, 0
4560, 113, 89, 95, 0, 0, 36.59%, 12, 0, 9, 66.25, 1319010, 30, 54378, 0
4565, 113, 62, 95, 0, 0, 36.59%, 12, 0, 9, 576.10, 1320511, 30, 54447, 0
4570, 113, 60, 95, 0, 0, 36.59%, 12, 0, 9, 606.97, 1322141, 30, 54526, 0
4575, 113, 51, 95, 0, 0, 36.59%, 12, 0, 9, 99.88, 1323756, 30, 54590, 0
4580, 113, 80, 95, 0, 0, 36.59%, 12, 0, 9, 69.71, 1325760, 30, 54674, 0
4586, 113, 80, 95, 0, 0, 36.59%, 12, 0, 9, 67.79, 1326192, 30, 54734, 0
4591, 114, 7, 95, 0, 0, 36.59%, 12, 0, 9, 457.50, 1327804, 30, 54786, 0
4596, 114, 80, 95, 0, 0, 36.59%, 12, 0, 9, 398.41, 1328824, 30, 54822, 0
4601, 114, 67, 95, 0, 0, 36.59%, 12, 0, 9, 470.36, 1331125, 30, 54875, 0
4606, 114, 81, 95, 0, 0, 36.59%, 12, 0, 9, 44.88, 1332716, 30, 54922, 0
4611, 114, 90, 95, 0, 0, 36.59%, 12, 0, 9, 37.66, 1333721, 30, 54957, 0
4617, 114, 80, 95, 0, 0, 36.59%, 12, 0, 9, 77.14, 1334410, 30, 54992, 0
4622, 114, 80, 95, 0, 0, 36.59%, 12, 0, 9, 101.72, 1335230, 30, 55069, 0
4627, 114, 80, 95, 0, 0, 36.59%, 12, 0, 9, 151.19, 1336979, 30, 55163, 0
4632, 114, 8, 95, 0, 0, 36.59%, 12, 0, 9, 398.01, 1337414, 30, 55225, 0
4637, 114, 30, 95, 0, 0, 36.59%, 12, 0, 9, 449.74, 1339293, 30, 55311, 0
4642, 114, 89, 95, 0, 0, 36.59%, 12, 0, 9, 226.40, 1340202, 30, 55426, 0
4647, 114, 21, 95, 0, 0, 36.59%, 12, 0, 9, 361.66, 1341872, 30, 55487, 0
4653, 115, 26, 95, 0, 0, 36.59%, 12, 0, 9, 96.28, 1343966, 30, 55553, 0
4658, 115, 22, 95, 0, 0, 36.59%, 12, 0, 9, 105.93, 1344823, 30, 55649, 0
4663, 115, 89, 95, 0, 0, 36.59%, 12, 0, 9, 341.06, 1346831, 30, 55703, 0
4668, 115, 6, 95, 0, 0, 36.59%, 12, 0, 9, 373.81, 1348813, 30, 55785, 0
4673, 115, 80, 95, 0, 0, 36.59%, 12, 0, 9, 562.73, 1349701, 30, 55807, 0
4678, 115, 5, 95, 0, 0, 36.59%, 12, 0, 9, 466.25, 1350277, 30, 55863, 0
4683, 115, 31, 95, 0, 0, 36.59%, 12, 0, 9, 566.53, 1353387, 30, 55902, 0
4688, 115, 22, 95, 0, 0, 36.59%, 12, 0, 9, 397.80, 1355155, 30, 56027, 0
4693, 115, 58, 95, 0, 0, 36.59%, 12, 0, 9, 386.37, 1356997, 30, 56134, 0
4698, 116, 40, 95, 0, 0, 36.59%, 12, 0, 9, 468.71, 1359426, 30, 56206, 0
4704, 116, 80, 95, 0, 0, 36.59%, 12, 0, 9, 54.84, 1360006, 30, 56256, 0
4709, 116, 52, 95, 0, 0, 36.59%, 12, 0, 9, 92.73, 1360468, 30, 56328, 0
4714, 116, 90, 95, 0, 0, 36.59%, 12, 0, 9, 82.09, 1360988, 30, 56399, 0
4719, 116, 85, 95, 0, 0, 36.59%, 12, 0, 9, 286.04, 1362405, 30, 56446, 0
4724, 116, 55, 95, 0, 0, 36.59%, 12, 0, 9, 412.21, 1364615, 30, 56501, 0
4729, 116, 90, 95, 0, 0, 36.59%, 12, 0, 9, 57.11, 1365412, 30, 56590, 0
4734, 116, 58, 95, 0, 0, 36.59%, 12, 0, 9, 333.84, 1366898, 30, 56680, 0
4739, 116, 58, 95, 0, 0, 36.59%, 12, 0, 9, 467.04, 1369420, 30, 56732, 0
4744, 116, 8, 95, 0, 0, 36.59%, 12, 0, 9, 649.63, 1371120, 30, 56816, 0
4749, 116, 80, 95, 0, 0, 36.59%, 12, 0, 9, 102.68, 1372092, 30, 56904, 0
4755, 116, 80, 95, 0, 0, 36.59%, 12, 0, 9, 51.61, 1374206, 30, 56962, 0
4760, 117, 76, 95, 0, 0, 36.59%, 12, 0, 9, 82.02, 1375528, 30, 57024, 0
4765, 117, 6, 95, 0, 0, 36.59%, 12, 0, 9, 276.28, 1376917, 30, 57103, 0
4770, 117, 80, 95, 0, 0, 36.59%, 12, 0, 9, 388.33, 1379193, 30, 57160, 0
4775, 117, 60, 95, 0, 0, 36.59%, 12, 0, 9, 410.42, 1381138, 30, 57239, 0
4780, 117, 80, 95, 0, 0, 36.59%, 12, 0, 9, 64.00, 1382746, 30, 57293, 0
4786, 117, 29, 95, 0, 0, 36.59%, 12, 0, 9, 401.50, 1383656, 30, 57361, 0
4791, 117, 12, 95, 0, 0, 36.59%, 12, 0, 9, 530.98, 1385413, 30, 57422, 0
4796, 117, 5, 95, 0, 0, 36.59%, 12, 0, 9, 597.15, 1387513, 30, 57482, 0
4801, 117, 90, 95, 0, 0, 36.59%, 12, 0, 9, 169.19, 1388473, 30, 57541, 0
4806, 118, 58, 96, 0, 0, 36.59%, 12, 0, 9, 124.49, 1389999, 30, 57576, 0
4811, 118, 3, 96, 0, 0, 36.59%, 12, 0, 9, 371.26, 1392095, 30, 57613, 0
4816, 118, 80, 96, 0, 0, 36.59%, 12, 0, 9, 506.61, 1394601, 30, 57661, 0
4821, 118, 93, 96, 0, 0, 36.59%, 12, 0, 9, 62.22, 1396800, 30, 57698, 0
4826, 118, 76, 96, 0, 0, 36.59%, 12, 0, 9, 399.33, 1398010, 30, 57770, 0
4831, 118, 53, 96, 0, 0, 36.59%, 12, 0, 9, 111.35, 1398839, 30, 57870, 0
4836, 118, 55, 96, 0, 0, 36.59%, 12, 0, 9, 478.18, 1400923, 30, 57934, 0
4841, 118, 92, 96, 0, 0, 36.59%, 12, 0, 9, 45.11, 1403014, 30, 57997, 0
4847, 118, 76, 96, 0, 0, 36.59%, 12, 0, 9, 257.79, 1403775, 30, 58065, 0
4852, 119, 87, 96, 0, 0, 36.59%, 12, 0, 9, 506.77, 1406499, 30, 58107, 0
4857, 119, 3, 96, 0, 0, 36.59%, 12, 0, 9, 741.29, 1407501, 30, 58122, 0
4862, 119, 3, 96, 0, 0, 36.59%, 12, 0, 9, 469.94, 1409079, 30, 58168, 0
4867, 119, 94, 96, 0, 0, 36.59%, 12, 0, 9, 42.75, 1410697, 30, 58205, 0
4872, 119, 22, 96, 0, 0, 36.59%, 12, 0, 9, 83.24, 1411546, 30, 58247, 0
4877, 119, 5, 96, 0, 0, 36.59%, 12, 0, 9, 516.06, 1412965, 30, 58309, 0
4882, 119, 8, 96, 0, 0, 36.59%, 12, 0, 9, 513.27, 1414819, 30, 58375, 0
4887, 119, 94, 96, 0, 0, 36.59%, 12, 0, 9, 37.07, 1415386, 30, 58393, 0
4893, 119, 80, 96, 0, 0, 36.59%, 12, 0, 9, 46.22, 1416600, 30, 58471, 0
4898, 119, 7, 96, 0, 0, 36.59%, 12, 0, 9, 680.85, 1417298, 30, 58474, 0
4903, 119, 90, 96, 0, 0, 36.59%, 12, 0, 9, 41.75, 1418733, 30, 58520, 0
4908, 119, 1, 96, 0, 0, 36.59%, 12, 0, 9, 446.43, 1419565, 30, 58560, 0
4913, 120, 80, 96, 0, 0, 36.59%, 12, 0, 9, 54.06, 1421203, 30, 58590, 0
4918, 120, 87, 96, 0, 0, 36.59%, 12, 0, 9, 409.95, 1422324, 30, 58668, 0
4923, 120, 80, 96, 0, 0, 36.59%, 12, 0, 9, 47.28, 1423224, 30, 58760, 0
4928, 120, 80, 96, 0, 0, 36.59%, 12, 0, 9, 572.01, 1424782, 30, 58824, 0
4933, 120, 27, 96, 0, 0, 36.59%, 12, 0, 9, 70.91, 1425376, 30, 58871, 0
4938, 120, 53, 96, 0, 0, 36.59%, 12, 0, 9, 127.58, 1426297, 30, 58945, 0
4944, 120, 58, 96, 0, 0, 36.59%, 12, 0, 9, 614.10, 1427329, 30, 58989, 0
4949, 120, 6, 96, 0, 0, 36.59%, 12, 0, 9, 658.44, 1429048, 30, 59020, 0
4954, 120, 8, 96, 0, 0, 36.59%, 12, 0, 9, 524.32, 1431285, 30, 59066, 0
4959, 120, 8, 96, 0, 0, 36.59%, 12, 0, 9, 370.02, 1432579, 30, 59131, 0
4964, 120, 80, 96, 0, 0, 36.59%, 12, 0, 9, 39.47, 1434676, 30, 59182, 0
4969, 120, 3, 96, 0, 0, 36.59%, 12, 0, 9, 636.54, 1436614, 30, 59214, 0
4974, 121, 37, 96, 0, 0, 36.59%, 12, 0, 9, 601.16, 1438383, 30, 59286, 0
4979, 121, 61, 96, 0, 0, 36.59%, 12, 0, 9, 560.36, 1440374, 30, 59356, 0
4985, 121, 80, 96, 0, 0, 36.59%, 12, 0, 9, 43.89, 1440773, 30, 59361, 0
4990, 121, 80, 96, 0, 0, 36.59%, 12, 0, 9, 49.35, 1441251, 30, 59420, 0
4995, 121, 21, 96, 0, 0, 36.59%, 12, 0, 9, 501.79, 1443395, 30, 59468, 0
5000, 121, 92, 96, 0, 0, 36.59%, 12, 0, 9, 56.90, 1443897, 30, 59503, 0
5005, 121, 86, 96, 0, 0, 36.59%, 12, 0, 9, 473.35, 1445279, 30, 59550, 0
5010, 121, 24, 96, 0, 0, 36.59%, 12, 0, 9, 607.10, 1446768, 30, 59599, 0
5015, 121, 90, 96, 0, 0, 36.59%, 12, 0, 9, 342.36, 1448064, 30, 59643, 0
5020, 121, 75, 96, 0, 0, 36.59%, 12, 0, 9, 584.85, 1449173, 30, 59687, 0
5025, 121, 80, 96, 0, 0, 36.59%, 12, 0, 9, 43.38, 1449371, 30, 59697, 0
5031, 121, 80, 96, 0, 0, 36.59%, 12, 0, 9, 76.41, 1450517, 30, 59745, 0
5036, 121, 25, 96, 0, 0, 36.59%, 12, 0, 9, 434.03, 1452299, 30, 59773, 0
5041, 122, 0, 96, 0, 0, 36.59%, 12, 0, 9, 593.00, 1453975, 30, 59827, 0
5046, 122, 80, 96, 0, 0, 36.59%, 12, 0, 9, 58.86, 1455457, 30, 59878, 0
5051, 122, 89, 96, 0, 0, 36.59%, 12, 0, 9, 39.20, 1456068, 30, 59883, 0
5056, 122, 92, 96, 0, 0, 36.59%, 12, 0, 9, 66.54, 1457250, 30, 59920, 0
5061, 122, 76, 96, 0, 0, 36.59%, 12, 0, 9, 392.29, 1458139, 30, 59976, 0
5066, 122, 58, 96, 0, 0, 36.59%, 12, 0, 9, 133.62, 1459341, 30, 60070, 0
5071, 122, 7, 96, 0, 0, 36.59%, 12, 0, 9, 421.73, 1461832, 30, 60133, 0
5077, 122, 88, 96, 0, 0, 36.59%, 12, 0, 9, 173.45, 1462778, 30, 60199, 0
5082, 122, 58, 96, 0, 0, 36.59%, 12, 0, 9, 388.95, 1464347, 30, 60246, 0
5087, 122, 80, 96, 0, 0, 36.59%, 12, 0, 9, 46.69, 1465550, 30, 60290, 0
5092, 122, 80, 96, 0, 0, 36.59%, 12, 0, 9, 517.49, 1467100, 30, 60333, 0
5097, 123, 80, 96, 0, 0, 36.59%, 12, 0, 9, 84.39, 1469214, 30, 60373, 0
5102, 123, 76, 96, 0, 0, 36.59%, 12, 0, 9, 106.13, 1470008, 30, 60423, 0
5107, 123, 92, 96, 0, 0, 36.59%, 12, 0, 9, 69.34, 1471073, 30, 60480, 0
5112, 123, 80, 96, 0, 0, 36.59%, 12, 0, 9, 76.38, 1472457, 30, 60529, 0
5117, 123, 27, 96, 0, 0, 36.59%, 12, 0, 9, 493.91, 1473892, 30, 60575, 0
5123, 123, 80, 96, 0, 0, 36.59%, 12, 0, 9, 104.00, 1475056, 30, 60643, 0
5128, 123, 92, 96, 0, 0, 36.59%, 12, 0, 9, 313.41, 1475403, 30, 60659, 0
5133, 123, 1, 96, 0, 0, 36.59%, 12, 0, 9, 618.65, 1477464, 30, 60708, 0
5138, 123, 83, 96, 0, 0, 36.59%, 12, 0, 9, 299.80, 1478729, 30, 60747, 0
5143, 123, 60, 96, 0, 0, 36.59%, 12, 0, 9, 439.28, 1481128, 30, 60805, 0
5148, 123, 53, 96, 0, 0, 36.59%, 12, 0, 9, 262.34, 1482633, 30, 60896, 0
5153, 123, 5, 96, 0, 0, 36.59%, 12, 0, 9, 427.84, 1484176, 30, 60961, 0
5159, 124, 51, 96, 0, 0, 36.59%, 12, 0, 9, 504.46, 1487057, 30, 61003, 0
5164, 124, 58, 96, 0, 0, 36.59%, 12, 0, 9, 632.75, 1488713, 30, 61066, 0
5169, 124, 26, 96, 0, 0, 36.59%, 12, 0, 9, 702.61, 1490220, 30, 61128, 0
5174, 124, 80, 96, 0, 0, 36.59%, 12, 0, 9, 58.58, 1492120, 30, 61231, 0
5179, 124, 80, 96, 0, 0, 36.59%, 12, 0, 9, 83.66, 1493836, 30, 61288, 0
5184, 124, 80, 96, 0, 0, 36.59%, 12, 0, 9, 47.12, 1495240, 30, 61349, 0
5189, 124, 80, 96, 0, 0, 36.59%, 12, 0, 9, 56.75, 1495972, 30, 61399, 0
5194, 124, 26, 96, 0, 0, 36.59%, 12, 0, 9, 65.97, 1496282, 30, 61460, 0
5199, 124, 58, 96, 0, 0, 36.59%, 12, 0, 9, 533.02, 1497750, 30, 61541, 0
5204, 124, 54, 96, 0, 0, 36.59%, 12, 0, 9, 539.57, 1500254, 30, 61591, 0
5210, 125, 58, 96, 0, 0, 36.59%, 12, 0, 9, 684.44, 1501848, 30, 61665, 0
5215, 125, 60, 96, 0, 0, 36.59%, 12, 0, 9, 418.82, 1503748, 30, 61717, 0
5220, 125, 8, 96, 0, 0, 36.59%, 12, 0, 9, 543.68, 1505503, 30, 61770, 0
5225, 125, 94, 96, 0, 0, 36.59%, 12, 0, 9, 37.10, 1506164, 30, 61796, 0
5230, 125, 87, 96, 0, 0, 36.59%, 12, 0, 9, 397.89, 1507489, 30, 61854, 0
5235, 125, 89, 96, 0, 0, 36.59%, 12, 0, 9, 317.17, 1509009, 30, 61915, 0
5240, 125, 58, 96, 0, 0, 36.59%, 12, 0, 9, 278.99, 1510122, 30, 61983, 0
5245, 125, 53, 96, 0, 0, 36.59%, 12, 0, 9, 570.32, 1511592, 30, 62055, 0
5251, 125, 95, 96, 0, 0, 36.59%, 12, 0, 9, 545.54, 1514061, 30, 62124, 0
5256, 125, 60, 96, 0, 0, 36.59%, 12, 0, 9, 736.32, 1515821, 30, 62205, 0
5261, 125, 76, 96, 0, 0, 36.59%, 12, 0, 9, 100.03, 1517285, 30, 62269, 0
5266, 125, 51, 96, 0, 0, 36.59%, 12, 0, 9, 407.82, 1518301, 30, 62368, 0
5271, 125, 3, 96, 0, 0, 36.59%, 12, 0, 9, 394.06, 1520170, 30, 62458, 0
5276, 126, 85, 96, 0, 0, 36.59%, 12, 0, 9, 438.55, 1521847, 30, 62510, 0
5281, 126, 80, 96, 0, 0, 36.59%, 12, 0, 9, 77.25, 1522818, 30, 62592, 0
5286, 126, 88, 96, 0, 0, 36.59%, 12, 0, 9, 665.90, 1525386, 30, 62639, 0
5291, 126, 90, 96, 0, 0, 36.59%, 12, 0, 9, 566.25, 1526533, 30, 62701, 0
5296, 126, 3, 96, 0, 0, 36.59%, 12, 0, 9, 581.26, 1527286, 30, 62722, 0
5302, 126, 5, 96, 0, 0, 36.59%, 12, 0, 9, 73.18, 1527592, 30, 62734, 0
5307, 126, 5, 96, 0, 0, 36.59%, 12, 0, 9, 692.48, 1528905, 30, 62763, 0
5312, 126, 80, 96, 0, 0, 36.59%, 12, 0, 9, 64.81, 1531140, 30, 62832, 0
5317, 126, 76, 96, 0, 0, 36.59%, 12, 0, 9, 438.04, 1533412, 30, 62908, 0
5322, 126, 5, 96, 0, 0, 36.59%, 12, 0, 9, 701.77, 1535696, 30, 62969, 0
5327, 127, 80, 96, 0, 0, 36.59%, 12, 0, 9, 50.98, 1537697, 30, 63030, 0
5332, 127, 80, 96, 0, 0, 36.59%, 12, 0, 9, 737.86, 1538401, 30, 63085, 0
5337, 127, 80, 96, 0, 0, 36.59%, 12, 0, 9, 50.00, 1539987, 30, 63166, 0
5342, 127, 80, 96, 0, 0, 36.59%, 12, 0, 9, 53.08, 1541024, 30, 63233, 0
5348, 127, 8, 96, 0, 0, 36.59%, 12, 0, 9, 742.57, 1542359, 30, 63287, 0
5353, 127, 67, 96, 0, 0, 36.59%, 12, 0, 9, 470.68, 1543635, 30, 63378, 0
5358, 127, 80, 96, 0, 0, 36.59%, 12, 0, 9, 57.05, 1545893, 30, 63434, 0
5363, 127, 80, 96, 0, 0, 36.59%, 12, 0, 9, 510.13, 1547639, 30, 63522, 0
5368, 127, 80, 96, 0, 0, 36.59%, 12, 0, 9, 95.32, 1548895, 30, 63591, 0
5373, 127, 73, 96, 0, 0, 36.59%, 12, 0, 9, 586.00, 1550488, 30, 63636, 0
5379, 128, 80, 96, 0, 0, 36.59%, 12, 0, 9, 68.34, 1552353, 30, 63703, 0
5384, 128, 80, 96, 0, 0, 36.59%, 12, 0, 9, 91.25, 1553614, 30, 63762, 0
5389, 128, 80, 96, 0, 0, 36.59%, 12, 0, 9, 85.65, 1555121, 30, 63819, 0
5394, 128, 6, 96, 0, 0, 36.59%, 12, 0, 9, 402.61, 1556799, 30, 63904, 0
5399, 128, 7, 96, 0, 0, 36.59%, 12, 0, 9, 511.08, 1559431, 30, 63957, 0
5404, 128, 58, 96, 0, 0, 36.59%, 12, 0, 9, 475.17, 1561674, 30, 64026, 0
5409, 128, 24, 96, 0, 0, 36.59%, 12, 0, 9, 530.01, 1563259, 30, 64116, 0
5414, 128, 80, 96, 0, 0, 36.59%, 12, 0, 9, 88.89, 1564108, 30, 64201, 0
5419, 128, 67, 96, 0, 0, 36.59%, 12, 0, 9, 631.55, 1567159, 30, 64230, 0
5424, 129, 94, 96, 0, 0, 36.59%, 12, 0, 9, 45.04, 1568849, 30, 64256, 0
5429, 129, 6, 96, 0, 0, 36.59%, 12, 0, 9, 485.23, 1569740, 30, 64297, 0
5434, 129, 94, 96, 0, 0, 36.59%, 12, 0, 9, 37.15, 1570461, 30, 64322, 0
5440, 129, 60, 96, 0, 0, 36.59%, 12, 0, 9, 616.71, 1571598, 30, 64352, 0
5445, 129, 60, 96, 0, 0, 36.59%, 12, 0, 9, 444.02, 1573316, 30, 64409, 0
5450, 129, 12, 96, 0, 0, 36.59%, 12, 0, 9, 389.68, 1575598, 30, 64506, 0
5455, 129, 70, 96, 0, 0, 36.59%, 12, 0, 9, 465.77, 1577799, 30, 64571, 0
5460, 129, 80, 96, 0, 0, 36.59%, 12, 0, 9, 77.38, 1579680, 30, 64625, 0
5465, 129, 91, 96, 0, 0, 36.59%, 12, 0, 9, 656.83, 1581457, 30, 64661, 0
5470, 129, 90, 96, 0, 0, 36.59%, 12, 0, 9, 115.57, 1583226, 30, 64700, 0
5475, 129, 54, 96, 0, 0, 36.59%, 12, 0, 9, 533.23, 1583880, 30, 64737, 0
5480, 130, 5, 96, 0, 0, 36.59%, 12, 0, 9, 492.78, 1585375, 30, 64783, 0
5486, 130, 92, 96, 0, 0, 36.59%, 12, 0, 9, 60.29, 1586713, 30, 64878, 0
5491, 130, 87, 96, 0, 0, 36.59%, 12, 0, 9, 542.43, 1587897, 30, 64918, 0
5496, 130, 8, 97, 1, 0, 36.59%, 12, 0, 9, 448.96, 1589761, 30, 65043, 0
5501, 130, 80, 97, 1, 0, 36.59%, 12, 0, 9, 443.40, 1591178, 30, 65108, 0
5506, 130, 96, 97, 1, 0, 36.59%, 12, 0, 9, 710.32, 1592760, 30, 65143, 0
5511, 130, 80, 97, 0, 0, 36.59%, 12, 0, 9, 65.62, 1594744, 30, 65233, 0
5516, 130, 58, 97, 0, 0, 36.59%, 12, 0, 9, 323.11, 1596069, 30, 65313, 0
5521, 130, 54, 97, 0, 0, 36.59%, 12, 0, 9, 332.39, 1596619, 30, 65337, 0
5527, 130, 58, 97, 0, 0, 36.59%, 12, 0, 9, 445.48, 1598721, 30, 65441, 0
5532, 130, 5, 97, 0, 0, 36.59%, 12, 0, 9, 590.73, 1600781, 30, 65495, 0
5537, 130, 93, 97, 0, 0, 36.59%, 12, 0, 9, 55.47, 1601514, 30, 65526, 0
5542, 130, 37, 97, 0, 0, 36.59%, 12, 0, 9, 353.23, 1602008, 30, 65594, 0
5547, 130, 80, 97, 0, 0, 36.59%, 12, 0, 9, 60.44, 1603227, 30, 65650, 0
5553, 131, 6, 97, 0, 0, 36.59%, 12, 0, 9, 458.71, 1604165, 30, 65721, 0
5558, 131, 80, 97, 0, 0, 36.59%, 12, 0, 9, 77.92, 1606024, 30, 65789, 0
5563, 131, 90, 97, 0, 0, 36.59%, 12, 0, 9, 417.07, 1608312, 30, 65868, 0
5568, 131, 80, 97, 0, 0, 36.59%, 12, 0, 9, 53.57, 1609001, 30, 65910, 0
5573, 131, 43, 97, 0, 0, 36.59%, 12, 0, 9, 688.21, 1610734, 30, 65984, 0
5579, 131, 93, 97, 0, 0, 36.59%, 12, 0, 9, 116.97, 1612068, 30, 66048, 0
5584, 131, 51, 97, 0, 0, 36.59%, 12, 0, 9, 195.38, 1612988, 30, 66116, 0
5589, 131, 92, 97, 0, 0, 36.59%, 12, 0, 9, 39.68, 1613658, 30, 66168, 0
5594, 131, 58, 97, 0, 0, 36.59%, 12, 0, 9, 706.63, 1615032, 30, 66233, 0
5599, 131, 10, 97, 0, 0, 36.59%, 12, 0, 9, 556.71, 1616552, 30, 66323, 0
5604, 131, 76, 97, 0, 0, 36.59%, 12, 0, 9, 684.10, 1618756, 30, 66382, 0
5609, 132, 80, 97, 0, 0, 36.59%, 12, 0, 9, 110.00, 1619997, 30, 66438, 0
5615, 132, 86, 97, 0, 0, 36.59%, 12, 0, 9, 455.14, 1621802, 30, 66517, 0
5620, 132, 92, 97, 0, 0, 36.59%, 12, 0, 9, 37.35, 1623945, 30, 66543, 0
5625, 132, 58, 97, 0, 0, 36.59%, 12, 0, 9, 311.78, 1625112, 30, 66582, 0
5630, 132, 80, 97, 0, 0, 36.59%, 12, 0, 9, 87.65, 1626712, 30, 66635, 0
5635, 132, 58, 97, 0, 0, 36.59%, 12, 0, 9, 533.29, 1628501, 30, 66700, 0
5640, 132, 81, 97, 0, 0, 36.59%, 12, 0, 9, 53.67, 1631503, 30, 66735, 0
5645, 132, 80, 97, 0, 0, 36.59%, 12, 0, 9, 69.81, 1632407, 30, 66801, 0
5650, 132, 5, 97, 0, 0, 36.59%, 12, 0, 9, 750.00, 1633809, 30, 66884, 0
5656, 132, 94, 97, 0, 0, 36.59%, 12, 0, 9, 36.36, 1634437, 30, 66895, 0
5661, 132, 3, 97, 0, 0, 36.59%, 12, 0, 9, 385.96, 1635604, 30, 66920, 0
5666, 133, 93, 97, 0, 0, 36.59%, 12, 0, 9, 36.45, 1637175, 30, 66973, 0
5671, 133, 80, 97, 0, 0, 36.59%, 12, 0, 9, 364.83, 1638425, 30, 67011, 0
5676, 133, 51, 97, 0, 0, 36.59%, 12, 0, 9, 461.93, 1640840, 30, 67088, 0
5681, 133, 91, 97, 0, 0, 36.59%, 12, 0, 9, 487.31, 1642544, 30, 67159, 0
5686, 133, 80, 97, 0, 0, 36.59%, 12, 0, 9, 70.50, 1643849, 30, 67226, 0
5691, 133, 96, 97, 0, 0, 36.59%, 12, 0, 9, 411.43, 1645719, 30, 67328, 0
5696, 133, 80, 97, 0, 0, 36.59%, 12, 0, 9, 48.90, 1647131, 30, 67405, 0
5701, 133, 24, 97, 0, 0, 36.59%, 12, 0, 9, 428.65, 1648863, 30, 67493, 0
5706, 133, 81, 97, 0, 0, 36.59%, 12, 0, 9, 52.19, 1650868, 30, 67545, 0
5711, 133, 76, 97, 0, 0, 36.59%, 12, 0, 9, 701.04, 1652098, 30, 67625, 0
5716, 133, 80, 97, 0, 0, 36.59%, 12, 0, 9, 534.94, 1654110, 30, 67717, 0
5722, 134, 80, 97, 0, 0, 36.59%, 12, 0, 9, 455.84, 1656104, 30, 67799, 0
5727, 134, 80, 97, 0, 0, 36.59%, 12, 0, 9, 536.66, 1659031, 30, 67839, 0
5732, 134, 58, 97, 0, 0, 36.59%, 12, 0, 9, 458.89, 1660360, 30, 67901, 0
5737, 134, 63, 97, 0, 0, 36.59%, 12, 0, 9, 570.01, 1661818, 30, 67968, 0
5742, 134, 6, 97, 0, 0, 36.59%, 12, 0, 9, 614.01, 1663542, 30, 68013, 0
5747, 134, 50, 97, 0, 0, 36.59%, 12, 0, 9, 221.00, 1664970, 30, 68097, 0
5752, 134, 93, 97, 0, 0, 36.59%, 12, 0, 9, 52.09, 1667078, 30, 68152, 0
5757, 134, 80, 97, 0, 0, 36.59%, 12, 0, 9, 454.15, 1668844, 30, 68187, 0
5762, 134, 31, 97, 0, 0, 36.59%, 12, 0, 9, 474.43, 1670689, 30, 68242, 0
5767, 135, 96, 97, 0, 0, 36.59%, 12, 0, 9, 348.18, 1672201, 30, 68319, 0
5772, 135, 80, 97, 0, 0, 36.59%, 12, 0, 9, 52.56, 1673513, 30, 68414, 0
5777, 135, 23, 97, 0, 0, 36.59%, 12, 0, 9, 343.31, 1675089, 30, 68511, 0
5782, 135, 83, 97, 0, 0, 36.59%, 12, 0, 9, 606.20, 1676722, 30, 68568, 0
5787, 135, 3, 97, 0, 0, 36.59%, 12, 0, 9, 440.99, 1678745, 30, 68636, 0
5793, 135, 23, 97, 0, 0, 36.59%, 12, 0, 9, 439.51, 1680209, 30, 68678, 0
5798, 135, 81, 97, 0, 0, 36.59%, 12, 0, 9, 214.67, 1681100, 30, 68809, 0
5803, 135, 58, 97, 0, 0, 36.59%, 12, 0, 9, 307.30, 1682070, 30, 68853, 0
5808, 135, 43, 97, 0, 0, 36.59%, 12, 0, 9, 379.11, 1683888, 30, 68931, 0
5813, 135, 61, 97, 0, 0, 36.59%, 12, 0, 9, 583.45, 1684965, 30, 68955, 0
5818, 135, 7, 97, 0, 0, 36.59%, 12, 0, 9, 38.93, 1686648, 30, 69016, 0
5823, 135, 91, 97, 0, 0, 36.59%, 12, 0, 9, 556.85, 1687910, 30, 69067, 0
5828, 135, 96, 97, 0, 0, 36.59%, 12, 0, 9, 374.70, 1689694, 30, 69175, 0
5833, 136, 80, 97, 0, 0, 36.59%, 12, 0, 9, 62.75, 1691699, 30, 69234, 0
5839, 136, 80, 97, 0, 0, 36.59%, 12, 0, 9, 429.74, 1694035, 30, 69299, 0
5844, 136, 80, 97, 0, 0, 36.59%, 12, 0, 9, 77.00, 1695472, 30, 69353, 0
5849, 136, 58, 97, 0, 0, 36.59%, 12, 0, 9, 473.62, 1696951, 30, 69409, 0
5854, 136, 80, 97, 0, 0, 36.59%, 12, 0, 9, 459.32, 1698930, 30, 69470, 0
5859, 136, 80, 97, 0, 0, 36.59%, 12, 0, 9, 550.32, 1701094, 30, 69518, 0
5864, 136, 60, 97, 0, 0, 36.59%, 12, 0, 9, 451.99, 1702589, 30, 69547, 0
5869, 136, 58, 97, 0, 0, 36.59%, 12, 0, 9, 451.53, 1704890, 30, 69591, 0
5874, 136, 80, 97, 0, 0, 36.59%, 12, 0, 9, 58.96, 1705404, 30, 69645, 0
5880, 137, 80, 97, 0, 0, 36.59%, 12, 0, 9, 501.55, 1707840, 30, 69686, 0
5885, 137, 92, 97, 0, 0, 36.59%, 12, 0, 9, 43.47, 1708596, 30, 69732, 0
5890, 137, 44, 97, 0, 0, 36.59%, 12, 0, 9, 374.18, 1709824, 30, 69801, 0
5895, 137, 94, 97, 0, 0, 36.59%, 12, 0, 9, 34.24, 1710835, 30, 69848, 0
5900, 137, 76, 97, 0, 0, 36.59%, 12, 0, 9, 68.13, 1711169, 30, 69902, 0
5905, 137, 80, 97, 0, 0, 36.59%, 12, 0, 9, 52.12, 1713446, 30, 69953, 0
5910, 137, 77, 97, 0, 0, 36.59%, 12, 0, 9, 660.78, 1714572, 30, 69996, 0
5915, 137, 60, 97, 0, 0, 36.59%, 12, 0, 9, 393.54, 1715459, 30, 70053, 0
5920, 137, 6, 97, 0, 0, 36.59%, 12, 0, 9, 101.98, 1717713, 30, 70112, 0
5925, 137, 80, 97, 0, 0, 36.59%, 12, 0, 9, 456.81, 1719796, 30, 70156, 0
5930, 137, 29, 97, 0, 0, 36.59%, 12, 0, 9, 467.15, 1722429, 30, 70223, 0
5936, 137, 94, 97, 0, 0, 36.59%, 12, 0, 9, 49.87, 1723298, 30, 70267, 0
5941, 138, 80, 97, 0, 0, 36.59%, 12, 0, 9, 94.79, 1724465, 30, 70325, 0
5946, 138, 61, 97, 0, 0, 36.59%, 12, 0, 9, 707.94, 1726056, 30, 70374, 0
5951, 138, 68, 97, 0, 0, 36.59%, 12, 0, 9, 605.77, 1727634, 30, 70428, 0
5956, 138, 88, 97, 0, 0, 36.59%, 12, 0, 9, 551.40, 1729494, 30, 70477, 0
5961, 138, 3, 97, 0, 0, 36.59%, 12, 0, 9, 203.76, 1731904, 30, 70526, 0
5966, 138, 60, 97, 0, 0, 36.59%, 12, 0, 9, 337.52, 1733815, 30, 70612, 0
5972, 138, 65, 97, 0, 0, 36.59%, 12, 0, 9, 512.48, 1735998, 30, 70666, 0
5977, 138, 43, 97, 0, 0, 36.59%, 12, 0, 9, 482.52, 1738290, 30, 70738, 0
5982, 139, 58, 97, 0, 0, 36.59%, 12, 0, 9, 482.81, 1740236, 30, 70771, 0
5987, 139, 68, 97, 0, 0, 36.59%, 12, 0, 9, 570.00, 1741391, 30, 70828, 0
5992, 139, 92, 97, 0, 0, 36.59%, 12, 0, 9, 37.25, 1742540, 30, 70870, 0
5997, 139, 60, 97, 0, 0, 36.59%, 12, 0, 9, 507.12, 1744864, 30, 70892, 0
6002, 139, 80, 97, 0, 0, 36.59%, 12, 0, 9, 101.01, 1746098, 30, 70949, 0
6008, 139, 92, 97, 0, 0, 36.59%, 12, 0, 9, 69.29, 1746437, 30, 71021, 0
6013, 139, 60, 97, 0, 0, 36.59%, 12, 0, 9, 475.42, 1748158, 30, 71108, 0
6018, 139, 80, 97, 0, 0, 36.59%, 12, 0, 9, 74.77, 1750528, 30, 71138, 0
6023, 139, 81, 97, 0, 0, 36.59%, 12, 0, 9, 50.09, 1752920, 30, 71186, 0
6028, 139, 80, 97, 0, 0, 36.59%, 12, 0, 9, 61.00, 1753931, 30, 71239, 0
6033, 139, 60, 97, 0, 0, 36.59%, 12, 0, 9, 589.78, 1755968, 30, 71282, 0
6039, 140, 80, 97, 0, 0, 36.59%, 12, 0, 9, 56.80, 1756368, 30, 71299, 0
6044, 140, 92, 97, 0, 0, 36.59%, 12, 0, 9, 35.24, 1757196, 30, 71337, 0
6049, 140, 76, 97, 0, 0, 36.59%, 12, 0, 9, 439.85, 1759276, 30, 71384, 0
6054, 140, 80, 97, 0, 0, 36.59%, 12, 0, 9, 50.03, 1759505, 30, 71401, 0
6059, 140, 74, 97, 0, 0, 36.59%, 12, 0, 9, 610.00, 1760817, 30, 71456, 0
6064, 140, 76, 97, 0, 0, 36.59%, 12, 0, 9, 79.11, 1762798, 30, 71521, 0
6070, 140, 80, 97, 0, 0, 36.59%, 12, 0, 9, 70.65, 1765046, 30, 71571, 0
6075, 140, 92, 97, 0, 0, 36.59%, 12, 0, 9, 48.90, 1766171, 30, 71666, 0
6080, 140, 50, 97, 0, 0, 36.59%, 12, 0, 9, 421.96, 1767031, 30, 71746, 0
6085, 140, 58, 97, 0, 0, 36.59%, 12, 0, 9, 378.59, 1769003, 30, 71847, 0
6090, 140, 3, 97, 0, 0, 36.59%, 12, 0, 9, 640.78, 1771462, 30, 71892, 0
6095, 141, 80, 97, 0, 0, 36.59%, 12, 0, 9, 42.22, 1773187, 30, 71933, 0
6100, 141, 76, 97, 0, 0, 36.59%, 12, 0, 9, 426.54, 1774273, 30, 71998, 0
6105, 141, 60, 97, 0, 0, 36.59%, 12, 0, 9, 53.05, 1774925, 30, 72050, 0
6110, 141, 60, 97, 0, 0, 36.59%, 12, 0, 9, 500.00, 1776330, 30, 72098, 0
6116, 141, 21, 97, 0, 0, 36.59%, 12, 0, 9, 545.81, 1778195, 30, 72155, 0
6121, 141, 91, 97, 0, 0, 36.59%, 12, 0, 9, 379.84, 1780022, 30, 72179, 0
6126, 141, 60, 97, 0, 0, 36.59%, 12, 0, 9, 630.89, 1781333, 30, 72229, 0
6131, 141, 87, 97, 0, 0, 36.59%, 12, 0, 9, 511.02, 1783666, 30, 72297, 0
6136, 141, 80, 97, 0, 0, 36.59%, 12, 0, 9, 39.65, 1785703, 30, 72375, 0
6141, 141, 87, 97, 0, 0, 36.59%, 12, 0, 9, 459.12, 1787229, 30, 72450, 0
6146, 141, 23, 97, 0, 0, 36.59%, 12, 0, 9, 419.30, 1788344, 30, 72511, 0
6151, 142, 81, 97, 0, 0, 36.59%, 12, 0, 9, 43.97, 1790266, 30, 72587, 0
6156, 142, 80, 97, 0, 0, 36.59%, 12, 0, 9, 69.29, 1791069, 30, 72655, 0
6161, 142, 3, 97, 0, 0, 36.59%, 12, 0, 9, 525.82, 1793223, 30, 72715, 0
6166, 142, 23, 97, 0, 0, 36.59%, 12, 0, 9, 512.80, 1795603, 30, 72797, 0
6171, 142, 15, 97, 0, 0, 36.59%, 12, 0, 9, 182.92, 1796990, 30, 72899, 0
6176, 142, 60, 97, 0, 0, 36.59%, 12, 0, 9, 240.77, 1797573, 30, 72916, 0
6181, 142, 93, 97, 0, 0, 36.59%, 12, 0, 9, 138.78, 1798321, 30, 72963, 0
6187, 142, 3, 97, 0, 0, 36.59%, 12, 0, 9, 495.00, 1798693, 30, 72989, 0
6192, 142, 58, 97, 0, 0, 36.59%, 12, 0, 9, 718.34, 1800239, 30, 73044, 0
6197, 142, 58, 97, 0, 0, 36.59%, 12, 0, 9, 256.34, 1801901, 30, 73147, 0
6202, 142, 75, 97, 0, 0, 36.59%, 12, 0, 9, 442.05, 1803439, 30, 73206, 0
6207, 142, 80, 97, 0, 0, 36.59%, 12, 0, 9, 45.61, 1805801, 30, 73258, 0
6212, 142, 94, 97, 0, 0, 36.59%, 12, 0, 9, 40.11, 1806617, 30, 73329, 0
6217, 143, 6, 97, 0, 0, 36.59%, 12, 0, 9, 405.70, 1807742, 30, 73388, 0
6223, 143, 3, 97, 0, 0, 36.59%, 12, 0, 9, 452.75, 1809597, 30, 73434, 0
6228, 143, 51, 97, 0, 0, 36.59%, 12, 0, 9, 492.61, 1810981, 30, 73510, 0
6233, 143, 90, 97, 0, 0, 36.59%, 12, 0, 9, 35.85, 1812588, 30, 73556, 0
6238, 143, 96, 97, 0, 0, 36.59%, 12, 0, 9, 420.24, 1813679, 30, 73626, 0
6243, 143, 80, 97, 0, 0, 36.59%, 12, 0, 9, 73.89, 1815296, 30, 73713, 0
6248, 143, 80, 97, 0, 0, 36.59%, 12, 0, 9, 64.06, 1817198, 30, 73793, 0
6253, 143, 80, 97, 0, 0, 36.59%, 12, 0, 9, 545.72, 1818600, 30, 73844, 0
6258, 143, 5, 97, 0, 0, 36.59%, 12, 0, 9, 471.20, 1820202, 30, 73857, 0
6263, 143, 80, 97, 0, 0, 36.59%, 12, 0, 9, 358.54, 1821519, 30, 73953, 0
6269, 143, 80, 97, 0, 0, 36.59%, 12, 0, 9, 63.02, 1822501, 30, 74016, 0
6274, 144, 80, 97, 0, 0, 36.59%, 12, 0, 9, 319.84, 1823854, 30, 74090, 0
6279, 144, 80, 97, 0, 0, 36.59%, 12, 0, 9, 74.38, 1825820, 30, 74154, 0
6284, 144, 96, 97, 0, 0, 36.59%, 12, 0, 9, 491.33, 1827817, 30, 74210, 0
6289, 144, 7, 97, 0, 0, 36.59%, 12, 0, 9, 720.00, 1828997, 30, 74280, 0
6294, 144, 96, 97, 0, 0, 36.59%, 12, 0, 9, 464.68, 1830911, 30, 74350, 0
6299, 144, 94, 97, 0, 0, 36.59%, 12, 0, 9, 448.53, 1833025, 30, 74444, 0
6305, 144, 58, 97, 0, 0, 36.59%, 12, 0, 9, 478.18, 1833498, 30, 74457, 0
6310, 144, 80, 97, 0, 0, 36.59%, 12, 0, 9, 57.63, 1834737, 30, 74552, 0
6315, 144, 90, 97, 0, 0, 36.59%, 12, 0, 9, 77.25, 1835488, 30, 74632, 0
6320, 144, 94, 97, 0, 0, 36.59%, 12, 0, 9, 35.08, 1836211, 30, 74670, 0
6325, 144, 80, 97, 0, 0, 36.59%, 12, 0, 9, 335.49, 1837327, 30, 74693, 0
6330, 144, 80, 97, 0, 0, 36.59%, 12, 0, 9, 123.93, 1838195, 30, 74744, 0
6335, 144, 80, 97, 0, 0, 36.59%, 12, 0, 9, 271.57, 1839641, 30, 74826, 0
6340, 144, 87, 97, 0, 0, 36.59%, 12, 0, 9, 244.70, 1841009, 30, 74920, 0
6345, 145, 57, 97, 0, 0, 36.59%, 12, 0, 9, 711.55, 1842454, 30, 74989, 0
6351, 145, 54, 97, 0, 0, 36.59%, 12, 0, 9, 170.57, 1843358, 30, 75083, 0
6356, 145, 7, 97, 0, 0, 36.59%, 12, 0, 9, 421.15, 1845111, 30, 75133, 0
6361, 145, 42, 97, 0, 0, 36.59%, 12, 0, 9, 365.47, 1847142, 30, 75198, 0
6366, 145, 22, 97, 0, 0, 36.59%, 12, 0, 9, 338.25, 1848674, 30, 75289, 0
6371, 145, 80, 97, 0, 0, 36.59%, 12, 0, 9, 59.86, 1850249, 30, 75343, 0
6376, 145, 5, 97, 0, 0, 36.59%, 12, 0, 9, 641.80, 1852380, 30, 75392, 0
6381, 145, 8, 97, 0, 0, 36.59%, 12, 0, 9, 449.66, 1854561, 30, 75455, 0
6386, 145, 91, 97, 0, 0, 36.59%, 12, 0, 9, 441.38, 1856337, 30, 75492, 0
6391, 145, 81, 97, 0, 0, 36.59%, 12, 0, 9, 44.24, 1857909, 30, 75526, 0
6397, 146, 81, 97, 0, 0, 36.59%, 12, 0, 9, 62.11, 1859499, 30, 75596, 0
6402, 146, 80, 97, 0, 0, 36.59%, 12, 0, 9, 389.97, 1860887, 30, 75647, 0
6407, 146, 60, 97, 0, 0, 36.59%, 12, 0, 9, 115.93, 1862151, 30, 75707, 0
6412, 146, 23, 97, 0, 0, 36.59%, 12, 0, 9, 440.15, 1863847, 30, 75787, 0
6417, 146, 80, 97, 0, 0, 36.59%, 12, 0, 9, 57.22, 1864598, 30, 75848, 0
6422, 146, 80, 97, 0, 0, 36.59%, 12, 0, 9, 64.48, 1865591, 30, 75886, 0
6427, 146, 94, 97, 0, 0, 36.59%, 12, 0, 9, 100.04, 1866650, 30, 75913, 0
6432, 146, 80, 97, 0, 0, 36.59%, 12, 0, 9, 79.61, 1866991, 30, 75950, 0
6437, 146, 1, 97, 0, 0, 36.59%, 12, 0, 9, 210.77, 1868012, 30, 76037, 0
6442, 146, 5, 97, 0, 0, 36.59%, 12, 0, 9, 288.28, 1869438, 30, 76122, 0
6448, 146, 88, 97, 0, 0, 36.59%, 12, 0, 9, 662.90, 1871505, 30, 76145, 0
6453, 146, 80, 97, 0, 0, 36.59%, 12, 0, 9, 70.05, 1873045, 30, 76197, 0
6458, 146, 80, 97, 0, 0, 36.59%, 12, 0, 9, 80.96, 1874003, 30, 76274, 0
6463, 146, 52, 97, 0, 0, 36.59%, 12, 0, 9, 289.88, 1875402, 30, 76379, 0
6468, 147, 80, 98, 1, 0, 36.59%, 12, 0, 9, 54.97, 1876582, 30, 76464, 0
6473, 147, 94, 98, 1, 0, 36.59%, 12, 0, 9, 42.05, 1876972, 30, 76497, 0
6478, 147, 93, 98, 1, 0, 36.59%, 12, 0, 9, 33.99, 1877625, 30, 76498, 0
6483, 147, 97, 98, 1, 0, 36.59%, 12, 0, 9, 59.22, 1877995, 30, 76519, 0
6489, 147, 94, 98, 0, 0, 36.59%, 12, 0, 9, 381.15, 1879621, 30, 76557, 0
6494, 147, 92, 98, 0, 0, 36.59%, 12, 0, 9, 35.61, 1880543, 30, 76589, 0
6499, 147, 80, 98, 0, 0, 36.59%, 12, 0, 9, 281.34, 1881277, 30, 76610, 0
6504, 147, 80, 98, 0, 0, 36.59%, 12, 0, 9, 484.91, 1882141, 30, 76660, 0
6509, 147, 8, 98, 0, 0, 36.59%, 12, 0, 9, 599.74, 1883597, 30, 76728, 0
6514, 147, 80, 98, 0, 0, 36.59%, 12, 0, 9, 68.62, 1884590, 30, 76770, 0
6519, 147, 34, 98, 0, 0, 36.59%, 12, 0, 9, 358.93, 1886098, 30, 76836, 0
6524, 147, 80, 98, 0, 0, 36.59%, 12, 0, 9, 69.87, 1887733, 30, 76905, 0
6530, 147, 80, 98, 0, 0, 36.59%, 12, 0, 9, 88.20, 1889520, 30, 76985, 0
6535, 148, 24, 98, 0, 0, 36.59%, 12, 0, 9, 111.36, 1891437, 30, 77076, 0
6540, 148, 24, 98, 0, 0, 36.59%, 12, 0, 9, 256.79, 1892899, 30, 77166, 0
6545, 148, 42, 98, 0, 0, 36.59%, 12, 0, 9, 316.09, 1894745, 30, 77237, 0
6550, 148, 76, 98, 0, 0, 36.59%, 12, 0, 9, 252.98, 1895916, 30, 77363, 0
6555, 148, 58, 98, 0, 0, 36.59%, 12, 0, 9, 386.82, 1897927, 30, 77446, 0
6560, 148, 7, 98, 0, 0, 36.59%, 12, 0, 9, 607.62, 1899732, 30, 77487, 0
6566, 148, 28, 98, 0, 0, 36.59%, 12, 0, 9, 249.36, 1900607, 30, 77546, 0
6571, 148, 76, 98, 0, 0, 36.59%, 12, 0, 9, 85.26, 1902130, 30, 77661, 0
6576, 148, 31, 98, 0, 0, 36.59%, 12, 0, 9, 469.64, 1902766, 30, 77680, 0
6581, 148, 90, 98, 0, 0, 36.59%, 12, 0, 9, 77.80, 1904104, 30, 77758, 0
6586, 148, 90, 98, 0, 0, 36.59%, 12, 0, 9, 68.87, 1905349, 30, 77806, 0
6591, 148, 86, 98, 0, 0, 36.59%, 12, 0, 9, 431.34, 1907095, 30, 77873, 0
6596, 149, 6, 98, 0, 0, 36.59%, 12, 0, 9, 440.76, 1908978, 30, 77935, 0
6601, 149, 58, 98, 0, 0, 36.59%, 12, 0, 9, 44.69, 1910009, 30, 77979, 0
6606, 149, 7, 98, 0, 0, 36.59%, 12, 0, 9, 316.71, 1911122, 30, 78067, 0
6611, 149, 80, 98, 0, 0, 36.59%, 12, 0, 9, 466.05, 1912808, 30, 78110, 0
6616, 149, 5, 98, 0, 0, 36.59%, 12, 0, 9, 388.22, 1914398, 30, 78159, 0
6622, 149, 80, 98, 0, 0, 36.59%, 12, 0, 9, 486.02, 1916092, 30, 78233, 0
6627, 149, 76, 98, 0, 0, 36.59%, 12, 0, 9, 50.17, 1917234, 30, 78306, 0
6632, 149, 80, 98, 0, 0, 36.59%, 12, 0, 9, 283.66, 1917874, 30, 78321, 0
6637, 149, 80, 98, 0, 0, 36.59%, 12, 0, 9, 165.97, 1918549, 30, 78373, 0
6642, 149, 80, 98, 0, 0, 36.59%, 12, 0, 9, 61.98, 1920021, 30, 78448, 0
6647, 149, 12, 98, 0, 0, 36.59%, 12, 0, 9, 372.35, 1921284, 30, 78508, 0
6652, 149, 3, 98, 0, 0, 36.59%, 12, 0, 9, 677.34, 1923816, 30, 78543, 0
6657, 150, 60, 98, 0, 0, 36.59%, 12, 0, 9, 503.59, 1926144, 30, 78612, 0
6662, 150, 9, 98, 0, 0, 36.59%, 12, 0, 9, 54.04, 1926434, 30, 78639, 0
6668, 150, 94, 98, 0, 0, 36.59%, 12, 0, 9, 35.34, 1927428, 30, 78700, 0
6673, 150, 80, 98, 0, 0, 36.59%, 12, 0, 9, 41.53, 1928100, 30, 78714, 0
6678, 150, 93, 98, 0, 0, 36.59%, 12, 0, 9, 85.07, 1928702, 30, 78769, 0
6683, 150, 80, 98, 0, 0, 36.59%, 12, 0, 9, 536.27, 1930798, 30, 78793, 0
6688, 150, 8, 98, 0, 0, 36.59%, 12, 0, 9, 77.79, 1932310, 30, 78856, 0
6693, 150, 80, 98, 0, 0, 36.59%, 12, 0, 9, 121.81, 1934230, 30, 78906, 0
6698, 150, 80, 98, 0, 0, 36.59%, 12, 0, 9, 70.07, 1934521, 30, 78940, 0
6703, 150, 60, 98, 0, 0, 36.59%, 12, 0, 9, 585.00, 1935403, 30, 78985, 0
6708, 150, 97, 98, 0, 0, 36.59%, 12, 0, 9, 555.14, 1936306, 30, 79032, 0
6714, 150, 6, 98, 0, 0, 36.59%, 12, 0, 9, 544.73, 1939058, 30, 79066, 0
6719, 150, 60, 98, 0, 0, 36.59%, 12, 0, 9, 660.00, 1941326, 30, 79112, 0
6724, 151, 30, 98, 0, 0, 36.59%, 12, 0, 9, 577.10, 1942731, 30, 79176, 0
6729, 151, 94, 98, 0, 0, 36.59%, 12, 0, 9, 34.18, 1943820, 30, 79197, 0
6734, 151, 80, 98, 0, 0, 36.59%, 12, 0, 9, 77.54, 1944931, 30, 79240, 0
6739, 151, 80, 98, 0, 0, 36.59%, 12, 0, 9, 58.51, 1947015, 30, 79284, 0
6744, 151, 46, 98, 0, 0, 36.59%, 12, 0, 9, 438.11, 1948399, 30, 79332, 0
6749, 151, 6, 98, 0, 0, 36.59%, 12, 0, 9, 440.60, 1950788, 30, 79407, 0
6754, 151, 93, 98, 0, 0, 36.59%, 12, 0, 9, 38.57, 1951861, 30, 79422, 0
6759, 151, 93, 98, 0, 0, 36.59%, 12, 0, 9, 71.60, 1952604, 30, 79440, 0
6765, 151, 58, 98, 0, 0, 36.59%, 12, 0, 9, 673.59, 1954776, 30, 79472, 0
6770, 151, 92, 98, 0, 0, 36.59%, 12, 0, 9, 34.66, 1956407, 30, 79494, 0
6775, 151, 93, 98, 0, 0, 36.59%, 12, 0, 9, 42.16, 1956636, 30, 79525, 0
6780, 151, 76, 98, 0, 0, 36.59%, 12, 0, 9, 64.96, 1957155, 30, 79550, 0
6785, 152, 80, 98, 0, 0, 36.59%, 12, 0, 9, 40.22, 1958452, 30, 79632, 0
6790, 152, 80, 98, 0, 0, 36.59%, 12, 0, 9, 52.68, 1959538, 30, 79718, 0
6795, 152, 73, 98, 0, 0, 36.59%, 12, 0, 9, 457.48, 1961301, 30, 79755, 0
6801, 152, 91, 98, 0, 0, 36.59%, 12, 0, 9, 480.49, 1963850, 30, 79822, 0
6806, 152, 56, 98, 0, 0, 36.59%, 12, 0, 9, 510.65, 1966148, 30, 79866, 0
6811, 152, 76, 98, 0, 0, 36.59%, 12, 0, 9, 554.01, 1967889, 30, 79940, 0
6816, 152, 3, 98, 0, 0, 36.59%, 12, 0, 9, 196.27, 1969240, 30, 80038, 0
6821, 152, 80, 98, 0, 0, 36.59%, 12, 0, 9, 344.84, 1971111, 30, 80113, 0
6826, 152, 93, 98, 0, 0, 36.59%, 12, 0, 9, 36.02, 1971700, 30, 80130, 0
6831, 152, 90, 98, 0, 0, 36.59%, 12, 0, 9, 41.06, 1972172, 30, 80147, 0
6836, 152, 60, 98, 0, 0, 36.59%, 12, 0, 9, 675.00, 1972578, 30, 80161, 0
6842, 152, 94, 98, 0, 0, 36.59%, 12, 0, 9, 47.60, 1973478, 30, 80204, 0
6847, 153, 58, 98, 0, 0, 36.59%, 12, 0, 9, 306.48, 1975719, 30, 80276, 0
6852, 153, 80, 98, 0, 0, 36.59%, 12, 0, 9, 359.70, 1977657, 30, 80361, 0
6857, 153, 94, 98, 0, 0, 36.59%, 12, 0, 9, 35.11, 1979570, 30, 80406, 0
6862, 153, 80, 98, 0, 0, 36.59%, 12, 0, 9, 333.01, 1980507, 30, 80447, 0
6867, 153, 7, 98, 0, 0, 36.59%, 12, 0, 9, 623.59, 1981873, 30, 80500, 0
6872, 153, 94, 98, 0, 0, 36.59%, 12, 0, 9, 55.17, 1983263, 30, 80592, 0
6877, 153, 60, 98, 0, 0, 36.59%, 12, 0, 9, 400.29, 1983944, 30, 80599, 0
6883, 153, 10, 98, 0, 0, 36.59%, 12, 0, 9, 729.61, 1984747, 30, 80605, 0
6888, 153, 80, 98, 0, 0, 36.59%, 12, 0, 9, 49.27, 1985779, 30, 80663, 0
6893, 153, 84, 98, 0, 0, 36.59%, 12, 0, 9, 108.12, 1987225, 30, 80721, 0
6898, 153, 80, 98, 0, 0, 36.59%, 12, 0, 9, 49.91, 1989135, 30, 80747, 0
6903, 153, 6, 98, 0, 0, 36.59%, 12, 0, 9, 550.00, 1990110, 30, 80781, 0
6908, 153, 93, 98, 0, 0, 36.59%, 12, 0, 9, 69.19, 1990969, 30, 80823, 0
6913, 154, 24, 98, 0, 0, 36.59%, 12, 0, 9, 631.06, 1991667, 30, 80863, 0
6918, 154, 52, 98, 0, 0, 36.59%, 12, 0, 9, 418.68, 1993514, 30, 80955, 0
6923, 154, 80, 98, 0, 0, 36.59%, 12, 0, 9, 449.96, 1995642, 30, 81060, 0
6929, 154, 90, 98, 0, 0, 36.59%, 12, 0, 9, 331.03, 1997310, 30, 81187, 0
6934, 154, 92, 98, 0, 0, 36.59%, 12, 0, 9, 35.38, 1998310, 30, 81234, 0
6939, 154, 92, 98, 0, 0, 36.59%, 12, 0, 9, 44.21, 1999160, 30, 81248, 0
6944, 154, 80, 98, 0, 0, 36.59%, 12, 0, 9, 741.22, 2000168, 30, 81280, 0
6949, 154, 8, 98, 0, 0, 36.59%, 12, 0, 9, 342.98, 2002068, 30, 81366, 0
6954, 154, 17, 98, 0, 0, 36.59%, 12, 0, 9, 78.81, 2003762, 30, 81398, 0
6959, 154, 80, 98, 0, 0, 36.59%, 12, 0, 9, 40.00, 2004559, 30, 81453, 0
6964, 154, 26, 98, 0, 0, 36.59%, 12, 0, 9, 412.84, 2005656, 30, 81506, 0
6969, 154, 80, 98, 0, 0, 36.59%, 12, 0, 9, 78.76, 2007456, 30, 81565, 0
6974, 155, 17, 98, 0, 0, 36.59%, 12, 0, 9, 723.03, 2009437, 30, 81605, 0
6979, 155, 6, 98, 0, 0, 36.59%, 12, 0, 9, 584.75, 2012010, 30, 81650, 0
6985, 155, 92, 98, 0, 0, 36.59%, 12, 0, 9, 35.84, 2013023, 30, 81697, 0
6990, 155, 73, 98, 0, 0, 36.59%, 12, 0, 9, 463.85, 2013457, 30, 81728, 0
6995, 155, 42, 98, 0, 0, 36.59%, 12, 0, 9, 131.13, 2014159, 30, 81825, 0
7000, 155, 80, 98, 0, 0, 36.59%, 12, 0, 9, 52.26, 2015861, 30, 81892, 0
7005, 155, 92, 98, 0, 0, 36.59%, 12, 0, 9, 39.77, 2016795, 30, 81942, 0
7010, 155, 80, 98, 0, 0, 36.59%, 12, 0, 9, 83.15, 2017617, 30, 82038, 0
7015, 155, 80, 98, 0, 0, 36.59%, 12, 0, 9, 120.55, 2018496, 30, 82100, 0
7021, 155, 52, 98, 0, 0, 36.59%, 12, 0, 9, 496.91, 2019720, 30, 82175, 0
7026, 155, 27, 98, 0, 0, 36.59%, 12, 0, 9, 86.31, 2021028, 30, 82296, 0
7031, 155, 80, 98, 0, 0, 36.59%, 12, 0, 9, 81.26, 2022870, 30, 82341, 0
7036, 155, 80, 98, 0, 0, 36.59%, 12, 0, 9, 365.74, 2024784, 30, 82419, 0
7041, 156, 66, 98, 0, 0, 36.59%, 12, 0, 9, 493.71, 2026654, 30, 82453, 0
7046, 156, 93, 98, 0, 0, 36.59%, 12, 0, 9, 38.83, 2028588, 30, 82500, 0
7051, 156, 6, 98, 0, 0, 36.59%, 12, 0, 9, 430.00, 2028914, 30, 82529, 0
7056, 156, 52, 98, 0, 0, 36.59%, 12, 0, 9, 401.26, 2031107, 30, 82599, 0
7061, 156, 90, 98, 0, 0, 36.59%, 12, 0, 9, 44.34, 2032377, 30, 82672, 0
7066, 156, 80, 98, 0, 0, 36.59%, 12, 0, 9, 475.26, 2033973, 30, 82716, 0
7072, 156, 7, 98, 0, 0, 36.59%, 12, 0, 9, 446.62, 2036053, 30, 82798, 0
7077, 156, 80, 98, 0, 0, 36.59%, 12, 0, 9, 55.51, 2038193, 30, 82858, 0
7082, 156, 80, 98, 0, 0, 36.59%, 12, 0, 9, 75.91, 2039064, 30, 82899, 0
7087, 156, 80, 98, 0, 0, 36.59%, 12, 0, 9, 55.96, 2039737, 30, 82964, 0
7092, 157, 60, 98, 0, 0, 36.59%, 12, 0, 9, 621.02, 2040847, 30, 83036, 0
7097, 157, 80, 98, 0, 0, 36.59%, 12, 0, 9, 545.66, 2043637, 30, 83088, 0
7102, 157, 74, 98, 0, 0, 36.59%, 12, 0, 9, 94.77, 2044100, 30, 83151, 0
7107, 157, 25, 98, 0, 0, 36.59%, 12, 0, 9, 277.74, 2045596, 30, 83217, 0
7112, 157, 60, 98, 0, 0, 36.59%, 12, 0, 9, 432.46, 2048056, 30, 83281, 0
7117, 157, 58, 98, 0, 0, 36.59%, 12, 0, 9, 72.91, 2049406, 30, 83362, 0
7122, 157, 80, 98, 0, 0, 36.59%, 12, 0, 9, 53.66, 2051031, 30, 83395, 0
7127, 157, 91, 98, 0, 0, 36.59%, 12, 0, 9, 330.88, 2052153, 30, 83452, 0
7132, 157, 76, 98, 0, 0, 36.59%, 12, 0, 9, 104.14, 2054363, 30, 83509, 0
7138, 157, 41, 98, 0, 0, 36.59%, 12, 0, 9, 453.16, 2056454, 30, 83584, 0
7143, 157, 80, 98, 0, 0, 36.59%, 12, 0, 9, 93.26, 2057617, 30, 83691, 0
7148, 158, 80, 98, 0, 0, 36.59%, 12, 0, 9, 227.90, 2058724, 30, 83765, 0
7153, 158, 68, 98, 0, 0, 36.59%, 12, 0, 9, 401.22, 2060980, 30, 83842, 0
7158, 158, 58, 98, 0, 0, 36.59%, 12, 0, 9, 504.47, 2063092, 30, 83889, 0
7163, 158, 7, 98, 0, 0, 36.59%, 12, 0, 9, 376.52, 2064534, 30, 83944, 0
7168, 158, 80, 98, 0, 0, 36.59%, 12, 0, 9, 439.57, 2065775, 30, 84006, 0
7173, 158, 80, 98, 0, 0, 36.59%, 12, 0, 9, 43.92, 2067791, 30, 84058, 0
7179, 158, 94, 98, 0, 0, 36.59%, 12, 0, 9, 35.26, 2068293, 30, 84074, 0
7184, 158, 7, 98, 0, 0, 36.59%, 12, 0, 9, 470.71, 2069967, 30, 84130, 0
7189, 158, 80, 98, 0, 0, 36.59%, 12, 0, 9, 497.13, 2072606, 30, 84195, 0
7194, 159, 7, 98, 0, 0, 36.59%, 12, 0, 9, 467.25, 2074669, 30, 84274, 0
7199, 159, 89, 98, 0, 0, 36.59%, 12, 0, 9, 68.81, 2075977, 30, 84312, 0
7204, 159, 80, 98, 0, 0, 36.59%, 12, 0, 9, 174.39, 2076887, 30, 84394, 0
7209, 159, 80, 98, 0, 0, 36.59%, 12, 0, 9, 49.76, 2078979, 30, 84443, 0
7214, 159, 78, 98, 0, 0, 36.59%, 12, 0, 9, 57.29, 2080649, 30, 84491, 0
7219, 159, 7, 98, 0, 0, 36.59%, 12, 0, 9, 445.53, 2082662, 30, 84545, 0
7225, 159, 80, 98, 0, 0, 36.59%, 12, 0, 9, 47.57, 2083837, 30, 84609, 0
7230, 159, 96, 98, 0, 0, 36.59%, 12, 0, 9, 380.00, 2084233, 30, 84656, 0
7235, 159, 28, 98, 0, 0, 36.59%, 12, 0, 9, 285.31, 2085749, 30, 84724, 0
7240, 159, 94, 98, 0, 0, 36.59%, 12, 0, 9, 35.15, 2087216, 30, 84813, 0
7245, 159, 86, 98, 0, 0, 36.59%, 12, 0, 9, 318.95, 2088238, 30, 84837, 0
7250, 159, 92, 98, 0, 0, 36.59%, 12, 0, 9, 142.85, 2088751, 30, 84913, 0
7255, 159, 80, 98, 0, 0, 36.59%, 12, 0, 9, 51.74, 2089167, 30, 84948, 0
7261, 159, 67, 98, 0, 0, 36.59%, 12, 0, 9, 452.74, 2091281, 30, 84991, 0
7266, 160, 60, 98, 0, 0, 36.59%, 12, 0, 9, 228.86, 2092432, 30, 85024, 0
7271, 160, 80, 98, 0, 0, 36.59%, 12, 0, 9, 47.63, 2093385, 30, 85088, 0
7276, 160, 80, 98, 0, 0, 36.59%, 12, 0, 9, 84.06, 2095160, 30, 85130, 0
7281, 160, 58, 98, 0, 0, 36.59%, 12, 0, 9, 218.29, 2096383, 30, 85210, 0
7286, 160, 60, 98, 0, 0, 36.59%, 12, 0, 9, 521.44, 2097047, 30, 85214, 0
7291, 160, 3, 98, 0, 0, 36.59%, 12, 0, 9, 82.94, 2098762, 30, 85291, 0
7297, 160, 80, 98, 0, 0, 36.59%, 12, 0, 9, 435.82, 2101010, 30, 85361, 0
7302, 160, 80, 98, 0, 0, 36.59%, 12, 0, 9, 428.55, 2103169, 30, 85387, 0
7307, 160, 6, 98, 0, 0, 36.59%, 12, 0, 9, 424.97, 2105013, 30, 85432, 0
7312, 161, 58, 98, 0, 0, 36.59%, 12, 0, 9, 471.56, 2107552, 30, 85495, 0
7317, 161, 80, 98, 0, 0, 36.59%, 12, 0, 9, 74.63, 2108921, 30, 85553, 0
7322, 161, 93, 98, 0, 0, 36.59%, 12, 0, 9, 41.89, 2110645, 30, 85611, 0
7327, 161, 30, 98, 0, 0, 36.59%, 12, 0, 9, 174.73, 2111785, 30, 85667, 0
7332, 161, 5, 98, 0, 0, 36.59%, 12, 0, 9, 466.35, 2113857, 30, 85734, 0
7337, 161, 58, 98, 0, 0, 36.59%, 12, 0, 9, 477.63, 2115464, 30, 85792, 0
7343, 161, 80, 98, 0, 0, 36.59%, 12, 0, 9, 92.75, 2116928, 30, 85840, 0
7348, 161, 94, 98, 0, 0, 36.59%, 12, 0, 9, 34.57, 2117812, 30, 85872, 0
7353, 161, 80, 98, 0, 0, 36.59%, 12, 0, 9, 336.87, 2119189, 30, 85918, 0
7358, 161, 85, 98, 0, 0, 36.59%, 12, 0, 9, 437.67, 2120054, 30, 85972, 0
7363, 161, 7, 98, 0, 0, 36.59%, 12, 0, 9, 557.21, 2120523, 30, 86025, 0
7368, 161, 80, 98, 0, 0, 36.59%, 12, 0, 9, 435.64, 2121500, 30, 86080, 0
7373, 162, 80, 98, 0, 0, 36.59%, 12, 0, 9, 65.11, 2123163, 30, 86135, 0
7378, 162, 55, 98, 0, 0, 36.59%, 12, 0, 9, 421.92, 2124497, 30, 86190, 0
7383, 162, 8, 98, 0, 0, 36.59%, 12, 0, 9, 465.00, 2125987, 30, 86245, 0
7388, 162, 30, 98, 0, 0, 36.59%, 12, 0, 9, 605.68, 2128067, 30, 86302, 0
7394, 162, 80, 98, 0, 0, 36.59%, 12, 0, 9, 43.48, 2128393, 30, 86336, 0
7399, 162, 56, 98, 0, 0, 36.59%, 12, 0, 9, 20.70, 2128955, 30, 86371, 0
7404, 162, 42, 98, 0, 0, 36.59%, 12, 0, 9, 219.91, 2129557, 30, 86425, 0
7409, 162, 80, 98, 0, 0, 36.59%, 12, 0, 9, 349.64, 2130962, 30, 86483, 0
7414, 162, 87, 98, 0, 0, 36.59%, 12, 0, 9, 444.79, 2132062, 30, 86537, 0
7419, 162, 75, 98, 0, 0, 36.59%, 12, 0, 9, 489.88, 2133924, 30, 86599, 0
7424, 162, 60, 98, 0, 0, 36.59%, 12, 0, 9, 542.35, 2136559, 30, 86652, 0
7429, 162, 76, 98, 0, 0, 36.59%, 12, 0, 9, 392.96, 2138329, 30, 86756, 0
7434, 163, 89, 98, 0, 0, 36.59%, 12, 0, 9, 125.46, 2139871, 30, 86783, 0
7440, 163, 3, 98, 0, 0, 36.59%, 12, 0, 9, 285.79, 2141074, 30, 86817, 0
7445, 163, 7, 98, 0, 0, 36.59%, 12, 0, 9, 276.19, 2141467, 30, 86830, 0
7450, 163, 80, 98, 0, 0, 36.59%, 12, 0, 9, 312.39, 2143321, 30, 86918, 0
7455, 163, 92, 98, 0, 0, 36.59%, 12, 0, 9, 66.11, 2144404, 30, 86976, 0
7460, 163, 97, 98, 0, 0, 36.59%, 12, 0, 9, 535.00, 2145639, 30, 87037, 0
7465, 163, 8, 98, 0, 0, 36.59%, 12, 0, 9, 616.92, 2147367, 30, 87097, 0
7470, 163, 80, 98, 0, 0, 36.59%, 12, 0, 9, 44.47, 2148848, 30, 87140, 0
7475, 163, 80, 98, 0, 0, 36.59%, 12, 0, 9, 54.05, 2151024, 30, 87182, 0
7480, 163, 78, 98, 0, 0, 36.59%, 12, 0, 9, 192.97, 2152063, 30, 87261, 0
7485, 163, 80, 98, 0, 0, 36.59%, 12, 0, 9, 124.20, 2152597, 30, 87310, 0
7491, 163, 80, 98, 0, 0, 36.59%, 12, 0, 9, 82.10, 2154075, 30, 87343, 0
7496, 164, 90, 98, 0, 0, 36.59%, 12, 0, 9, 91.98, 2155482, 30, 87401, 0
7501, 164, 80, 98, 0, 0, 36.59%, 12, 0, 9, 465.90, 2157225, 30, 87495, 0
7506, 164, 97, 98, 0, 0, 36.59%, 12, 0, 9, 165.73, 2158769, 30, 87558, 0
7511, 164, 59, 98, 0, 0, 36.59%, 12, 0, 9, 353.10, 2159850, 30, 87600, 0
7516, 164, 80, 98, 0, 0, 36.59%, 12, 0, 9, 60.04, 2160919, 30, 87702, 0
7521, 164, 78, 98, 0, 0, 36.59%, 12, 0, 9, 71.22, 2162344, 30, 87776, 0
7526, 164, 93, 98, 0, 0, 36.59%, 12, 0, 9, 67.84, 2162752, 30, 87817, 0
7532, 164, 80, 98, 0, 0, 36.59%, 12, 0, 9, 101.34, 2163832, 30, 87862, 0
7537, 164, 29, 98, 0, 0, 36.59%, 12, 0, 9, 392.94, 2164812, 30, 87956, 0
7542, 164, 80, 98, 0, 0, 36.59%, 12, 0, 9, 74.30, 2165383, 30, 88012, 0
7547, 164, 80, 98, 0, 0, 36.59%, 12, 0, 9, 523.25, 2167462, 30, 88058, 0
7552, 164, 80, 98, 0, 0, 36.59%, 12, 0, 9, 46.60, 2168559, 30, 88102, 0
7557, 164, 80, 98, 0, 0, 36.59%, 12, 0, 9, 46.72, 2168778, 30, 88113, 0
7562, 164, 93, 98, 0, 0, 36.59%, 12, 0, 9, 65.29, 2169272, 30, 88128, 0
7567, 164, 28, 98, 0, 0, 36.59%, 12, 0, 9, 224.21, 2170718, 30, 88223, 0
7572, 165, 93, 98, 0, 0, 36.59%, 12, 0, 9, 47.58, 2171852, 30, 88248, 0
7578, 165, 80, 98, 0, 0, 36.59%, 12, 0, 9, 51.92, 2172743, 30, 88296, 0
7583, 165, 92, 98, 0, 0, 36.59%, 12, 0, 9, 53.52, 2173474, 30, 88373, 0
7588, 165, 43, 98, 0, 0, 36.59%, 12, 0, 9, 512.14, 2174175, 30, 88455, 0
7593, 165, 6, 98, 0, 0, 36.59%, 12, 0, 9, 372.51, 2175596, 30, 88535, 0
7598, 165, 80, 98, 0, 0, 36.59%, 12, 0, 9, 55.09, 2177573, 30, 88604, 0
7603, 165, 5, 98, 0, 0, 36.59%, 12, 0, 9, 465.89, 2179737, 30, 88664, 0
7608, 165, 96, 98, 0, 0, 36.59%, 12, 0, 9, 448.47, 2181481, 30, 88758, 0
7613, 165, 81, 98, 0, 0, 36.59%, 12, 0, 9, 79.19, 2182681, 30, 88877, 0
7618, 165, 76, 98, 0, 0, 36.59%, 12, 0, 9, 474.13, 2185164, 30, 88922, 0
7623, 165, 6, 98, 0, 0, 36.59%, 12, 0, 9, 619.44, 2186986, 30, 88956, 0
7628, 166, 54, 98, 0, 0, 36.59%, 12, 0, 9, 94.73, 2189062, 30, 89012, 0
7634, 166, 58, 98, 0, 0, 36.59%, 12, 0, 9, 637.38, 2190371, 30, 89081, 0
7639, 166, 90, 98, 0, 0, 36.59%, 12, 0, 9, 525.78, 2192847, 30, 89127, 0
7644, 166, 5, 98, 0, 0, 36.59%, 12, 0, 9, 543.95, 2193857, 30, 89200, 0
7649, 166, 3, 98, 0, 0, 36.59%, 12, 0, 9, 332.04, 2195205, 30, 89333, 0
7654, 166, 58, 98, 0, 0, 36.59%, 12, 0, 9, 75.69, 2197164, 30, 89405, 0
7659, 166, 60, 98, 0, 0, 36.59%, 12, 0, 9, 193.79, 2198823, 30, 89476, 0
7664, 166, 94, 98, 0, 0, 36.59%, 12, 0, 9, 36.34, 2199385, 30, 89500, 0
7669, 166, 3, 98, 0, 0, 36.59%, 12, 0, 9, 328.04, 2200723, 30, 89573, 0
7674, 166, 80, 98, 0, 0, 36.59%, 12, 0, 9, 47.75, 2201944, 30, 89666, 0
7679, 166, 58, 98, 0, 0, 36.59%, 12, 0, 9, 469.26, 2202937, 30, 89719, 0
7685, 167, 76, 98, 0, 0, 36.59%, 12, 0, 9, 68.68, 2204400, 30, 89817, 0
7690, 167, 5, 98, 0, 0, 36.59%, 12, 0, 9, 250.49, 2205312, 30, 89843, 0
7695, 167, 80, 98, 0, 0, 36.59%, 12, 0, 9, 36.34, 2206116, 30, 89884, 0
7700, 167, 80, 98, 0, 0, 36.59%, 12, 0, 9, 35.03, 2207290, 30, 89909, 0
7705, 167, 90, 98, 0, 0, 36.59%, 12, 0, 9, 31.45, 2208247, 30, 89949, 0
7710, 167, 3, 98, 0, 0, 36.59%, 12, 0, 9, 408.80, 2208941, 30, 89969, 0
7715, 167, 90, 98, 0, 0, 36.59%, 12, 0, 9, 39.93, 2210665, 30, 90024, 0
7720, 167, 3, 98, 0, 0, 36.59%, 12, 0, 9, 510.87, 2212053, 30, 90059, 0
7725, 167, 80, 98, 0, 0, 36.59%, 12, 0, 9, 50.13, 2213506, 30, 90109, 0
7731, 167, 80, 98, 0, 0, 36.59%, 12, 0, 9, 39.40, 2215487, 30, 90163, 0
7736, 167, 96, 98, 0, 0, 36.59%, 12, 0, 9, 327.57, 2216473, 30, 90225, 0
7741, 167, 80, 98, 0, 0, 36.59%, 12, 0, 9, 280.81, 2217986, 30, 90335, 0
7746, 167, 1, 98, 0, 0, 36.59%, 12, 0, 9, 266.58, 2219300, 30, 90395, 0
7751, 167, 27, 98, 0, 0, 36.59%, 12, 0, 9, 337.01, 2220937, 30, 90449, 0
7756, 168, 58, 98, 0, 0, 36.59%, 12, 0, 9, 455.10, 2222032, 30, 90518, 0
7761, 168, 58, 98, 0, 0, 36.59%, 12, 0, 9, 588.24, 2222779, 30, 90550, 0
7766, 168, 92, 98, 0, 0, 36.59%, 12, 0, 9, 33.92, 2223894, 30, 90576, 0
7771, 168, 88, 98, 0, 0, 36.59%, 12, 0, 9, 565.00, 2225389, 30, 90623, 0
7776, 168, 93, 98, 0, 0, 36.59%, 12, 0, 9, 33.18, 2225974, 30, 90634, 0
7782, 168, 80, 98, 0, 0, 36.59%, 12, 0, 9, 263.24, 2227486, 30, 90702, 0
7787, 168, 93, 98, 0, 0, 36.59%, 12, 0, 9, 48.10, 2229137, 30, 90745, 0
7792, 168, 42, 98, 0, 0, 36.59%, 12, 0, 9, 333.72, 2230317, 30, 90801, 0
7797, 168, 85, 98, 0, 0, 36.59%, 12, 0, 9, 443.15, 2232100, 30, 90890, 0
7802, 168, 60, 98, 0, 0, 36.59%, 12, 0, 9, 507.46, 2234211, 30, 90957, 0
7807, 168, 58, 98, 0, 0, 36.59%, 12, 0, 9, 70.80, 2234689, 30, 90969, 0
7812, 168, 94, 98, 0, 0, 36.59%, 12, 0, 9, 51.97, 2235874, 30, 91013, 0
7817, 168, 43, 98, 0, 0, 36.59%, 12, 0, 9, 627.28, 2236731, 30, 91032, 0
7822, 168, 76, 98, 0, 0, 36.59%, 12, 0, 9, 586.43, 2238997, 30, 91106, 0
7828, 169, 93, 98, 0, 0, 36.59%, 12, 0, 9, 68.17, 2239573, 30, 91165, 0
7833, 169, 80, 98, 0, 0, 36.59%, 12, 0, 9, 397.18, 2240791, 30, 91228, 0
7838, 169, 93, 98, 0, 0, 36.59%, 12, 0, 9, 34.38, 2241277, 30, 91250, 0
7843, 169, 80, 98, 0, 0, 36.59%, 12, 0, 9, 62.64, 2241694, 30, 91291, 0
7848, 169, 60, 98, 0, 0, 36.59%, 12, 0, 9, 708.57, 2242500, 30, 91345, 0
7853, 169, 45, 98, 0, 0, 36.59%, 12, 0, 9, 460.48, 2244149, 30, 91404, 0
7858, 169, 58, 98, 0, 0, 36.59%, 12, 0, 9, 627.96, 2245536, 30, 91472, 0
7864, 169, 1, 98, 0, 0, 36.59%, 12, 0, 9, 508.34, 2247341, 30, 91521, 0
7869, 169, 96, 98, 0, 0, 36.59%, 12, 0, 9, 456.10, 2249106, 30, 91604, 0
7874, 169, 60, 98, 0, 0, 36.59%, 12, 0, 9, 293.05, 2250313, 30, 91710, 0
7879, 169, 12, 98, 0, 0, 36.59%, 12, 0, 9, 335.69, 2251978, 30, 91825, 0
7884, 169, 54, 98, 0, 0, 36.59%, 12, 0, 9, 410.23, 2253402, 30, 91898, 0
7889, 169, 59, 98, 0, 0, 36.59%, 12, 0, 9, 547.35, 2254746, 30, 91988, 0
7894, 169, 80, 98, 0, 0, 36.59%, 12, 0, 9, 57.43, 2256351, 30, 92047, 0
7899, 170, 94, 98, 0, 0, 36.59%, 12, 0, 9, 33.27, 2257160, 30, 92090, 0
7904, 170, 6, 98, 0, 0, 36.59%, 12, 0, 9, 530.97, 2257706, 30, 92125, 0
7910, 170, 3, 98, 0, 0, 36.59%, 12, 0, 9, 375.18, 2259320, 30, 92199, 0
7915, 170, 87, 98, 0, 0, 36.59%, 12, 0, 9, 372.22, 2261481, 30, 92292, 0
7920, 170, 2, 98, 0, 0, 36.59%, 12, 0, 9, 364.53, 2263384, 30, 92376, 0
7925, 170, 3, 98, 0, 0, 36.59%, 12, 0, 9, 105.94, 2264018, 30, 92446, 0
7930, 170, 75, 98, 0, 0, 36.59%, 12, 0, 9, 476.41, 2266083, 30, 92532, 0
7935, 170, 64, 98, 0, 0, 36.59%, 12, 0, 9, 291.44, 2266712, 30, 92555, 0
7940, 170, 8, 98, 0, 0, 36.59%, 12, 0, 9, 240.00, 2268305, 30, 92602, 0
7945, 170, 94, 98, 0, 0, 36.59%, 12, 0, 9, 40.70, 2268852, 30, 92679, 0
7950, 170, 93, 98, 0, 0, 36.59%, 12, 0, 9, 56.81, 2269760, 30, 92713, 0
7955, 170, 30, 98, 0, 0, 36.59%, 12, 0, 9, 256.40, 2271567, 30, 92753, 0
7961, 171, 60, 98, 0, 0, 36.59%, 12, 0, 9, 542.11, 2273583, 30, 92828, 0
7966, 171, 60, 98, 0, 0, 36.59%, 12, 0, 9, 537.31, 2274237, 30, 92891, 0
7971, 171, 94, 98, 0, 0, 36.59%, 12, 0, 9, 78.65, 2274796, 30, 92918, 0
7976, 171, 93, 98, 0, 0, 36.59%, 12, 0, 9, 78.59, 2275244, 30, 92933, 0
7981, 171, 6, 98, 0, 0, 36.59%, 12, 0, 9, 376.25, 2276147, 30, 92959, 0
7986, 171, 80, 98, 0, 0, 36.59%, 12, 0, 9, 47.80, 2276660, 30, 93004, 0
7991, 171, 94, 98, 0, 0, 36.59%, 12, 0, 9, 36.62, 2277961, 30, 93037, 0
7996, 171, 80, 98, 0, 0, 36.59%, 12, 0, 9, 34.48, 2279018, 30, 93070, 0
8001, 171, 58, 98, 0, 0, 36.59%, 12, 0, 9, 88.44, 2279836, 30, 93139, 0
8007, 171, 97, 98, 0, 0, 36.59%, 12, 0, 9, 416.01, 2281798, 30, 93219, 0
8012, 171, 80, 98, 0, 0, 36.59%, 12, 0, 9, 583.75, 2283720, 30, 93293, 0
8017, 171, 50, 98, 0, 0, 36.59%, 12, 0, 9, 399.08, 2285331, 30, 93373, 0
8022, 171, 60, 98, 0, 0, 36.59%, 12, 0, 9, 601.64, 2287969, 30, 93441, 0
8027, 172, 60, 98, 0, 0, 36.59%, 12, 0, 9, 532.65, 2290079, 30, 93500, 0
8032, 172, 6, 98, 0, 0, 36.59%, 12, 0, 9, 208.94, 2291371, 30, 93590, 0
8037, 172, 80, 98, 0, 0, 36.59%, 12, 0, 9, 323.42, 2293350, 30, 93668, 0
8042, 172, 91, 98, 0, 0, 36.59%, 12, 0, 9, 406.51, 2295265, 30, 93748, 0
8047, 172, 58, 98, 0, 0, 36.59%, 12, 0, 9, 490.19, 2298110, 30, 93780, 0
8052, 172, 7, 98, 0, 0, 36.59%, 12, 0, 9, 667.87, 2299603, 30, 93845, 0
8058, 172, 30, 98, 0, 0, 36.59%, 12, 0, 9, 354.17, 2300557, 30, 93935, 0
8063, 172, 91, 98, 0, 0, 36.59%, 12, 0, 9, 641.05, 2302038, 30, 94034, 0
8068, 172, 80, 98, 0, 0, 36.59%, 12, 0, 9, 46.19, 2304088, 30, 94089, 0
8073, 172, 3, 98, 0, 0, 36.59%, 12, 0, 9, 507.30, 2304972, 30, 94148, 0
8078, 172, 94, 98, 0, 0, 36.59%, 12, 0, 9, 35.02, 2306034, 30, 94160, 0
8083, 173, 89, 98, 0, 0, 36.59%, 12, 0, 9, 73.31, 2307054, 30, 94178, 0
8088, 173, 52, 98, 0, 0, 36.59%, 12, 0, 9, 481.23, 2309422, 30, 94247, 0
8093, 173, 90, 98, 0, 0, 36.59%, 12, 0, 9, 51.48, 2310862, 30, 94305, 0
8099, 173, 92, 98, 0, 0, 36.59%, 12, 0, 9, 69.83, 2311961, 30, 94357, 0
8104, 173, 81, 98, 0, 0, 36.59%, 12, 0, 9, 54.17, 2312305, 30, 94378, 0
8109, 173, 5, 98, 0, 0, 36.59%, 12, 0, 9, 522.54, 2314514, 30, 94430, 0
8114, 173, 58, 98, 0, 0, 36.59%, 12, 0, 9, 241.27, 2315980, 30, 94507, 0
8119, 173, 42, 98, 0, 0, 36.59%, 12, 0, 9, 404.21, 2318158, 30, 94607, 0
8124, 173, 7, 98, 0, 0, 36.59%, 12, 0, 9, 533.64, 2320688, 30, 94669, 0
8129, 173, 94, 98, 0, 0, 36.59%, 12, 0, 9, 65.65, 2323080, 30, 94693, 0
8134, 173, 96, 98, 0, 0, 36.59%, 12, 0, 9, 462.52, 2324583, 30, 94773, 0
8139, 174, 94, 98, 0, 0, 36.59%, 12, 0, 9, 59.34, 2326062, 30, 94838, 0
8144, 174, 60, 98, 0, 0, 36.59%, 12, 0, 9, 582.78, 2328456, 30, 94880, 0
8149, 174, 7, 98, 0, 0, 36.59%, 12, 0, 9, 380.14, 2329911, 30, 95000, 0
8154, 174, 80, 98, 0, 0, 36.59%, 12, 0, 9, 38.78, 2330375, 30, 95008, 0
8160, 174, 28, 98, 0, 0, 36.59%, 12, 0, 9, 299.92, 2332374, 30, 95057, 0
8165, 174, 94, 98, 0, 0, 36.59%, 12, 0, 9, 35.11, 2333077, 30, 95102, 0
8170, 174, 56, 98, 0, 0, 36.59%, 12, 0, 9, 498.28, 2334662, 30, 95139, 0
8175, 174, 93, 98, 0, 0, 36.59%, 12, 0, 9, 134.28, 2336588, 30, 95203, 0
8180, 174, 35, 98, 0, 0, 36.59%, 12, 0, 9, 670.05, 2338361, 30, 95253, 0
8185, 174, 58, 98, 0, 0, 36.59%, 12, 0, 9, 569.40, 2341160, 30, 95307, 0
8191, 175, 80, 98, 0, 0, 36.59%, 12, 0, 9, 659.05, 2342687, 30, 95362, 0
8196, 175, 60, 98, 0, 0, 36.59%, 12, 0, 9, 593.18, 2345652, 30, 95407, 0
8201, 175, 80, 98, 0, 0, 36.59%, 12, 0, 9, 534.94, 2348252, 30, 95468, 0
8206, 175, 94, 98, 0, 0, 36.59%, 12, 0, 9, 44.68, 2350200, 30, 95508, 0
8211, 175, 93, 98, 0, 0, 36.59%, 12, 0, 9, 33.80, 2351272, 30, 95556, 0
8216, 175, 80, 98, 0, 0, 36.59%, 12, 0, 9, 62.50, 2352062, 30, 95567, 0
8221, 175, 5, 98, 0, 0, 36.59%, 12, 0, 9, 360.90, 2352605, 30, 95598, 0
8226, 175, 42, 98, 0, 0, 36.59%, 12, 0, 9, 255.06, 2352944, 30, 95622, 0
8231, 175, 93, 98, 0, 0, 36.59%, 12, 0, 9, 61.80, 2354014, 30, 95678, 0
8236, 175, 5, 98, 0, 0, 36.59%, 12, 0, 9, 561.38, 2355513, 30, 95751, 0
8242, 175, 3, 98, 0, 0, 36.59%, 12, 0, 9, 604.06, 2356167, 30, 95759, 0
8247, 175, 80, 98, 0, 0, 36.59%, 12, 0, 9, 61.30, 2357981, 30, 95859, 0
8252, 175, 8, 98, 0, 0, 36.59%, 12, 0, 9, 539.17, 2359361, 30, 95906, 0
8257, 175, 93, 98, 0, 0, 36.59%, 12, 0, 9, 45.27, 2360209, 30, 95933, 0
8262, 176, 80, 98, 0, 0, 36.59%, 12, 0, 9, 75.56, 2360749, 30, 95986, 0
8267, 176, 60, 98, 0, 0, 36.59%, 12, 0, 9, 462.58, 2362207, 30, 96060, 0
8272, 176, 3, 98, 0, 0, 36.59%, 12, 0, 9, 523.67, 2364457, 30, 96115, 0
8277, 176, 12, 98, 0, 0, 36.59%, 12, 0, 9, 470.30, 2366442, 30, 96179, 0
8282, 176, 90, 98, 0, 0, 36.59%, 12, 0, 9, 42.16, 2367758, 30, 96254, 0
8287, 176, 8, 98, 0, 0, 36.59%, 12, 0, 9, 475.42, 2369110, 30, 96308, 0
8292, 176, 60, 98, 0, 0, 36.59%, 12, 0, 9, 262.38, 2369567, 30, 96326, 0
8297, 176, 93, 98, 0, 0, 36.59%, 12, 0, 9, 36.44, 2370631, 30, 96375, 0
8302, 176, 60, 98, 0, 0, 36.59%, 12, 0, 9, 427.86, 2371093, 30, 96408, 0
8308, 176, 60, 98, 0, 0, 36.59%, 12, 0, 9, 288.91, 2372212, 30, 96473, 0
8313, 176, 80, 98, 0, 0, 36.59%, 12, 0, 9, 57.97, 2373595, 30, 96545, 0
8318, 176, 80, 98, 0, 0, 36.59%, 12, 0, 9, 149.51, 2374595, 30, 96594, 0
8323, 177, 76, 98, 0, 0, 36.59%, 12, 0, 9, 300.71, 2376466, 30, 96672, 0
8328, 177, 54, 98, 0, 0, 36.59%, 12, 0, 9, 190.29, 2377109, 30, 96777, 0
8333, 177, 77, 98, 0, 0, 36.59%, 12, 0, 9, 438.68, 2378384, 30, 96855, 0
8338, 177, 94, 98, 0, 0, 36.59%, 12, 0, 9, 118.70, 2379234, 30, 96951, 0
8343, 177, 80, 98, 0, 0, 36.59%, 12, 0, 9, 48.29, 2379593, 30, 96973, 0
8348, 177, 76, 98, 0, 0, 36.59%, 12, 0, 9, 93.65, 2380707, 30, 97061, 0
8353, 177, 60, 98, 0, 0, 36.59%, 12, 0, 9, 286.28, 2382417, 30, 97127, 0
8358, 177, 93, 98, 0, 0, 36.59%, 12, 0, 9, 39.39, 2383105, 30, 97176, 0
8364, 177, 22, 98, 0, 0, 36.59%, 12, 0, 9, 330.47, 2383990, 30, 97257, 0
8369, 177, 80, 98, 0, 0, 36.59%, 12, 0, 9, 59.64, 2385388, 30, 97312, 0
8374, 177, 80, 98, 0, 0, 36.59%, 12, 0, 9, 54.07, 2386125, 30, 97362, 0
8379, 177, 80, 98, 0, 0, 36.59%, 12, 0, 9, 143.33, 2387747, 30, 97441, 0
8384, 177, 76, 98, 0, 0, 36.59%, 12, 0, 9, 83.61, 2389776, 30, 97485, 0
8389, 177, 58, 98, 0, 0, 36.59%, 12, 0, 9, 569.29, 2391461, 30, 97563, 0
8394, 178, 60, 98, 0, 0, 36.59%, 12, 0, 9, 172.77, 2392608, 30, 97648, 0
8399, 178, 80, 98, 0, 0, 36.59%, 12, 0, 9, 59.79, 2394443, 30, 97700, 0
8404, 178, 28, 98, 0, 0, 36.59%, 12, 0, 9, 99.10, 2395503, 30, 97773, 0
8409, 178, 58, 98, 0, 0, 36.59%, 12, 0, 9, 571.85, 2397395, 30, 97833, 0
8414, 178, 76, 98, 0, 0, 36.59%, 12, 0, 9, 404.30, 2399174, 30, 97918, 0
8420, 178, 93, 98, 0, 0, 36.59%, 12, 0, 9, 35.08, 2400371, 30, 97928, 0
8425, 178, 3, 98, 0, 0, 36.59%, 12, 0, 9, 443.31, 2402291, 30, 97989, 0
8430, 178, 52, 98, 0, 0, 36.59%, 12, 0, 9, 340.85, 2404155, 30, 98098, 0
8435, 178, 93, 98, 0, 0, 36.59%, 12, 0, 9, 34.84, 2404795, 30, 98151, 0
8440, 178, 81, 98, 0, 0, 36.59%, 12, 0, 9, 402.38, 2405357, 30, 98199, 0
8445, 179, 5, 98, 0, 0, 36.59%, 12, 0, 9, 525.59, 2407800, 30, 98252, 0
8450, 179, 90, 98, 0, 0, 36.59%, 12, 0, 9, 52.28, 2409239, 30, 98338, 0
8455, 179, 90, 98, 0, 0, 36.59%, 12, 0, 9, 58.56, 2409613, 30, 98360, 0
8460, 179, 5, 98, 0, 0, 36.59%, 12, 0, 9, 69.43, 2409913, 30, 98401, 0
8466, 179, 80, 98, 0, 0, 36.59%, 12, 0, 9, 64.52, 2411150, 30, 98462, 0
8471, 179, 93, 98, 0, 0, 36.59%, 12, 0, 9, 53.91, 2411516, 30, 98483, 0
8476, 179, 7, 98, 0, 0, 36.59%, 12, 0, 9, 549.90, 2413223, 30, 98551, 0
8481, 179, 96, 98, 0, 0, 36.59%, 12, 0, 9, 384.15, 2414558, 30, 98627, 0
8486, 179, 80, 98, 0, 0, 36.59%, 12, 0, 9, 55.79, 2415621, 30, 98704, 0
8491, 179, 94, 98, 0, 0, 36.59%, 12, 0, 9, 363.86, 2416558, 30, 98751, 0
8496, 179, 58, 98, 0, 0, 36.59%, 12, 0, 9, 127.85, 2417007, 30, 98772, 0
8501, 179, 92, 98, 0, 0, 36.59%, 12, 0, 9, 35.65, 2418568, 30, 98786, 0
8507, 179, 80, 98, 0, 0, 36.59%, 12, 0, 9, 59.93, 2420228, 30, 98836, 0
8512, 179, 96, 98, 0, 0, 36.59%, 12, 0, 9, 746.49, 2421800, 30, 98903, 0
8517, 179, 80, 98, 0, 0, 36.59%, 12, 0, 9, 87.94, 2423085, 30, 98956, 0
8522, 179, 8, 98, 0, 0, 36.59%, 12, 0, 9, 745.00, 2424245, 30, 99005, 0
8527, 180, 87, 98, 0, 0, 36.59%, 12, 0, 9, 340.98, 2425730, 30, 99059, 0
8532, 180, 80, 98, 0, 0, 36.59%, 12, 0, 9, 60.95, 2426508, 30, 99124, 0
8537, 180, 86, 98, 0, 0, 36.59%, 12, 0, 9, 531.85, 2429214, 30, 99171, 0
8542, 180, 45, 98, 0, 0, 36.59%, 12, 0, 9, 525.08, 2432019, 30, 99233, 0
8547, 180, 92, 98, 0, 0, 36.59%, 12, 0, 9, 60.79, 2433085, 30, 99327, 0
8552, 180, 93, 98, 0, 0, 36.59%, 12, 0, 9, 63.20, 2433595, 30, 99358, 0
8557, 180, 24, 98, 0, 0, 36.59%, 12, 0, 9, 212.64, 2434819, 30, 99462, 0
8563, 180, 66, 98, 0, 0, 36.59%, 12, 0, 9, 287.45, 2436336, 30, 99585, 0
8568, 180, 80, 98, 0, 0, 36.59%, 12, 0, 9, 68.38, 2438481, 30, 99626, 0
8573, 180, 89, 98, 0, 0, 36.59%, 12, 0, 9, 86.91, 2439153, 30, 99687, 0
8578, 180, 76, 98, 0, 0, 36.59%, 12, 0, 9, 252.94, 2440382, 30, 99737, 0
8583, 180, 28, 98, 0, 0, 36.59%, 12, 0, 9, 434.06, 2441264, 30, 99821, 0
8588, 181, 92, 98, 0, 0, 36.59%, 12, 0, 9, 39.29, 2442137, 30, 99859, 0
8593, 181, 80, 98, 0, 0, 36.59%, 12, 0, 9, 62.97, 2442775, 30, 99904, 0
8598, 181, 76, 98, 0, 0, 36.59%, 12, 0, 9, 306.75, 2443886, 30, 100005, 0
8603, 181, 76, 98, 0, 0, 36.59%, 12, 0, 9, 81.30, 2445637, 30, 100080, 0
8609, 181, 92, 98, 0, 0, 36.59%, 12, 0, 9, 58.46, 2446297, 30, 100142, 0
8614, 181, 55, 98, 0, 0, 36.59%, 12, 0, 9, 266.83, 2446982, 30, 100203, 0
8619, 181, 96, 98, 0, 0, 36.59%, 12, 0, 9, 406.44, 2449184, 30, 100272, 0
8624, 181, 80, 98, 0, 0, 36.59%, 12, 0, 9, 70.15, 2450774, 30, 100338, 0
8629, 181, 95, 98, 0, 0, 36.59%, 12, 0, 9, 590.79, 2452602, 30, 100383, 0
8634, 181, 6, 98, 0, 0, 36.59%, 12, 0, 9, 468.02, 2454423, 30, 100434, 0
8639, 181, 76, 98, 0, 0, 36.59%, 12, 0, 9, 302.93, 2455162, 30, 100499, 0
8645, 181, 80, 98, 0, 0, 36.59%, 12, 0, 9, 304.40, 2456000, 30, 100610, 0
8650, 181, 60, 98, 0, 0, 36.59%, 12, 0, 9, 483.18, 2456912, 30, 100712, 0
8655, 181, 86, 98, 0, 0, 36.59%, 12, 0, 9, 497.84, 2458660, 30, 100784, 0
8660, 182, 96, 98, 0, 0, 36.59%, 12, 0, 9, 419.88, 2460818, 30, 100868, 0
8665, 182, 8, 98, 0, 0, 36.59%, 12, 0, 9, 329.40, 2462466, 30, 100991, 0
8670, 182, 94, 98, 0, 0, 36.59%, 12, 0, 9, 43.61, 2463749, 30, 101078, 0
8675, 182, 89, 98, 0, 0, 36.59%, 12, 0, 9, 148.72, 2465940, 30, 101111, 0
8680, 182, 92, 98, 0, 0, 36.59%, 12, 0, 9, 35.77, 2467180, 30, 101131, 0
8685, 182, 95, 98, 0, 0, 36.59%, 12, 0, 9, 349.87, 2468488, 30, 101181, 0
8690, 182, 76, 98, 0, 0, 36.59%, 12, 0, 9, 76.87, 2470399, 30, 101252, 0
8696, 182, 80, 98, 0, 0, 36.59%, 12, 0, 9, 641.21, 2472805, 30, 101304, 0
8701, 182, 1, 98, 0, 0, 36.59%, 12, 0, 9, 332.16, 2474319, 30, 101362, 0
8706, 182, 58, 98, 0, 0, 36.59%, 12, 0, 9, 322.53, 2476001, 30, 101468, 0
8711, 182, 93, 98, 0, 0, 36.59%, 12, 0, 9, 35.41, 2476580, 30, 101492, 0
8716, 183, 28, 98, 0, 0, 36.59%, 12, 0, 9, 401.07, 2478754, 30, 101555, 0
8721, 183, 60, 98, 0, 0, 36.59%, 12, 0, 9, 373.62, 2480501, 30, 101624, 0
8726, 183, 7, 98, 0, 0, 36.59%, 12, 0, 9, 466.54, 2482118, 30, 101699, 0
8731, 183, 76, 98, 0, 0, 36.59%, 12, 0, 9, 494.43, 2484757, 30, 101744, 0
8736, 183, 5, 98, 0, 0, 36.59%, 12, 0, 9, 680.00, 2485604, 30, 101801, 0
8741, 183, 80, 98, 0, 0, 36.59%, 12, 0, 9, 99.26, 2486856, 30, 101864, 0
8747, 183, 95, 98, 0, 0, 36.59%, 12, 0, 9, 355.49, 2489114, 30, 101948, 0
8752, 183, 80, 98, 0, 0, 36.59%, 12, 0, 9, 74.78, 2490883, 30, 102009, 0
8757, 183, 80, 98, 0, 0, 36.59%, 12, 0, 9, 263.09, 2492241, 30, 102112, 0
8762, 183, 75, 98, 0, 0, 36.59%, 12, 0, 9, 81.50, 2493439, 30, 102174, 0
8767, 184, 94, 98, 0, 0, 36.59%, 12, 0, 9, 84.34, 2495040, 30, 102214, 0
8772, 184, 80, 98, 0, 0, 36.59%, 12, 0, 9, 85.40, 2495618, 30, 102240, 0
8777, 184, 47, 98, 0, 0, 36.59%, 12, 0, 9, 334.42, 2497448, 30, 102314, 0
8782, 184, 80, 98, 0, 0, 36.59%, 12, 0, 9, 50.04, 2499280, 30, 102381, 0
8787, 184, 80, 98, 0, 0, 36.59%, 12, 0, 9, 61.77, 2500672, 30, 102443, 0
8793, 184, 42, 98, 0, 0, 36.59%, 12, 0, 9, 465.67, 2502207, 30, 102526, 0
8798, 184, 90, 98, 0, 0, 36.59%, 12, 0, 9, 39.07, 2504291, 30, 102599, 0
8803, 184, 77, 98, 0, 0, 36.59%, 12, 0, 9, 448.24, 2505377, 30, 102658, 0
8808, 184, 97, 98, 0, 0, 36.59%, 12, 0, 9, 391.78, 2507009, 30, 102769, 0
8813, 184, 90, 98, 0, 0, 36.59%, 12, 0, 9, 37.10, 2508650, 30, 102810, 0
8818, 184, 80, 98, 0, 0, 36.59%, 12, 0, 9, 569.39, 2509856, 30, 102834, 0
8823, 185, 23, 98, 0, 0, 36.59%, 12, 0, 9, 551.94, 2511185, 30, 102899, 0
8829, 185, 3, 98, 0, 0, 36.59%, 12, 0, 9, 737.59, 2512260, 30, 102993, 0
8834, 185, 5, 98, 0, 0, 36.59%, 12, 0, 9, 659.31, 2514182, 30, 103070, 0
8839, 185, 80, 98, 0, 0, 36.59%, 12, 0, 9, 451.63, 2516278, 30, 103153, 0
8844, 185, 80, 98, 0, 0, 36.59%, 12, 0, 9, 74.96, 2518295, 30, 103192, 0
8849, 185, 67, 98, 0, 0, 36.59%, 12, 0, 9, 321.99, 2519532, 30, 103248, 0
8854, 185, 90, 98, 0, 0, 36.59%, 12, 0, 9, 37.13, 2520755, 30, 103312, 0
8859, 185, 92, 98, 0, 0, 36.59%, 12, 0, 9, 41.64, 2520977, 30, 103338, 0
8864, 185, 8, 98, 0, 0, 36.59%, 12, 0, 9, 104.92, 2522300, 30, 103418, 0
8870, 185, 54, 98, 0, 0, 36.59%, 12, 0, 9, 56.50, 2523408, 30, 103435, 0
8875, 185, 56, 98, 0, 0, 36.59%, 12, 0, 9, 79.70, 2524710, 30, 103499, 0
8880, 185, 50, 98, 0, 0, 36.59%, 12, 0, 9, 206.76, 2525578, 30, 103577, 0
8885, 186, 26, 98, 0, 0, 36.59%, 12, 0, 9, 439.83, 2527924, 30, 103632, 0
8886, 186, 76, 98, 0, 0, 36.59%, 12, 0, 9, 436.40, 2528433, 30, 103660, 0
