# relative_time, cycles_done, cur_item, corpus_count, pending_total, pending_favs, map_size, saved_crashes, saved_hangs, max_depth, execs_per_sec, total_execs, edges_found, total_crashes, servers_count
61, 41, 1, 25, 0, 0, 30.59%, 15, 0, 3, 742.79, 42771, 26, 347, 0
66, 44, 24, 26, 0, 0, 30.59%, 15, 0, 3, 733.04, 46435, 26, 381, 0
71, 49, 22, 26, 0, 0, 30.59%, 15, 0, 3, 744.86, 50150, 26, 404, 0
76, 54, 6, 26, 0, 0, 30.59%, 15, 0, 3, 676.69, 53490, 26, 431, 0
81, 59, 6, 26, 0, 0, 30.59%, 15, 0, 3, 726.62, 57185, 26, 451, 0
86, 63, 7, 26, 0, 0, 30.59%, 15, 0, 3, 658.82, 60352, 26, 475, 0
91, 68, 24, 26, 0, 0, 30.59%, 15, 0, 3, 707.94, 64251, 26, 500, 0
96, 72, 11, 26, 0, 0, 30.59%, 15, 0, 3, 675.56, 67651, 26, 531, 0
101, 76, 20, 26, 0, 0, 30.59%, 15, 0, 3, 707.93, 71222, 26, 551, 0
106, 80, 0, 26, 0, 0, 30.59%, 15, 0, 3, 693.56, 74791, 26, 578, 0
111, 84, 6, 26, 0, 0, 30.59%, 15, 0, 3, 725.26, 78569, 26, 604, 0
117, 88, 25, 26, 0, 0, 30.59%, 15, 0, 3, 720.47, 82272, 26, 636, 0
122, 92, 8, 26, 0, 0, 30.59%, 15, 0, 3, 717.56, 85842, 26, 663, 0
127, 97, 6, 26, 0, 0, 30.59%, 15, 0, 3, 732.83, 89667, 26, 686, 0
132, 102, 8, 26, 0, 0, 30.59%, 15, 0, 3, 741.80, 93371, 26, 707, 0
137, 107, 6, 27, 1, 0, 30.59%, 15, 0, 3, 759.86, 97144, 26, 730, 0
142, 111, 5, 27, 0, 0, 30.59%, 15, 0, 3, 731.45, 100783, 26, 760, 0
147, 114, 9, 27, 0, 0, 30.59%, 15, 0, 3, 734.27, 104434, 26, 800, 0
152, 118, 24, 27, 0, 0, 30.59%, 15, 0, 3, 745.95, 108193, 26, 829, 0
157, 123, 24, 27, 0, 0, 30.59%, 15, 0, 3, 718.50, 111754, 26, 857, 0
162, 127, 2, 27, 0, 0, 30.59%, 15, 0, 3, 642.98, 115000, 26, 883, 0
167, 131, 7, 27, 0, 0, 30.59%, 15, 0, 3, 672.81, 118493, 26, 915, 0
173, 136, 7, 27, 0, 0, 30.59%, 15, 0, 3, 732.40, 122391, 26, 941, 0
178, 140, 23, 27, 0, 0, 30.59%, 15, 0, 3, 692.05, 125891, 26, 969, 0
183, 145, 5, 27, 0, 0, 30.59%, 15, 0, 3, 678.51, 129392, 26, 997, 0
188, 149, 8, 27, 0, 0, 30.59%, 15, 0, 3, 681.32, 132777, 26, 1024, 0
193, 154, 6, 27, 0, 0, 30.59%, 15, 0, 3, 689.09, 136250, 26, 1041, 0
198, 159, 2, 27, 0, 0, 30.59%, 15, 0, 3, 704.25, 139769, 26, 1060, 0
203, 163, 5, 28, 0, 0, 30.59%, 15, 0, 3, 704.79, 143319, 26, 1093, 0
208, 168, 2, 28, 0, 0, 30.59%, 15, 0, 3, 670.06, 146851, 26, 1109, 0
213, 171, 7, 28, 0, 0, 30.59%, 15, 1, 3, 750.08, 149724, 26, 1132, 0
218, 176, 5, 28, 0, 0, 30.59%, 15, 1, 3, 728.32, 153496, 26, 1170, 0
223, 180, 5, 28, 0, 0, 30.59%, 15, 1, 3, 707.92, 156996, 26, 1194, 0
228, 184, 24, 28, 0, 0, 30.59%, 15, 1, 3, 728.42, 160671, 26, 1218, 0
233, 189, 6, 28, 0, 0, 30.59%, 15, 1, 3, 706.91, 164171, 26, 1237, 0
238, 193, 7, 28, 0, 0, 30.59%, 15, 1, 3, 720.15, 167858, 26, 1262, 0
243, 198, 2, 28, 0, 0, 30.59%, 15, 1, 3, 736.77, 171575, 26, 1289, 0
248, 203, 6, 28, 0, 0, 30.59%, 15, 1, 3, 748.51, 175456, 26, 1314, 0
254, 208, 2, 28, 0, 0, 30.59%, 15, 1, 3, 740.45, 179297, 26, 1343, 0
259, 212, 2, 28, 0, 0, 30.59%, 15, 1, 3, 722.07, 182941, 26, 1380, 0
264, 217, 0, 29, 1, 0, 30.59%, 15, 1, 3, 733.35, 186627, 26, 1398, 0
269, 219, 24, 30, 1, 0, 30.59%, 15, 1, 3, 711.43, 190354, 26, 1440, 0
274, 223, 24, 30, 1, 0, 30.59%, 15, 1, 3, 711.22, 194015, 26, 1474, 0
279, 226, 24, 30, 0, 0, 30.59%, 15, 1, 3, 679.37, 197373, 26, 1514, 0
284, 231, 27, 30, 0, 0, 30.59%, 15, 1, 3, 676.44, 200927, 26, 1539, 0
289, 236, 5, 30, 0, 0, 30.59%, 15, 1, 3, 720.59, 204724, 26, 1583, 0
295, 240, 0, 30, 0, 0, 30.59%, 15, 1, 3, 639.02, 208158, 26, 1614, 0
300, 244, 2, 30, 0, 0, 30.59%, 15, 1, 3, 671.64, 211611, 26, 1641, 0
305, 249, 5, 30, 0, 0, 30.59%, 15, 1, 3, 701.56, 215394, 26, 1665, 0
310, 254, 0, 30, 0, 0, 30.59%, 15, 1, 3, 668.37, 218827, 26, 1697, 0
315, 258, 5, 30, 0, 0, 30.59%, 15, 1, 3, 617.42, 222010, 26, 1716, 0
320, 262, 24, 30, 0, 0, 30.59%, 15, 1, 3, 654.07, 225277, 26, 1733, 0
325, 267, 26, 30, 0, 0, 30.59%, 15, 1, 3, 691.57, 228909, 26, 1760, 0
330, 272, 8, 30, 0, 0, 30.59%, 15, 1, 3, 713.84, 232509, 26, 1786, 0
335, 276, 29, 30, 0, 0, 30.59%, 15, 1, 3, 721.16, 236084, 26, 1828, 0
340, 280, 23, 30, 0, 0, 30.59%, 15, 1, 3, 639.15, 239298, 26, 1854, 0
345, 285, 0, 30, 0, 0, 30.59%, 15, 1, 3, 717.16, 242970, 26, 1889, 0
351, 289, 27, 30, 0, 0, 30.59%, 15, 1, 3, 692.64, 246634, 26, 1913, 0
356, 294, 2, 30, 0, 0, 30.59%, 15, 1, 3, 713.45, 250349, 26, 1937, 0
361, 298, 6, 30, 0, 0, 30.59%, 15, 1, 3, 706.55, 253993, 26, 1959, 0
366, 303, 5, 30, 0, 0, 30.59%, 15, 1, 3, 726.88, 257629, 26, 1980, 0
366, 303, 5, 30, 0, 0, 30.59%, 15, 1, 3, 0.00, 257685, 26, 1980, 0
371, 305, 24, 30, 0, 0, 30.59%, 15, 1, 3, 644.16, 260649, 26, 2013, 0
376, 309, 24, 30, 0, 0, 30.59%, 15, 1, 3, 712.30, 264407, 26, 2044, 0
382, 313, 19, 30, 0, 0, 30.59%, 15, 1, 3, 704.16, 268096, 26, 2071, 0
387, 318, 0, 30, 0, 0, 30.59%, 15, 1, 3, 682.40, 271466, 26, 2103, 0
392, 322, 24, 30, 0, 0, 30.59%, 15, 1, 3, 730.86, 275235, 26, 2127, 0
397, 326, 27, 30, 0, 0, 30.59%, 15, 1, 3, 734.34, 279057, 26, 2161, 0
402, 331, 5, 31, 0, 0, 30.59%, 15, 1, 3, 755.41, 282872, 26, 2191, 0
407, 336, 5, 31, 0, 0, 30.59%, 15, 1, 3, 773.55, 286897, 26, 2221, 0
412, 341, 24, 31, 0, 0, 30.59%, 15, 1, 3, 770.96, 290888, 26, 2242, 0
417, 345, 28, 31, 0, 0, 30.59%, 15, 1, 3, 685.01, 294283, 26, 2268, 0
422, 349, 7, 31, 0, 0, 30.59%, 15, 1, 3, 689.96, 297787, 26, 2297, 0
428, 354, 5, 31, 0, 0, 30.59%, 15, 1, 3, 729.33, 301691, 26, 2321, 0
433, 358, 5, 31, 0, 0, 30.59%, 15, 1, 3, 730.31, 305377, 26, 2357, 0
438, 363, 7, 31, 0, 0, 30.59%, 15, 1, 3, 747.37, 309130, 26, 2375, 0
443, 367, 7, 31, 0, 0, 30.59%, 15, 1, 3, 715.05, 312858, 26, 2412, 0
448, 371, 5, 31, 0, 0, 30.59%, 15, 1, 3, 694.68, 316413, 26, 2449, 0
453, 375, 5, 31, 0, 0, 30.59%, 15, 1, 3, 678.32, 319725, 26, 2473, 0
458, 379, 5, 31, 0, 0, 30.59%, 15, 1, 3, 732.43, 323613, 26, 2520, 0
463, 383, 27, 31, 0, 0, 30.59%, 15, 1, 3, 703.44, 327313, 26, 2557, 0
468, 387, 31, 32, 0, 0, 30.59%, 15, 1, 3, 723.55, 330956, 26, 2600, 0
474, 391, 7, 32, 0, 0, 30.59%, 15, 1, 3, 736.87, 334830, 26, 2642, 0
479, 394, 19, 32, 0, 0, 30.59%, 15, 1, 3, 738.48, 338664, 26, 2697, 0
484, 397, 31, 32, 0, 0, 30.59%, 15, 1, 3, 693.36, 342256, 26, 2734, 0
489, 399, 31, 32, 0, 0, 30.59%, 15, 1, 3, 648.09, 345506, 26, 2789, 0
494, 402, 28, 32, 0, 0, 30.59%, 15, 1, 3, 724.04, 349379, 26, 2838, 0
499, 405, 31, 32, 0, 0, 30.59%, 15, 1, 3, 744.20, 353271, 26, 2876, 0
504, 408, 31, 32, 0, 0, 30.59%, 15, 1, 3, 745.34, 357035, 26, 2922, 0
509, 411, 31, 32, 0, 0, 30.59%, 15, 1, 3, 715.63, 360679, 26, 2970, 0
514, 414, 31, 32, 0, 0, 30.59%, 15, 1, 3, 683.49, 364200, 26, 3012, 0
519, 417, 27, 32, 0, 0, 30.59%, 15, 1, 3, 700.69, 367682, 26, 3061, 0
524, 420, 31, 32, 0, 0, 30.59%, 15, 1, 3, 715.46, 371290, 26, 3101, 0
530, 424, 5, 32, 0, 0, 30.59%, 15, 1, 3, 615.24, 374766, 26, 3144, 0
535, 427, 31, 32, 0, 0, 30.59%, 15, 1, 3, 659.65, 378229, 26, 3177, 0
540, 431, 8, 32, 0, 0, 30.59%, 15, 1, 3, 707.10, 381819, 26, 3208, 0
545, 435, 5, 32, 0, 0, 30.59%, 15, 1, 3, 737.66, 385561, 26, 3241, 0
550, 437, 31, 32, 0, 0, 30.59%, 15, 1, 3, 733.58, 389379, 26, 3290, 0
555, 441, 31, 32, 0, 0, 30.59%, 15, 1, 3, 723.62, 393019, 26, 3330, 0
560, 444, 31, 32, 0, 0, 30.59%, 15, 1, 3, 733.02, 396835, 26, 3375, 0
565, 448, 5, 32, 0, 0, 30.59%, 15, 1, 3, 739.29, 400564, 26, 3409, 0
570, 451, 29, 32, 0, 0, 30.59%, 15, 1, 3, 737.26, 404280, 26, 3451, 0
575, 454, 32, 33, 1, 1, 31.76%, 15, 1, 3, 740.03, 408008, 27, 3501, 0
580, 456, 32, 42, 8, 0, 31.76%, 15, 1, 3, 678.63, 411725, 27, 3542, 0
586, 458, 29, 43, 7, 0, 31.76%, 16, 1, 3, 706.60, 415347, 27, 3579, 0
591, 460, 31, 43, 7, 0, 31.76%, 16, 1, 3, 685.50, 418833, 27, 3626, 0
596, 461, 32, 43, 4, 0, 31.76%, 16, 1, 3, 682.34, 422111, 27, 3654, 0
601, 463, 9, 43, 1, 0, 31.76%, 16, 1, 3, 682.95, 425518, 27, 3685, 0
606, 464, 31, 43, 1, 0, 31.76%, 16, 1, 3, 692.83, 429128, 27, 3773, 0
611, 467, 5, 43, 1, 0, 31.76%, 16, 1, 3, 713.08, 432860, 27, 3844, 0
616, 469, 31, 43, 1, 0, 31.76%, 16, 1, 3, 713.30, 436555, 27, 3933, 0
621, 470, 32, 44, 2, 0, 31.76%, 16, 2, 3, 637.51, 439247, 27, 3997, 0
626, 472, 10, 44, 1, 0, 31.76%, 16, 2, 3, 669.33, 442657, 27, 4083, 0
632, 473, 36, 45, 2, 0, 31.76%, 16, 2, 3, 673.99, 446200, 27, 4204, 0
637, 475, 32, 46, 2, 0, 31.76%, 16, 2, 3, 688.73, 449681, 27, 4281, 0
642, 477, 32, 46, 1, 0, 31.76%, 16, 2, 3, 666.94, 452907, 27, 4331, 0
647, 479, 32, 46, 0, 0, 31.76%, 16, 2, 3, 691.12, 456394, 27, 4436, 0
652, 481, 26, 46, 0, 0, 31.76%, 16, 2, 3, 674.60, 459769, 27, 4507, 0
657, 483, 30, 46, 0, 0, 31.76%, 16, 2, 3, 694.47, 463238, 27, 4569, 0
662, 485, 33, 46, 0, 0, 31.76%, 16, 2, 3, 706.81, 466901, 27, 4642, 0
667, 488, 32, 46, 0, 0, 31.76%, 16, 2, 3, 696.25, 470490, 27, 4735, 0
672, 490, 30, 46, 0, 0, 31.76%, 16, 3, 3, 656.89, 473160, 27, 4779, 0
677, 493, 0, 46, 0, 0, 31.76%, 16, 3, 3, 682.25, 476590, 27, 4827, 0
682, 495, 43, 46, 0, 0, 31.76%, 16, 3, 3, 687.82, 480127, 27, 4885, 0
687, 497, 42, 46, 0, 0, 31.76%, 16, 3, 3, 670.00, 483727, 27, 4963, 0
692, 500, 32, 46, 0, 0, 31.76%, 16, 3, 3, 696.96, 487264, 27, 5026, 0
698, 502, 32, 46, 0, 0, 31.76%, 16, 3, 3, 698.32, 490863, 27, 5089, 0
703, 505, 32, 46, 0, 0, 31.76%, 16, 3, 3, 712.70, 494467, 27, 5140, 0
708, 508, 2, 47, 1, 1, 36.47%, 16, 3, 3, 704.55, 498111, 31, 5192, 0
713, 509, 46, 47, 0, 0, 36.47%, 16, 3, 3, 599.96, 501058, 31, 5455, 0
718, 510, 46, 48, 1, 0, 36.47%, 16, 3, 3, 545.48, 503871, 31, 5773, 0
723, 512, 0, 48, 0, 0, 36.47%, 17, 3, 3, 554.32, 506849, 31, 6021, 0
728, 513, 46, 48, 0, 0, 36.47%, 17, 3, 3, 636.08, 510229, 31, 6149, 0
733, 515, 16, 48, 0, 0, 36.47%, 17, 3, 3, 646.76, 513445, 31, 6331, 0
738, 516, 46, 48, 0, 0, 36.47%, 17, 3, 3, 596.45, 516331, 31, 6584, 0
743, 518, 7, 48, 0, 0, 36.47%, 17, 3, 3, 645.74, 519560, 31, 6779, 0
748, 519, 32, 48, 0, 0, 36.47%, 17, 3, 3, 482.39, 522621, 31, 6983, 0
753, 520, 46, 48, 0, 0, 36.47%, 17, 3, 3, 585.91, 525706, 31, 7103, 0
758, 522, 32, 48, 0, 0, 36.47%, 17, 3, 3, 584.50, 528670, 31, 7272, 0
763, 523, 34, 48, 0, 0, 36.47%, 17, 3, 3, 603.06, 531609, 31, 7510, 0
768, 524, 46, 48, 0, 0, 36.47%, 17, 3, 3, 600.64, 534641, 31, 7682, 0
774, 526, 32, 48, 0, 0, 36.47%, 17, 3, 3, 667.00, 538063, 31, 7877, 0
779, 528, 6, 48, 0, 0, 36.47%, 17, 3, 3, 597.30, 540998, 31, 8189, 0
784, 529, 32, 48, 0, 0, 36.47%, 17, 3, 3, 633.13, 544231, 31, 8419, 0
789, 530, 32, 48, 0, 0, 36.47%, 17, 3, 3, 639.55, 547563, 31, 8560, 0
794, 532, 0, 48, 0, 0, 36.47%, 17, 3, 3, 577.11, 550365, 31, 8904, 0
799, 533, 28, 48, 0, 0, 36.47%, 17, 3, 3, 587.40, 553353, 31, 9199, 0
804, 534, 46, 48, 0, 0, 36.47%, 17, 3, 3, 620.48, 556491, 31, 9403, 0
809, 536, 32, 48, 0, 0, 36.47%, 17, 3, 3, 676.46, 560090, 31, 9508, 0
814, 538, 8, 48, 0, 0, 36.47%, 17, 3, 3, 579.59, 562975, 31, 9694, 0
819, 539, 46, 48, 0, 0, 36.47%, 17, 3, 3, 569.33, 565863, 31, 9827, 0
824, 541, 7, 49, 1, 0, 36.47%, 17, 3, 3, 574.92, 568766, 31, 9978, 0
829, 542, 32, 49, 1, 0, 36.47%, 17, 3, 3, 504.48, 571228, 31, 10188, 0
834, 543, 38, 49, 1, 0, 36.47%, 17, 3, 3, 540.17, 573933, 31, 10333, 0
840, 544, 46, 49, 1, 0, 36.47%, 17, 3, 3, 561.74, 576875, 31, 10577, 0
845, 546, 6, 49, 1, 0, 36.47%, 17, 3, 3, 585.96, 579695, 31, 10857, 0
850, 547, 46, 49, 1, 0, 36.47%, 17, 3, 3, 591.15, 582785, 31, 11111, 0
855, 549, 6, 49, 1, 0, 36.47%, 17, 3, 3, 601.45, 585668, 31, 11296, 0
860, 550, 7, 50, 2, 0, 36.47%, 17, 4, 3, 561.79, 587979, 31, 11548, 0
865, 551, 32, 50, 1, 0, 36.47%, 17, 4, 3, 626.43, 591182, 31, 11770, 0
870, 552, 46, 50, 1, 0, 36.47%, 17, 4, 3, 625.26, 594416, 31, 11975, 0
875, 554, 34, 50, 1, 0, 36.47%, 17, 4, 3, 641.47, 597760, 31, 12071, 0
880, 555, 46, 50, 1, 0, 36.47%, 17, 4, 3, 587.71, 600766, 31, 12334, 0
885, 557, 37, 50, 1, 0, 36.47%, 17, 4, 3, 620.32, 603981, 31, 12567, 0
890, 558, 46, 50, 0, 0, 36.47%, 17, 4, 3, 645.45, 607232, 31, 12724, 0
896, 559, 46, 50, 0, 0, 36.47%, 17, 4, 3, 545.53, 609965, 31, 12909, 0
901, 561, 38, 50, 0, 0, 36.47%, 17, 4, 3, 605.62, 613093, 31, 13052, 0
906, 563, 31, 50, 0, 0, 36.47%, 17, 4, 3, 676.73, 616640, 31, 13163, 0
911, 564, 37, 50, 0, 0, 36.47%, 17, 4, 3, 689.96, 620111, 31, 13271, 0
916, 566, 21, 50, 0, 0, 36.47%, 17, 4, 3, 668.08, 623267, 31, 13503, 0
921, 568, 6, 50, 0, 0, 36.47%, 17, 4, 3, 655.75, 626414, 31, 13738, 0
926, 570, 32, 50, 0, 0, 36.47%, 17, 4, 3, 653.20, 629707, 31, 13941, 0
931, 572, 39, 50, 0, 0, 36.47%, 17, 4, 3, 673.70, 633155, 31, 14114, 0
936, 574, 0, 50, 0, 0, 36.47%, 17, 4, 3, 583.38, 636122, 31, 14372, 0
941, 575, 46, 50, 0, 0, 36.47%, 17, 4, 3, 602.36, 639309, 31, 14503, 0
946, 577, 8, 50, 0, 0, 36.47%, 17, 4, 3, 621.86, 642442, 31, 14727, 0
951, 578, 47, 50, 0, 0, 36.47%, 17, 4, 3, 583.12, 645514, 31, 15021, 0
957, 580, 46, 50, 0, 0, 36.47%, 17, 4, 3, 644.78, 648779, 31, 15251, 0
962, 582, 2, 50, 0, 0, 36.47%, 17, 4, 3, 597.22, 651783, 31, 15558, 0
967, 583, 5, 50, 0, 0, 36.47%, 17, 4, 3, 588.43, 654883, 31, 15731, 0
972, 585, 46, 50, 0, 0, 36.47%, 17, 4, 3, 671.10, 658471, 31, 15848, 0
977, 587, 46, 50, 0, 0, 36.47%, 17, 4, 3, 671.04, 661933, 31, 16008, 0
982, 589, 5, 50, 0, 0, 36.47%, 17, 4, 3, 650.64, 665166, 31, 16200, 0
987, 590, 46, 50, 0, 0, 36.47%, 17, 4, 3, 661.88, 668671, 31, 16334, 0
992, 593, 0, 50, 0, 0, 36.47%, 17, 4, 3, 654.75, 671994, 31, 16521, 0
997, 594, 7, 50, 0, 0, 36.47%, 17, 4, 3, 594.62, 674841, 31, 16864, 0
1002, 596, 5, 50, 0, 0, 36.47%, 17, 4, 3, 638.18, 678213, 31, 17055, 0
1008, 597, 43, 50, 0, 0, 36.47%, 17, 4, 3, 694.91, 681838, 31, 17169, 0
1013, 598, 46, 50, 0, 0, 36.47%, 17, 4, 3, 644.38, 685184, 31, 17285, 0
1018, 600, 32, 50, 0, 0, 36.47%, 17, 4, 3, 626.31, 688179, 31, 17594, 0
1023, 601, 49, 50, 0, 0, 36.47%, 17, 4, 3, 650.08, 691503, 31, 17752, 0
1028, 603, 46, 50, 0, 0, 36.47%, 17, 4, 3, 647.97, 694825, 31, 17880, 0
1033, 605, 27, 50, 0, 0, 36.47%, 17, 4, 3, 674.48, 698342, 31, 18021, 0
1038, 606, 46, 50, 0, 0, 36.47%, 17, 4, 3, 635.38, 701557, 31, 18241, 0
1043, 608, 46, 50, 0, 0, 36.47%, 17, 4, 3, 621.09, 704561, 31, 18496, 0
1048, 610, 46, 50, 0, 0, 36.47%, 17, 4, 3, 641.39, 707929, 31, 18650, 0
1053, 612, 46, 50, 0, 0, 36.47%, 17, 4, 3, 650.40, 711282, 31, 18861, 0
1058, 614, 6, 50, 0, 0, 36.47%, 17, 4, 3, 646.23, 714439, 31, 19063, 0
1063, 615, 46, 50, 0, 0, 36.47%, 17, 4, 3, 599.98, 717503, 31, 19313, 0
1068, 617, 31, 50, 0, 0, 36.47%, 17, 4, 3, 630.23, 720627, 31, 19576, 0
1074, 619, 32, 51, 1, 0, 36.47%, 17, 4, 3, 622.07, 723787, 31, 19829, 0
1079, 620, 45, 51, 0, 0, 36.47%, 17, 4, 3, 604.41, 726648, 31, 20131, 0
1084, 621, 6, 52, 1, 0, 36.47%, 17, 4, 3, 504.72, 729044, 31, 20641, 0
1089, 623, 6, 52, 1, 0, 36.47%, 17, 4, 3, 655.90, 732629, 31, 20757, 0
1094, 624, 46, 52, 0, 0, 36.47%, 17, 4, 3, 583.73, 735438, 31, 21132, 0
1099, 626, 0, 52, 0, 0, 36.47%, 17, 4, 3, 569.97, 738434, 31, 21389, 0
1104, 627, 8, 52, 0, 0, 36.47%, 17, 4, 3, 594.80, 741526, 31, 21596, 0
1109, 628, 46, 52, 0, 0, 36.47%, 17, 4, 3, 578.96, 744504, 31, 21872, 0
1114, 630, 30, 52, 0, 0, 36.47%, 17, 4, 3, 618.51, 747589, 31, 22146, 0
1119, 632, 7, 52, 0, 0, 36.47%, 17, 4, 3, 629.93, 750666, 31, 22418, 0
1124, 633, 46, 52, 0, 0, 36.47%, 17, 4, 3, 596.11, 753611, 31, 22754, 0
1129, 636, 6, 52, 0, 0, 36.47%, 17, 4, 3, 669.62, 756966, 31, 22931, 0
1134, 637, 34, 52, 0, 0, 36.47%, 17, 4, 3, 676.25, 760353, 31, 23013, 0
1139, 639, 37, 52, 0, 0, 36.47%, 17, 4, 3, 662.11, 763757, 31, 23138, 0
1145, 642, 0, 52, 0, 0, 36.47%, 17, 4, 3, 592.44, 766849, 31, 23410, 0
1150, 644, 0, 52, 0, 0, 36.47%, 17, 4, 3, 636.03, 770309, 31, 23590, 0
1155, 645, 51, 52, 0, 0, 36.47%, 17, 4, 3, 582.86, 773432, 31, 23870, 0
1160, 648, 27, 52, 0, 0, 36.47%, 17, 4, 3, 668.42, 776957, 31, 24010, 0
1165, 650, 32, 52, 0, 0, 36.47%, 17, 4, 3, 691.09, 780436, 31, 24098, 0
1170, 653, 2, 52, 0, 0, 36.47%, 17, 4, 3, 688.13, 783826, 31, 24205, 0
1175, 655, 40, 52, 0, 0, 36.47%, 17, 4, 3, 685.13, 787267, 31, 24364, 0
1180, 657, 29, 52, 0, 0, 36.47%, 17, 4, 3, 669.49, 790615, 31, 24492, 0
1185, 659, 1, 52, 0, 0, 36.47%, 17, 4, 3, 573.08, 793618, 31, 24734, 0
1190, 660, 36, 53, 1, 0, 36.47%, 17, 4, 3, 678.91, 797144, 31, 24809, 0
1195, 662, 39, 53, 0, 0, 36.47%, 17, 4, 3, 680.96, 800523, 31, 24954, 0
1200, 664, 42, 53, 0, 0, 36.47%, 17, 4, 3, 664.45, 803814, 31, 25137, 0
1205, 666, 46, 53, 0, 0, 36.47%, 17, 4, 3, 663.62, 807141, 31, 25266, 0
1210, 669, 8, 53, 0, 0, 36.47%, 17, 4, 3, 670.27, 810540, 31, 25394, 0
1215, 671, 46, 53, 0, 0, 36.47%, 17, 4, 3, 657.08, 813906, 31, 25549, 0
1220, 674, 0, 53, 0, 0, 36.47%, 17, 4, 3, 633.67, 817336, 31, 25722, 0
1225, 676, 46, 53, 0, 0, 36.47%, 17, 4, 3, 665.77, 820763, 31, 25846, 0
1230, 678, 38, 53, 0, 0, 36.47%, 17, 4, 3, 676.11, 824132, 31, 25987, 0
1235, 681, 24, 53, 0, 0, 36.47%, 17, 4, 3, 682.26, 827450, 31, 26149, 0
1241, 683, 7, 53, 0, 0, 36.47%, 17, 4, 3, 649.54, 830722, 31, 26302, 0
1246, 685, 36, 53, 0, 0, 36.47%, 17, 4, 3, 669.32, 834197, 31, 26403, 0
1251, 687, 32, 53, 0, 0, 36.47%, 17, 4, 3, 585.23, 837168, 31, 26631, 0
1256, 688, 46, 53, 0, 0, 36.47%, 17, 4, 3, 629.97, 840370, 31, 26713, 0
1261, 690, 45, 53, 0, 0, 36.47%, 17, 4, 3, 657.55, 843656, 31, 26908, 0
1266, 693, 38, 53, 0, 0, 36.47%, 17, 4, 3, 662.50, 847156, 31, 27023, 0
1266, 693, 38, 53, 0, 0, 36.47%, 17, 4, 3, 0.00, 847169, 31, 27023, 0
1271, 695, 32, 53, 0, 0, 36.47%, 17, 4, 3, 629.37, 850516, 31, 27152, 0
1277, 697, 42, 53, 0, 0, 36.47%, 17, 4, 3, 660.90, 853949, 31, 27255, 0
1282, 701, 0, 53, 0, 0, 36.47%, 17, 4, 3, 651.26, 857268, 31, 27455, 0
1287, 703, 32, 53, 0, 0, 36.47%, 17, 4, 3, 676.95, 860658, 31, 27579, 0
1292, 705, 5, 53, 0, 0, 36.47%, 17, 4, 3, 637.78, 863753, 31, 27688, 0
1297, 708, 2, 53, 0, 0, 36.47%, 17, 4, 3, 641.44, 867065, 31, 27818, 0
1302, 710, 0, 53, 0, 0, 36.47%, 17, 4, 3, 606.25, 870056, 31, 28127, 0
1307, 712, 0, 53, 0, 0, 36.47%, 17, 4, 3, 536.63, 872964, 31, 28450, 0
1312, 714, 7, 53, 0, 0, 36.47%, 17, 4, 3, 585.35, 876111, 31, 28708, 0
1317, 717, 7, 53, 0, 0, 36.47%, 17, 4, 3, 686.73, 879680, 31, 28802, 0
1322, 720, 8, 53, 0, 0, 36.47%, 17, 4, 3, 678.54, 883180, 31, 28951, 0
1327, 722, 31, 53, 0, 0, 36.47%, 17, 4, 3, 637.93, 886378, 31, 29059, 0
1332, 725, 2, 53, 0, 0, 36.47%, 17, 4, 3, 663.62, 889766, 31, 29206, 0
1337, 726, 52, 53, 0, 0, 36.47%, 17, 4, 3, 585.71, 892835, 31, 29464, 0
1342, 728, 26, 53, 0, 0, 36.47%, 17, 4, 3, 631.62, 896049, 31, 29551, 0
1347, 730, 5, 53, 0, 0, 36.47%, 17, 4, 3, 595.34, 898874, 31, 29819, 0
1353, 731, 45, 53, 0, 0, 36.47%, 17, 4, 3, 626.22, 902197, 31, 29963, 0
1358, 733, 8, 53, 0, 0, 36.47%, 17, 4, 3, 661.42, 905626, 31, 30100, 0
1363, 736, 5, 53, 0, 0, 36.47%, 17, 4, 3, 684.83, 909177, 31, 30243, 0
1368, 738, 49, 53, 0, 0, 36.47%, 17, 4, 3, 703.73, 912792, 31, 30366, 0
1373, 741, 2, 53, 0, 0, 36.47%, 17, 4, 3, 642.64, 915960, 31, 30531, 0
1378, 743, 7, 53, 0, 0, 36.47%, 17, 4, 3, 675.70, 919537, 31, 30616, 0
1383, 745, 32, 53, 0, 0, 36.47%, 17, 4, 3, 677.32, 922899, 31, 30700, 0
1388, 747, 0, 53, 0, 0, 36.47%, 17, 4, 3, 553.93, 925731, 31, 31014, 0
1393, 749, 27, 53, 0, 0, 36.47%, 17, 4, 3, 657.74, 929112, 31, 31193, 0
1399, 751, 33, 53, 0, 0, 36.47%, 17, 4, 3, 670.84, 932608, 31, 31302, 0
1404, 753, 41, 53, 0, 0, 36.47%, 17, 4, 3, 669.60, 936069, 31, 31381, 0
1409, 755, 31, 53, 0, 0, 36.47%, 17, 4, 3, 668.79, 939435, 31, 31528, 0
1414, 758, 1, 53, 0, 0, 36.47%, 17, 4, 3, 664.20, 942786, 31, 31665, 0
1419, 761, 0, 53, 0, 0, 36.47%, 17, 4, 3, 569.38, 946182, 31, 31800, 0
1424, 762, 48, 53, 0, 0, 36.47%, 17, 4, 3, 619.31, 949463, 31, 31876, 0
1429, 765, 31, 53, 0, 0, 36.47%, 17, 4, 3, 639.38, 952781, 31, 32029, 0
1434, 767, 52, 53, 0, 0, 36.47%, 17, 4, 3, 608.22, 955663, 31, 32322, 0
1439, 770, 31, 53, 0, 0, 36.47%, 17, 4, 3, 654.52, 958998, 31, 32451, 0
1444, 772, 52, 53, 0, 0, 36.47%, 17, 4, 3, 645.38, 962308, 31, 32606, 0
1449, 775, 2, 53, 0, 0, 36.47%, 17, 4, 3, 656.99, 965696, 31, 32726, 0
1454, 776, 46, 53, 0, 0, 36.47%, 17, 4, 3, 600.46, 968530, 31, 33032, 0
1460, 779, 31, 53, 0, 0, 36.47%, 17, 4, 3, 660.97, 972007, 31, 33161, 0
1465, 780, 47, 53, 0, 0, 36.47%, 17, 4, 3, 547.82, 974832, 31, 33391, 0
1470, 783, 32, 53, 0, 0, 36.47%, 17, 4, 3, 610.43, 978141, 31, 33584, 0
1475, 784, 46, 53, 0, 0, 36.47%, 17, 4, 3, 620.88, 981352, 31, 33794, 0
1480, 787, 45, 53, 0, 0, 36.47%, 17, 4, 3, 664.09, 984823, 31, 33886, 0
1485, 789, 5, 53, 0, 0, 36.47%, 17, 4, 3, 604.29, 987559, 31, 34224, 0
1490, 791, 49, 53, 0, 0, 36.47%, 17, 4, 3, 638.82, 990867, 31, 34392, 0
1495, 793, 46, 53, 0, 0, 36.47%, 17, 4, 3, 660.76, 994217, 31, 34474, 0
1500, 795, 7, 53, 0, 0, 36.47%, 17, 4, 3, 612.41, 997149, 31, 34665, 0
1505, 796, 53, 54, 1, 0, 36.47%, 17, 4, 3, 596.95, 1000205, 31, 34835, 0
1510, 799, 36, 54, 0, 0, 36.47%, 17, 4, 3, 685.01, 1003819, 31, 34935, 0
1515, 801, 46, 54, 0, 0, 36.47%, 17, 4, 3, 662.02, 1007137, 31, 35050, 0
1521, 805, 0, 54, 0, 0, 36.47%, 17, 4, 3, 629.25, 1010405, 31, 35286, 0
1526, 807, 7, 54, 0, 0, 36.47%, 17, 4, 3, 689.35, 1013945, 31, 35361, 0
1531, 809, 14, 54, 0, 0, 36.47%, 17, 4, 3, 651.01, 1017343, 31, 35477, 0
1536, 811, 28, 54, 0, 0, 36.47%, 17, 4, 3, 674.26, 1020705, 31, 35590, 0
1541, 813, 43, 54, 0, 0, 36.47%, 17, 4, 3, 663.12, 1024083, 31, 35694, 0
1546, 815, 51, 54, 0, 0, 36.47%, 17, 4, 3, 638.80, 1027321, 31, 35799, 0
1551, 818, 6, 54, 0, 0, 36.47%, 17, 4, 3, 631.28, 1030254, 31, 36061, 0
1556, 820, 2, 54, 0, 0, 36.47%, 17, 4, 3, 641.71, 1033555, 31, 36188, 0
1561, 822, 6, 54, 0, 0, 36.47%, 17, 4, 3, 670.56, 1037032, 31, 36323, 0
1566, 824, 46, 54, 0, 0, 36.47%, 17, 4, 3, 644.49, 1040327, 31, 36414, 0
1571, 828, 0, 54, 0, 0, 36.47%, 17, 4, 3, 659.75, 1043780, 31, 36572, 0
1576, 828, 50, 54, 0, 0, 36.47%, 17, 4, 3, 575.20, 1046689, 31, 36836, 0
1581, 832, 7, 54, 0, 0, 36.47%, 17, 4, 3, 664.35, 1050157, 31, 36975, 0
1586, 833, 47, 54, 0, 0, 36.47%, 17, 4, 3, 609.21, 1053280, 31, 37105, 0
1592, 836, 31, 54, 0, 0, 36.47%, 17, 4, 3, 661.73, 1056732, 31, 37228, 0
1597, 839, 2, 54, 0, 0, 36.47%, 17, 4, 3, 629.03, 1059816, 31, 37346, 0
1602, 840, 32, 54, 0, 0, 36.47%, 17, 4, 3, 670.85, 1063257, 31, 37428, 0
1607, 843, 2, 54, 0, 0, 36.47%, 17, 4, 3, 588.19, 1066166, 31, 37518, 0
1612, 844, 50, 54, 0, 0, 36.47%, 17, 4, 3, 605.87, 1069247, 31, 37783, 0
1617, 846, 7, 54, 0, 0, 36.47%, 17, 4, 3, 131.27, 1071841, 31, 38071, 0
1622, 849, 2, 54, 0, 0, 36.47%, 17, 4, 3, 521.78, 1075032, 31, 38214, 0
1627, 851, 36, 54, 0, 0, 36.47%, 17, 4, 3, 608.47, 1078159, 31, 38296, 0
1632, 853, 53, 54, 0, 0, 36.47%, 17, 4, 3, 673.51, 1081707, 31, 38430, 0
1637, 856, 32, 54, 0, 0, 36.47%, 17, 4, 3, 690.42, 1085318, 31, 38528, 0
1642, 859, 0, 54, 0, 0, 36.47%, 17, 4, 3, 586.41, 1088269, 31, 38745, 0
1648, 861, 5, 54, 0, 0, 36.47%, 17, 4, 3, 648.34, 1091624, 31, 38845, 0
1653, 862, 50, 54, 0, 0, 36.47%, 17, 4, 3, 597.53, 1094699, 31, 38990, 0
1658, 864, 51, 54, 0, 0, 36.47%, 17, 4, 3, 532.42, 1097613, 31, 39269, 0
1663, 867, 31, 54, 0, 0, 36.47%, 17, 4, 3, 628.36, 1100807, 31, 39401, 0
1668, 869, 46, 54, 0, 0, 36.47%, 17, 4, 3, 706.44, 1104320, 31, 39560, 0
1673, 872, 51, 54, 0, 0, 36.47%, 17, 4, 3, 678.07, 1107813, 31, 39692, 0
1678, 874, 53, 54, 0, 0, 36.47%, 17, 4, 3, 645.39, 1110917, 31, 39891, 0
1683, 877, 7, 54, 0, 0, 36.47%, 17, 4, 3, 621.98, 1114105, 31, 39990, 0
1688, 878, 34, 54, 0, 0, 36.47%, 17, 4, 3, 597.51, 1117197, 31, 40053, 0
1693, 880, 7, 54, 0, 0, 36.47%, 17, 4, 3, 636.92, 1120370, 31, 40159, 0
1699, 882, 5, 54, 0, 0, 36.47%, 17, 4, 3, 664.82, 1123847, 31, 40299, 0
1704, 885, 32, 54, 0, 0, 36.47%, 17, 4, 3, 672.79, 1127249, 31, 40427, 0
1709, 887, 6, 54, 0, 0, 36.47%, 17, 4, 3, 619.17, 1130229, 31, 40712, 0
1714, 889, 44, 54, 0, 0, 36.47%, 17, 4, 3, 613.63, 1133431, 31, 40836, 0
1719, 891, 32, 54, 0, 0, 36.47%, 17, 4, 3, 615.44, 1136279, 31, 40959, 0
1724, 894, 32, 54, 0, 0, 36.47%, 17, 4, 3, 660.94, 1139697, 31, 41107, 0
1729, 896, 47, 54, 0, 0, 36.47%, 17, 4, 3, 678.82, 1143246, 31, 41245, 0
1734, 898, 46, 54, 0, 0, 36.47%, 17, 4, 3, 625.89, 1146379, 31, 41388, 0
1740, 901, 0, 54, 0, 0, 36.47%, 17, 4, 3, 571.78, 1149050, 31, 41651, 0
1745, 903, 47, 54, 0, 0, 36.47%, 17, 4, 3, 571.78, 1152091, 31, 41823, 0
1750, 905, 8, 54, 0, 0, 36.47%, 17, 4, 3, 548.54, 1154555, 31, 42248, 0
1755, 907, 52, 54, 0, 0, 36.47%, 17, 4, 3, 556.83, 1157483, 31, 42375, 0
1760, 909, 12, 54, 0, 0, 36.47%, 17, 4, 3, 553.97, 1160250, 31, 42424, 0
1765, 911, 49, 54, 0, 0, 36.47%, 17, 4, 3, 625.14, 1163566, 31, 42591, 0
1770, 913, 48, 54, 0, 0, 36.47%, 17, 4, 3, 585.62, 1166436, 31, 42669, 0
1775, 916, 2, 54, 0, 0, 36.47%, 17, 4, 3, 647.55, 1169812, 31, 42769, 0
1780, 918, 34, 54, 0, 0, 36.47%, 17, 4, 3, 670.06, 1173203, 31, 42898, 0
1785, 921, 0, 54, 0, 0, 36.47%, 17, 4, 3, 627.77, 1176400, 31, 42980, 0
1790, 923, 46, 54, 0, 0, 36.47%, 17, 4, 3, 653.60, 1179842, 31, 43073, 0
1795, 925, 27, 54, 0, 0, 36.47%, 17, 4, 3, 668.72, 1183153, 31, 43239, 0
1800, 927, 2, 54, 0, 0, 36.47%, 17, 4, 3, 661.76, 1186429, 31, 43353, 0
1805, 929, 0, 54, 0, 0, 36.47%, 17, 4, 3, 616.74, 1189534, 31, 43425, 0
1810, 931, 13, 54, 0, 0, 36.47%, 17, 4, 3, 607.95, 1192648, 31, 43544, 0
1815, 933, 46, 54, 0, 0, 36.47%, 17, 4, 3, 639.16, 1195918, 31, 43661, 0
1821, 936, 31, 54, 0, 0, 36.47%, 17, 4, 3, 693.11, 1199479, 31, 43762, 0
1826, 938, 42, 54, 0, 0, 36.47%, 17, 4, 3, 667.17, 1202614, 31, 44011, 0
1831, 940, 46, 54, 0, 0, 36.47%, 17, 4, 3, 654.34, 1205940, 31, 44157, 0
1836, 942, 33, 54, 0, 0, 36.47%, 17, 4, 3, 613.29, 1208820, 31, 44414, 0
1841, 945, 7, 54, 0, 0, 36.47%, 17, 4, 3, 665.26, 1212239, 31, 44499, 0
1846, 946, 49, 54, 0, 0, 36.47%, 17, 4, 3, 663.00, 1215608, 31, 44636, 0
1851, 948, 27, 54, 0, 0, 36.47%, 17, 4, 3, 613.79, 1218475, 31, 44878, 0
1856, 950, 5, 54, 0, 0, 36.47%, 17, 4, 3, 634.04, 1221805, 31, 45058, 0
1861, 953, 1, 54, 0, 0, 36.47%, 17, 4, 3, 659.03, 1225270, 31, 45197, 0
1866, 954, 51, 54, 0, 0, 36.47%, 17, 4, 3, 623.39, 1228465, 31, 45334, 0
1871, 956, 50, 54, 0, 0, 36.47%, 17, 4, 3, 630.42, 1231585, 31, 45594, 0
1876, 958, 53, 54, 0, 0, 36.47%, 17, 4, 3, 626.46, 1234854, 31, 45848, 0
1881, 960, 47, 54, 0, 0, 36.47%, 17, 4, 3, 645.93, 1238260, 31, 46013, 0
1886, 963, 30, 54, 0, 0, 36.47%, 17, 4, 3, 637.57, 1241324, 31, 46278, 0
1891, 965, 46, 54, 0, 0, 36.47%, 17, 4, 3, 657.44, 1244502, 31, 46504, 0
1896, 967, 51, 54, 0, 0, 36.47%, 17, 4, 3, 580.01, 1247626, 31, 46772, 0
1902, 970, 27, 54, 0, 0, 36.47%, 17, 4, 3, 668.15, 1251150, 31, 46925, 0
1907, 973, 0, 55, 1, 0, 36.47%, 17, 4, 3, 667.47, 1254557, 31, 47103, 0
1912, 975, 38, 55, 1, 0, 36.47%, 17, 4, 3, 663.28, 1257942, 31, 47221, 0
1917, 977, 32, 55, 1, 0, 36.47%, 17, 4, 3, 720.94, 1261600, 31, 47326, 0
1922, 980, 31, 55, 1, 0, 36.47%, 17, 4, 3, 657.99, 1264843, 31, 47553, 0
1927, 983, 5, 55, 0, 0, 36.47%, 17, 4, 3, 668.13, 1268321, 31, 47725, 0
1932, 985, 8, 55, 0, 0, 36.47%, 17, 4, 3, 638.38, 1271629, 31, 47970, 0
1937, 988, 5, 55, 0, 0, 36.47%, 17, 4, 3, 647.11, 1274942, 31, 48075, 0
1942, 990, 2, 55, 0, 0, 36.47%, 17, 4, 3, 549.43, 1277820, 31, 48363, 0
1948, 992, 2, 55, 0, 0, 36.47%, 17, 4, 3, 606.86, 1281160, 31, 48481, 0
1953, 993, 49, 55, 0, 0, 36.47%, 17, 4, 3, 670.82, 1284723, 31, 48602, 0
1958, 996, 5, 55, 0, 0, 36.47%, 17, 4, 3, 672.49, 1288168, 31, 48708, 0
1963, 999, 21, 55, 0, 0, 36.47%, 17, 4, 3, 673.46, 1291570, 31, 48883, 0
1968, 1002, 8, 55, 0, 0, 36.47%, 17, 4, 3, 682.14, 1295004, 31, 48993, 0
1973, 1004, 46, 55, 0, 0, 36.47%, 17, 4, 3, 658.81, 1298209, 31, 49134, 0
1978, 1005, 47, 55, 0, 0, 36.47%, 17, 4, 3, 535.19, 1301078, 31, 49393, 0
1983, 1007, 2, 55, 0, 0, 36.47%, 17, 4, 3, 550.09, 1303905, 31, 49508, 0
1988, 1009, 6, 55, 0, 0, 36.47%, 17, 4, 3, 591.49, 1306922, 31, 49606, 0
1993, 1012, 7, 55, 0, 0, 36.47%, 17, 4, 3, 678.83, 1310530, 31, 49699, 0
1998, 1015, 5, 55, 0, 0, 36.47%, 17, 4, 3, 626.66, 1313692, 31, 49844, 0
2003, 1017, 7, 55, 0, 0, 36.47%, 17, 4, 3, 644.81, 1316891, 31, 49963, 0
2009, 1019, 8, 55, 0, 0, 36.47%, 17, 4, 3, 651.37, 1320115, 31, 50204, 0
2014, 1021, 34, 55, 0, 0, 36.47%, 17, 4, 3, 641.63, 1323323, 31, 50346, 0
2019, 1023, 46, 55, 0, 0, 36.47%, 17, 4, 3, 676.60, 1326719, 31, 50449, 0
2024, 1025, 27, 56, 1, 0, 36.47%, 17, 4, 3, 599.63, 1329671, 31, 50602, 0
2029, 1027, 36, 56, 1, 0, 36.47%, 17, 4, 3, 652.71, 1333008, 31, 50739, 0
2034, 1029, 45, 56, 1, 0, 36.47%, 17, 4, 3, 649.89, 1336264, 31, 50834, 0
2039, 1031, 52, 56, 0, 0, 36.47%, 17, 4, 3, 687.22, 1339907, 31, 50911, 0
2044, 1034, 2, 56, 0, 0, 36.47%, 17, 4, 3, 687.29, 1343338, 31, 51014, 0
2049, 1035, 48, 56, 0, 0, 36.47%, 17, 4, 3, 657.32, 1346735, 31, 51099, 0
2054, 1037, 32, 56, 0, 0, 36.47%, 17, 4, 3, 633.39, 1349906, 31, 51186, 0
2059, 1040, 31, 56, 0, 0, 36.47%, 17, 4, 3, 698.11, 1353439, 31, 51312, 0
2064, 1042, 44, 56, 0, 0, 36.47%, 17, 4, 3, 683.38, 1356828, 31, 51416, 0
2069, 1045, 31, 56, 0, 0, 36.47%, 17, 4, 3, 686.23, 1360300, 31, 51588, 0
2074, 1047, 32, 56, 0, 0, 36.47%, 17, 4, 3, 645.30, 1363460, 31, 51684, 0
2079, 1049, 32, 56, 0, 0, 36.47%, 17, 4, 3, 628.70, 1366484, 31, 51876, 0
2084, 1051, 32, 56, 0, 0, 36.47%, 17, 4, 3, 694.80, 1369985, 31, 51962, 0
2089, 1053, 6, 56, 0, 0, 36.47%, 17, 4, 3, 574.73, 1372939, 31, 52199, 0
2095, 1055, 0, 56, 0, 0, 36.47%, 17, 4, 3, 609.79, 1376156, 31, 52283, 0
2100, 1057, 7, 56, 0, 0, 36.47%, 17, 4, 3, 694.56, 1379698, 31, 52400, 0
2105, 1058, 55, 56, 0, 0, 36.47%, 17, 4, 3, 658.50, 1383031, 31, 52505, 0
2110, 1061, 8, 56, 0, 0, 36.47%, 17, 4, 3, 692.72, 1386585, 31, 52614, 0
2115, 1063, 46, 56, 0, 0, 36.47%, 17, 4, 3, 700.11, 1390262, 31, 52670, 0
2120, 1065, 33, 56, 0, 0, 36.47%, 17, 4, 3, 684.09, 1393764, 31, 52745, 0
2125, 1066, 46, 56, 0, 0, 36.47%, 17, 4, 3, 658.61, 1397096, 31, 52945, 0
2130, 1068, 37, 56, 0, 0, 36.47%, 17, 4, 3, 649.21, 1400304, 31, 53042, 0
2135, 1070, 0, 56, 0, 0, 36.47%, 17, 4, 3, 613.69, 1403505, 31, 53220, 0
2140, 1073, 46, 56, 0, 0, 36.47%, 17, 4, 3, 672.34, 1407098, 31, 53338, 0
2145, 1076, 46, 56, 0, 0, 36.47%, 17, 4, 3, 675.21, 1410382, 31, 53520, 0
2150, 1078, 46, 56, 0, 0, 36.47%, 17, 4, 3, 679.14, 1413835, 31, 53641, 0
2156, 1080, 45, 56, 0, 0, 36.47%, 17, 4, 3, 686.56, 1417287, 31, 53831, 0
2161, 1082, 24, 56, 0, 0, 36.47%, 17, 4, 3, 711.85, 1421014, 31, 53921, 0
2166, 1083, 53, 56, 0, 0, 36.47%, 17, 4, 3, 631.05, 1424092, 31, 54129, 0
2171, 1086, 28, 56, 0, 0, 36.47%, 17, 4, 3, 675.45, 1427636, 31, 54298, 0
2176, 1089, 6, 56, 0, 0, 36.47%, 17, 4, 3, 704.51, 1431132, 31, 54420, 0
2181, 1092, 7, 56, 0, 0, 36.47%, 17, 4, 3, 714.39, 1434725, 31, 54523, 0
2186, 1094, 33, 56, 0, 0, 36.47%, 17, 4, 3, 699.33, 1438206, 31, 54665, 0
2191, 1097, 32, 56, 0, 0, 36.47%, 17, 4, 3, 685.42, 1441622, 31, 54759, 0
2196, 1098, 52, 56, 0, 0, 36.47%, 17, 4, 3, 596.50, 1444755, 31, 55004, 0
2201, 1101, 7, 56, 0, 0, 36.47%, 17, 4, 3, 673.35, 1448249, 31, 55126, 0
2206, 1103, 47, 56, 0, 0, 36.47%, 17, 4, 3, 673.22, 1451845, 31, 55264, 0
2212, 1106, 7, 57, 0, 0, 36.47%, 17, 4, 3, 672.66, 1455168, 31, 55362, 0
2217, 1109, 0, 57, 0, 0, 36.47%, 17, 4, 3, 680.34, 1458768, 31, 55499, 0
2222, 1110, 42, 57, 0, 0, 36.47%, 17, 4, 3, 688.73, 1462286, 31, 55606, 0
2227, 1112, 49, 57, 0, 0, 36.47%, 17, 4, 3, 686.97, 1465742, 31, 55749, 0
2232, 1115, 35, 57, 0, 0, 36.47%, 17, 4, 3, 675.53, 1469136, 31, 55876, 0
2237, 1117, 35, 57, 0, 0, 36.47%, 17, 4, 3, 692.14, 1472745, 31, 55956, 0
2242, 1118, 43, 57, 0, 0, 36.47%, 17, 4, 3, 655.77, 1475881, 31, 56137, 0
2247, 1121, 8, 58, 1, 0, 36.47%, 17, 4, 3, 640.28, 1479150, 31, 56262, 0
2252, 1123, 46, 58, 0, 0, 36.47%, 17, 4, 3, 641.67, 1482199, 31, 56467, 0
2257, 1125, 41, 58, 0, 0, 36.47%, 17, 4, 3, 650.99, 1485487, 31, 56523, 0
2262, 1128, 6, 58, 0, 0, 36.47%, 17, 4, 3, 669.94, 1488803, 31, 56680, 0
2267, 1130, 6, 58, 0, 0, 36.47%, 17, 4, 3, 532.21, 1492451, 31, 56793, 0
2272, 1131, 53, 58, 0, 0, 36.47%, 17, 4, 3, 606.40, 1495441, 31, 57014, 0
2278, 1134, 46, 58, 0, 0, 36.47%, 17, 4, 3, 671.30, 1499012, 31, 57107, 0
2283, 1136, 31, 58, 0, 0, 36.47%, 17, 4, 3, 663.31, 1502190, 31, 57292, 0
2288, 1137, 51, 58, 0, 0, 36.47%, 17, 4, 3, 606.97, 1505085, 31, 57587, 0
2293, 1139, 41, 58, 0, 0, 36.47%, 17, 4, 3, 646.55, 1508474, 31, 57701, 0
2298, 1141, 57, 58, 0, 0, 36.47%, 17, 4, 3, 631.78, 1511788, 31, 57840, 0
2303, 1143, 31, 58, 0, 0, 36.47%, 17, 4, 3, 628.43, 1514845, 31, 58013, 0
2308, 1145, 35, 58, 0, 0, 36.47%, 17, 4, 3, 661.71, 1518361, 31, 58103, 0
2313, 1146, 51, 58, 0, 0, 36.47%, 17, 4, 3, 607.74, 1521499, 31, 58320, 0
2318, 1150, 5, 58, 0, 0, 36.47%, 17, 4, 3, 698.24, 1525020, 31, 58491, 0
2323, 1152, 5, 58, 0, 0, 36.47%, 17, 4, 3, 616.10, 1528142, 31, 58711, 0
2328, 1154, 31, 58, 0, 0, 36.47%, 17, 4, 3, 656.45, 1531485, 31, 58831, 0
2333, 1156, 45, 58, 0, 0, 36.47%, 17, 4, 3, 664.43, 1534854, 31, 58927, 0
2338, 1158, 7, 58, 0, 0, 36.47%, 17, 4, 3, 587.42, 1537681, 31, 59274, 0
2343, 1160, 34, 58, 0, 0, 36.47%, 17, 4, 3, 666.01, 1541263, 31, 59383, 0
2348, 1161, 53, 58, 0, 0, 36.47%, 17, 4, 3, 634.37, 1544466, 31, 59486, 0
2354, 1163, 39, 58, 0, 0, 36.47%, 17, 4, 3, 571.61, 1547340, 31, 59870, 0
2359, 1166, 0, 58, 0, 0, 36.47%, 17, 4, 3, 619.54, 1550588, 31, 60035, 0
2364, 1168, 6, 58, 0, 0, 36.47%, 17, 4, 3, 628.06, 1553864, 31, 60130, 0
2369, 1169, 57, 58, 0, 0, 36.47%, 17, 4, 3, 563.22, 1556748, 31, 60341, 0
2374, 1171, 38, 58, 0, 0, 36.47%, 17, 4, 3, 649.42, 1560011, 31, 60491, 0
2379, 1172, 51, 58, 0, 0, 36.47%, 17, 4, 3, 552.49, 1562852, 31, 60781, 0
2384, 1175, 31, 58, 0, 0, 36.47%, 17, 4, 3, 643.86, 1566088, 31, 60979, 0
2389, 1177, 6, 58, 0, 0, 36.47%, 17, 4, 3, 585.89, 1568806, 31, 61267, 0
2394, 1180, 52, 58, 0, 0, 36.47%, 17, 4, 3, 667.60, 1572395, 31, 61413, 0
2400, 1183, 8, 58, 0, 0, 36.47%, 17, 4, 3, 706.65, 1576144, 31, 61506, 0
2405, 1184, 52, 58, 0, 0, 36.47%, 17, 4, 3, 686.40, 1579608, 31, 61628, 0
2410, 1187, 42, 58, 0, 0, 36.47%, 17, 4, 3, 694.77, 1583117, 31, 61757, 0
2415, 1190, 7, 58, 0, 0, 36.47%, 17, 4, 3, 675.42, 1586479, 31, 61887, 0
2420, 1192, 22, 58, 0, 0, 36.47%, 17, 4, 3, 583.92, 1589430, 31, 62157, 0
2425, 1194, 5, 58, 0, 0, 36.47%, 17, 4, 3, 628.79, 1592559, 31, 62372, 0
2430, 1196, 45, 58, 0, 0, 36.47%, 17, 4, 3, 663.97, 1595996, 31, 62472, 0
2435, 1199, 7, 58, 0, 0, 36.47%, 17, 4, 3, 664.79, 1599324, 31, 62634, 0
2440, 1200, 55, 58, 0, 0, 36.47%, 17, 4, 3, 634.94, 1602423, 31, 62849, 0
2445, 1202, 49, 58, 0, 0, 36.47%, 17, 4, 3, 614.72, 1605459, 31, 63030, 0
2450, 1204, 46, 58, 0, 0, 36.47%, 17, 4, 3, 599.80, 1608483, 31, 63298, 0
2455, 1206, 46, 58, 0, 0, 36.47%, 17, 4, 3, 655.69, 1611876, 31, 63375, 0
2460, 1208, 7, 58, 0, 0, 36.47%, 17, 4, 3, 604.23, 1614713, 31, 63460, 0
2465, 1210, 48, 58, 0, 0, 36.47%, 17, 4, 3, 575.78, 1617654, 31, 63703, 0
2471, 1213, 29, 58, 0, 0, 36.47%, 17, 4, 3, 640.41, 1620785, 31, 63808, 0
2476, 1215, 2, 58, 0, 0, 36.47%, 17, 4, 3, 644.71, 1624023, 31, 63931, 0
2481, 1217, 46, 58, 0, 0, 36.47%, 17, 4, 3, 604.44, 1627257, 31, 64019, 0
2486, 1219, 32, 58, 0, 0, 36.47%, 17, 4, 3, 648.46, 1630583, 31, 64093, 0
2491, 1221, 2, 58, 0, 0, 36.47%, 17, 4, 3, 666.71, 1633900, 31, 64226, 0
2496, 1223, 8, 58, 0, 0, 36.47%, 17, 4, 3, 644.85, 1637308, 31, 64303, 0
2501, 1225, 15, 58, 0, 0, 36.47%, 17, 4, 3, 683.77, 1640676, 31, 64404, 0
2506, 1228, 40, 58, 0, 0, 36.47%, 17, 4, 3, 699.87, 1644291, 31, 64544, 0
2511, 1230, 57, 59, 1, 0, 36.47%, 17, 4, 3, 582.60, 1647396, 31, 64726, 0
2516, 1232, 0, 59, 0, 0, 36.47%, 17, 4, 3, 488.70, 1649790, 31, 65006, 0
2521, 1233, 43, 59, 0, 0, 36.47%, 17, 4, 3, 582.23, 1652877, 31, 65157, 0
2527, 1235, 57, 59, 0, 0, 36.47%, 17, 4, 3, 646.32, 1656328, 31, 65302, 0
2532, 1238, 5, 59, 0, 0, 36.47%, 17, 4, 3, 629.95, 1659276, 31, 65511, 0
2537, 1239, 50, 59, 0, 0, 36.47%, 17, 4, 3, 613.13, 1662571, 31, 65694, 0
2542, 1242, 53, 59, 0, 0, 36.47%, 17, 4, 3, 631.71, 1665729, 31, 65920, 0
2547, 1245, 28, 59, 0, 0, 36.47%, 17, 4, 3, 691.48, 1669269, 31, 66041, 0
2552, 1247, 28, 59, 0, 0, 36.47%, 17, 4, 3, 649.33, 1672463, 31, 66207, 0
2557, 1249, 32, 59, 0, 0, 36.47%, 17, 4, 3, 697.65, 1676068, 31, 66321, 0
2562, 1251, 27, 59, 0, 0, 36.47%, 17, 4, 3, 692.60, 1679468, 31, 66401, 0
2567, 1253, 51, 59, 0, 0, 36.47%, 17, 4, 3, 530.34, 1682236, 31, 66685, 0
2572, 1256, 22, 59, 0, 0, 36.47%, 17, 4, 3, 599.78, 1685358, 31, 66784, 0
2577, 1258, 8, 59, 0, 0, 36.47%, 17, 4, 3, 568.27, 1688320, 31, 67037, 0
2582, 1261, 32, 59, 0, 0, 36.47%, 17, 4, 3, 679.50, 1691851, 31, 67139, 0
2587, 1263, 56, 59, 0, 0, 36.47%, 17, 4, 3, 665.87, 1695177, 31, 67232, 0
2592, 1265, 32, 59, 0, 0, 36.47%, 17, 4, 3, 635.04, 1698359, 31, 67398, 0
2598, 1267, 38, 59, 0, 0, 36.47%, 17, 4, 3, 579.15, 1701283, 31, 67491, 0
2603, 1269, 46, 59, 0, 0, 36.47%, 17, 4, 3, 595.70, 1703942, 31, 67864, 0
2608, 1271, 50, 59, 0, 0, 36.47%, 17, 4, 3, 599.05, 1707253, 31, 68096, 0
2613, 1274, 7, 59, 0, 0, 36.47%, 17, 4, 3, 636.55, 1710408, 31, 68359, 0
2618, 1275, 44, 59, 0, 0, 36.47%, 17, 4, 3, 670.79, 1713771, 31, 68471, 0
2623, 1278, 11, 59, 0, 0, 36.47%, 17, 4, 3, 645.79, 1717047, 31, 68573, 0
2628, 1280, 46, 59, 0, 0, 36.47%, 17, 4, 3, 628.52, 1720235, 31, 68816, 0
2633, 1283, 36, 59, 0, 0, 36.47%, 17, 4, 3, 679.73, 1723776, 31, 68930, 0
2638, 1285, 47, 59, 0, 0, 36.47%, 17, 4, 3, 649.87, 1727097, 31, 69102, 0
2643, 1287, 0, 59, 0, 0, 36.47%, 17, 4, 3, 540.58, 1729827, 31, 69437, 0
2648, 1289, 32, 59, 0, 0, 36.47%, 17, 4, 3, 614.82, 1732869, 31, 69717, 0
2653, 1290, 39, 59, 0, 0, 36.47%, 17, 4, 3, 599.00, 1735768, 31, 69953, 0
2658, 1292, 2, 59, 0, 0, 36.47%, 17, 4, 3, 608.61, 1738933, 31, 70170, 0
2664, 1295, 5, 59, 0, 0, 36.47%, 17, 4, 3, 699.76, 1742648, 31, 70268, 0
2669, 1297, 40, 59, 0, 0, 36.47%, 17, 4, 3, 666.50, 1745819, 31, 70508, 0
2674, 1300, 5, 59, 0, 0, 36.47%, 17, 4, 3, 682.15, 1749298, 31, 70567, 0
2679, 1302, 46, 59, 0, 0, 36.47%, 17, 4, 3, 627.00, 1752383, 31, 70728, 0
2684, 1305, 32, 59, 0, 0, 36.47%, 17, 4, 3, 649.58, 1755485, 31, 70980, 0
2689, 1307, 43, 59, 0, 0, 36.47%, 17, 4, 3, 613.38, 1758373, 31, 71187, 0
2694, 1310, 6, 59, 0, 0, 36.47%, 17, 4, 3, 657.69, 1761707, 31, 71304, 0
2699, 1313, 0, 59, 0, 0, 36.47%, 17, 4, 3, 624.94, 1764855, 31, 71403, 0
2704, 1314, 46, 59, 0, 0, 36.47%, 17, 4, 3, 634.50, 1768070, 31, 71617, 0
2709, 1317, 46, 59, 0, 0, 36.47%, 17, 4, 3, 690.05, 1771584, 31, 71742, 0
2714, 1320, 2, 59, 0, 0, 36.47%, 17, 4, 3, 684.94, 1775097, 31, 71862, 0
2719, 1322, 2, 59, 0, 0, 36.47%, 17, 4, 3, 624.78, 1778202, 31, 72117, 0
2724, 1324, 35, 59, 0, 0, 36.47%, 17, 4, 3, 622.73, 1781279, 31, 72212, 0
2729, 1326, 35, 59, 0, 0, 36.47%, 17, 4, 3, 699.86, 1784489, 31, 72372, 0
2734, 1328, 39, 59, 0, 0, 36.47%, 17, 4, 3, 663.97, 1787614, 31, 72544, 0
2739, 1330, 57, 59, 0, 0, 36.47%, 17, 4, 3, 598.12, 1790742, 31, 72775, 0
2745, 1332, 54, 59, 0, 0, 36.47%, 17, 4, 3, 647.18, 1794058, 31, 72864, 0
2750, 1334, 32, 59, 0, 0, 36.47%, 17, 4, 3, 679.15, 1797506, 31, 72955, 0
2755, 1336, 31, 59, 0, 0, 36.47%, 17, 4, 3, 657.72, 1800845, 31, 73032, 0
2760, 1338, 51, 59, 0, 0, 36.47%, 17, 4, 3, 630.26, 1804114, 31, 73173, 0
2765, 1341, 2, 59, 0, 0, 36.47%, 17, 4, 3, 653.42, 1807274, 31, 73422, 0
2770, 1343, 31, 59, 0, 0, 36.47%, 17, 4, 3, 668.08, 1810804, 31, 73562, 0
2775, 1346, 10, 59, 0, 0, 36.47%, 17, 4, 3, 677.56, 1814167, 31, 73782, 0
2780, 1348, 6, 59, 0, 0, 36.47%, 17, 4, 3, 659.10, 1817465, 31, 73919, 0
2785, 1350, 5, 59, 0, 0, 36.47%, 17, 4, 3, 644.29, 1820676, 31, 74040, 0
2790, 1353, 7, 59, 0, 0, 36.47%, 17, 4, 3, 620.98, 1823913, 31, 74152, 0
2795, 1355, 19, 59, 0, 0, 36.47%, 17, 4, 3, 648.71, 1827172, 31, 74279, 0
2800, 1357, 52, 59, 0, 0, 36.47%, 17, 4, 3, 605.62, 1830112, 31, 74404, 0
2806, 1359, 35, 59, 0, 0, 36.47%, 17, 4, 3, 579.39, 1833148, 31, 74473, 0
2811, 1360, 52, 59, 0, 0, 36.47%, 17, 4, 3, 695.63, 1835653, 31, 74704, 0
2816, 1362, 2, 59, 0, 0, 36.47%, 17, 4, 3, 478.95, 1837913, 31, 74967, 0
2821, 1364, 8, 59, 0, 0, 36.47%, 17, 4, 3, 563.53, 1840820, 31, 75030, 0
2826, 1366, 31, 59, 0, 0, 36.47%, 17, 4, 3, 559.17, 1843578, 31, 75107, 0
2831, 1367, 46, 59, 0, 0, 36.47%, 17, 4, 3, 71.25, 1845978, 31, 75320, 0
2836, 1370, 0, 59, 0, 0, 36.47%, 17, 4, 3, 642.61, 1848945, 31, 75432, 0
2841, 1371, 31, 59, 0, 0, 36.47%, 17, 4, 3, 270.05, 1851125, 31, 75497, 0
2847, 1372, 13, 59, 0, 0, 36.47%, 17, 4, 3, 393.27, 1853269, 31, 75765, 0
2852, 1374, 43, 59, 0, 0, 36.47%, 17, 4, 3, 641.79, 1855913, 31, 75870, 0
2857, 1375, 35, 59, 0, 0, 36.47%, 17, 4, 3, 157.17, 1858685, 31, 75938, 0
2862, 1377, 25, 59, 0, 0, 36.47%, 17, 4, 3, 496.78, 1861702, 31, 76064, 0
2867, 1379, 2, 59, 0, 0, 36.47%, 17, 4, 3, 624.71, 1864583, 31, 76169, 0
2872, 1380, 53, 59, 0, 0, 36.47%, 17, 4, 3, 599.28, 1867595, 31, 76395, 0
2877, 1382, 8, 59, 0, 0, 36.47%, 17, 4, 3, 597.83, 1870304, 31, 76559, 0
2882, 1384, 7, 59, 0, 0, 36.47%, 17, 4, 3, 463.12, 1873170, 31, 76661, 0
2887, 1385, 2, 59, 0, 0, 36.47%, 17, 4, 3, 537.39, 1874845, 31, 76856, 0
2892, 1386, 32, 59, 0, 0, 36.47%, 17, 4, 3, 625.51, 1877292, 31, 76917, 0
2897, 1389, 0, 59, 0, 0, 36.47%, 17, 4, 3, 684.63, 1880861, 31, 76993, 0
2903, 1390, 52, 59, 0, 0, 36.47%, 17, 4, 3, 608.15, 1883892, 31, 77238, 0
2908, 1393, 31, 59, 0, 0, 36.47%, 17, 4, 3, 678.55, 1887487, 31, 77341, 0
2913, 1396, 46, 59, 0, 0, 36.47%, 17, 4, 3, 686.74, 1890937, 31, 77495, 0
2918, 1400, 2, 59, 0, 0, 36.47%, 17, 4, 3, 710.88, 1894555, 31, 77628, 0
2923, 1401, 58, 59, 0, 0, 36.47%, 17, 4, 3, 624.79, 1897788, 31, 77807, 0
2928, 1403, 55, 59, 0, 0, 36.47%, 17, 4, 3, 591.49, 1900835, 31, 78019, 0
2933, 1406, 39, 59, 0, 0, 36.47%, 17, 4, 3, 691.63, 1904554, 31, 78120, 0
2938, 1408, 8, 59, 0, 0, 36.47%, 17, 4, 3, 654.79, 1907618, 31, 78248, 0
2943, 1409, 50, 59, 0, 0, 36.47%, 17, 4, 3, 630.45, 1910745, 31, 78508, 0
2948, 1412, 39, 59, 0, 0, 36.47%, 17, 4, 3, 687.91, 1914199, 31, 78677, 0
2953, 1414, 32, 59, 0, 0, 36.47%, 17, 4, 3, 677.16, 1917547, 31, 78827, 0
2958, 1416, 49, 59, 0, 0, 36.47%, 17, 4, 3, 658.81, 1920888, 31, 78931, 0
2963, 1418, 36, 59, 0, 0, 36.47%, 17, 4, 3, 663.75, 1924197, 31, 79038, 0
2968, 1420, 37, 59, 0, 0, 36.47%, 17, 4, 3, 678.80, 1927657, 31, 79109, 0
2973, 1422, 51, 59, 0, 0, 36.47%, 17, 4, 3, 601.15, 1930443, 31, 79431, 0
2979, 1424, 9, 59, 0, 0, 36.47%, 17, 4, 3, 586.21, 1932985, 31, 79809, 0
2984, 1427, 5, 59, 0, 0, 36.47%, 17, 4, 3, 653.32, 1936417, 31, 79897, 0
2989, 1428, 46, 59, 0, 0, 36.47%, 17, 4, 3, 603.04, 1939413, 31, 80089, 0
2994, 1430, 46, 59, 0, 0, 36.47%, 17, 4, 3, 655.54, 1942708, 31, 80205, 0
2999, 1433, 31, 59, 0, 0, 36.47%, 17, 4, 3, 677.08, 1946193, 31, 80295, 0
3004, 1435, 58, 59, 0, 0, 36.47%, 17, 4, 3, 564.92, 1949187, 31, 80475, 0
3009, 1438, 46, 59, 0, 0, 36.47%, 17, 4, 3, 640.28, 1952377, 31, 80627, 0
3014, 1441, 8, 59, 0, 0, 36.47%, 17, 4, 3, 612.34, 1955528, 31, 80819, 0
3019, 1442, 40, 59, 0, 0, 36.47%, 17, 4, 3, 650.64, 1958677, 31, 80960, 0
3024, 1444, 33, 59, 0, 0, 36.47%, 17, 4, 3, 679.30, 1962243, 31, 81070, 0
3030, 1446, 46, 59, 0, 0, 36.47%, 17, 4, 3, 689.61, 1965718, 31, 81192, 0
3035, 1448, 48, 59, 0, 0, 36.47%, 17, 4, 3, 645.58, 1969019, 31, 81326, 0
3040, 1451, 48, 59, 0, 0, 36.47%, 17, 4, 3, 639.31, 1972429, 31, 81463, 0
3045, 1454, 34, 59, 0, 0, 36.47%, 17, 4, 3, 673.68, 1975934, 31, 81586, 0
3050, 1456, 43, 59, 0, 0, 36.47%, 17, 4, 3, 683.07, 1979382, 31, 81670, 0
3055, 1458, 6, 59, 0, 0, 36.47%, 17, 4, 3, 622.50, 1982415, 31, 81752, 0
3060, 1459, 46, 59, 0, 0, 36.47%, 17, 4, 3, 597.49, 1985378, 31, 81929, 0
3065, 1461, 7, 59, 0, 0, 36.47%, 17, 4, 3, 628.16, 1988515, 31, 82110, 0
3070, 1463, 6, 59, 0, 0, 36.47%, 17, 4, 3, 656.87, 1991854, 31, 82199, 0
3076, 1465, 38, 59, 0, 0, 36.47%, 17, 4, 3, 663.46, 1995326, 31, 82302, 0
3081, 1467, 48, 59, 0, 0, 36.47%, 17, 4, 3, 645.44, 1998714, 31, 82483, 0
3086, 1469, 36, 59, 0, 0, 36.47%, 17, 4, 3, 674.90, 2002076, 31, 82628, 0
3091, 1472, 29, 59, 0, 0, 36.47%, 17, 4, 3, 660.89, 2005358, 31, 82771, 0
3096, 1473, 57, 59, 0, 0, 36.47%, 17, 4, 3, 525.15, 2008122, 31, 82945, 0
3101, 1475, 51, 59, 0, 0, 36.47%, 17, 4, 3, 583.05, 2011269, 31, 83076, 0
3106, 1478, 27, 59, 0, 0, 36.47%, 17, 4, 3, 615.30, 2014350, 31, 83268, 0
3111, 1480, 34, 59, 0, 0, 36.47%, 17, 4, 3, 618.73, 2017518, 31, 83361, 0
3116, 1482, 6, 59, 0, 0, 36.47%, 17, 4, 3, 592.85, 2020237, 31, 83595, 0
3122, 1484, 8, 59, 0, 0, 36.47%, 17, 4, 3, 661.20, 2023642, 31, 83672, 0
3127, 1486, 37, 59, 0, 0, 36.47%, 17, 4, 3, 687.36, 2027012, 31, 83828, 0
3132, 1488, 35, 59, 0, 0, 36.47%, 17, 4, 3, 662.02, 2030191, 31, 83935, 0
3137, 1490, 38, 59, 0, 0, 36.47%, 17, 4, 3, 675.22, 2033718, 31, 84006, 0
3142, 1493, 0, 59, 0, 0, 36.47%, 17, 4, 3, 655.64, 2037092, 31, 84108, 0
3147, 1495, 32, 59, 0, 0, 36.47%, 17, 4, 3, 697.56, 2040755, 31, 84212, 0
3152, 1498, 25, 59, 0, 0, 36.47%, 17, 4, 3, 690.01, 2044079, 31, 84320, 0
3157, 1500, 50, 59, 0, 0, 36.47%, 17, 4, 3, 573.10, 2047037, 31, 84588, 0
3163, 1502, 49, 59, 0, 0, 36.47%, 17, 4, 3, 619.07, 2050362, 31, 84761, 0
3168, 1505, 31, 59, 0, 0, 36.47%, 17, 4, 3, 660.47, 2053731, 31, 84855, 0
3173, 1508, 2, 59, 0, 0, 36.47%, 17, 4, 3, 699.75, 2057231, 31, 84932, 0
3178, 1510, 5, 59, 0, 0, 36.47%, 17, 4, 3, 668.06, 2060692, 31, 85137, 0
3183, 1512, 58, 59, 0, 0, 36.47%, 17, 4, 3, 673.03, 2064116, 31, 85262, 0
3188, 1513, 58, 59, 0, 0, 36.47%, 17, 4, 3, 486.08, 2066440, 31, 85655, 0
3193, 1515, 57, 59, 0, 0, 36.47%, 17, 4, 3, 587.69, 2069582, 31, 85826, 0
3198, 1518, 49, 59, 0, 0, 36.47%, 17, 4, 3, 641.04, 2072848, 31, 85961, 0
3203, 1520, 32, 59, 0, 0, 36.47%, 17, 4, 3, 645.16, 2076088, 31, 86115, 0
3208, 1523, 7, 59, 0, 0, 36.47%, 17, 4, 3, 637.01, 2079351, 31, 86313, 0
3213, 1525, 8, 59, 0, 0, 36.47%, 17, 4, 3, 658.22, 2082680, 31, 86420, 0
3218, 1527, 32, 60, 1, 0, 36.47%, 17, 4, 3, 658.46, 2086055, 31, 86529, 0
3223, 1529, 46, 60, 0, 0, 36.47%, 17, 4, 3, 615.93, 2089097, 31, 86703, 0
3228, 1533, 0, 60, 0, 0, 36.47%, 17, 4, 3, 694.01, 2092717, 31, 86788, 0
3233, 1535, 46, 60, 0, 0, 36.47%, 17, 4, 3, 710.30, 2096330, 31, 86880, 0
3239, 1538, 28, 60, 0, 0, 36.47%, 17, 4, 3, 694.43, 2099951, 31, 87006, 0
3244, 1540, 2, 60, 0, 0, 36.47%, 17, 4, 3, 497.66, 2102404, 31, 87498, 0
3249, 1541, 44, 60, 0, 0, 36.47%, 17, 4, 3, 626.59, 2105792, 31, 87555, 0
3254, 1544, 30, 60, 0, 0, 36.47%, 17, 4, 3, 626.76, 2108994, 31, 87672, 0
3259, 1547, 25, 60, 0, 0, 36.47%, 17, 4, 3, 683.74, 2112526, 31, 87795, 0
3264, 1549, 51, 60, 0, 0, 36.47%, 17, 4, 3, 631.45, 2115808, 31, 87923, 0
3269, 1552, 0, 60, 0, 0, 36.47%, 17, 4, 3, 634.73, 2118712, 31, 88170, 0
3274, 1553, 38, 60, 0, 0, 36.47%, 17, 4, 3, 567.51, 2121563, 31, 88382, 0
3279, 1555, 46, 60, 0, 0, 36.47%, 17, 4, 3, 635.86, 2124736, 31, 88467, 0
3284, 1558, 7, 60, 0, 0, 36.47%, 17, 4, 3, 659.32, 2128066, 31, 88597, 0
3289, 1559, 58, 60, 0, 0, 36.47%, 17, 4, 3, 545.87, 2130834, 31, 88808, 0
3294, 1562, 8, 60, 0, 0, 36.47%, 17, 4, 3, 602.91, 2133945, 31, 88915, 0
3299, 1565, 8, 60, 0, 0, 36.47%, 17, 4, 3, 618.42, 2137173, 31, 89022, 0
3305, 1567, 11, 60, 0, 0, 36.47%, 17, 4, 3, 641.47, 2140372, 31, 89138, 0
3310, 1569, 46, 61, 1, 0, 36.47%, 17, 4, 3, 608.72, 2143552, 31, 89209, 0
3315, 1571, 11, 61, 0, 0, 36.47%, 17, 4, 3, 541.44, 2146313, 31, 89396, 0
3320, 1573, 31, 62, 1, 0, 36.47%, 17, 4, 3, 599.17, 2149355, 31, 89493, 0
3325, 1574, 61, 62, 1, 0, 36.47%, 17, 4, 3, 473.20, 2151913, 31, 89689, 0
3330, 1576, 36, 62, 0, 0, 36.47%, 17, 4, 3, 576.72, 2154909, 31, 89801, 0
3335, 1579, 22, 62, 0, 0, 36.47%, 17, 4, 3, 669.92, 2158401, 31, 89892, 0
3340, 1580, 40, 62, 0, 0, 36.47%, 17, 4, 3, 634.49, 2161546, 31, 89968, 0
3345, 1581, 47, 62, 0, 0, 36.47%, 17, 4, 3, 533.28, 2164047, 31, 90282, 0
3350, 1584, 42, 62, 0, 0, 36.47%, 17, 4, 3, 625.40, 2167482, 31, 90400, 0
3355, 1586, 31, 62, 0, 0, 36.47%, 17, 4, 3, 617.57, 2170568, 31, 90566, 0
3361, 1589, 0, 62, 0, 0, 36.47%, 17, 4, 3, 653.82, 2173997, 31, 90695, 0
3366, 1590, 37, 62, 0, 0, 36.47%, 17, 4, 3, 534.03, 2176520, 31, 90849, 0
3371, 1592, 31, 62, 0, 0, 36.47%, 17, 4, 3, 519.84, 2179154, 31, 91138, 0
3376, 1593, 51, 62, 0, 0, 36.47%, 17, 4, 3, 547.35, 2182089, 31, 91351, 0
3381, 1594, 52, 62, 0, 0, 36.47%, 17, 4, 3, 531.30, 2184390, 31, 91629, 0
3386, 1596, 43, 63, 1, 0, 36.47%, 17, 4, 3, 631.78, 2187834, 31, 91772, 0
3391, 1597, 52, 63, 1, 0, 36.47%, 17, 4, 3, 641.06, 2191067, 31, 91893, 0
3396, 1597, 62, 64, 2, 0, 36.47%, 17, 4, 3, 335.00, 2192680, 31, 92277, 0
3402, 1599, 53, 64, 0, 0, 36.47%, 17, 4, 3, 534.19, 2195456, 31, 92535, 0
3407, 1601, 46, 64, 0, 0, 36.47%, 17, 4, 3, 619.07, 2198662, 31, 92624, 0
3412, 1602, 62, 64, 0, 0, 36.47%, 17, 4, 3, 502.55, 2201057, 31, 92925, 0
3417, 1604, 47, 64, 0, 0, 36.47%, 17, 4, 3, 564.42, 2203952, 31, 93079, 0
3422, 1606, 31, 65, 1, 0, 36.47%, 17, 4, 3, 667.05, 2207309, 31, 93233, 0
3427, 1606, 64, 65, 1, 0, 36.47%, 17, 4, 3, 398.32, 2209204, 31, 93637, 0
3432, 1609, 7, 65, 0, 0, 36.47%, 17, 4, 3, 604.87, 2212552, 31, 93779, 0
3437, 1610, 46, 65, 0, 0, 36.47%, 17, 4, 3, 552.39, 2215161, 31, 94095, 0
3442, 1613, 25, 65, 0, 0, 36.47%, 17, 4, 3, 633.57, 2218564, 31, 94185, 0
3447, 1616, 46, 65, 0, 0, 36.47%, 17, 4, 3, 706.87, 2222191, 31, 94295, 0
3452, 1617, 64, 65, 0, 0, 36.47%, 17, 4, 3, 508.05, 2224448, 31, 94747, 0
3458, 1618, 63, 65, 0, 0, 36.47%, 17, 4, 3, 445.69, 2226924, 31, 95171, 0
3463, 1621, 8, 65, 0, 0, 36.47%, 17, 4, 3, 641.21, 2230304, 31, 95313, 0
3468, 1624, 7, 65, 0, 0, 36.47%, 17, 4, 3, 627.78, 2233664, 31, 95436, 0
3473, 1625, 63, 65, 0, 0, 36.47%, 17, 4, 3, 522.41, 2236481, 31, 95511, 0
3478, 1627, 56, 65, 0, 0, 36.47%, 17, 4, 3, 636.41, 2239891, 31, 95589, 0
3483, 1629, 52, 65, 0, 0, 36.47%, 17, 4, 3, 623.68, 2243007, 31, 95689, 0
3488, 1631, 32, 65, 0, 0, 36.47%, 17, 4, 3, 639.59, 2246261, 31, 95795, 0
3494, 1633, 46, 65, 0, 0, 36.47%, 17, 4, 3, 569.11, 2249034, 31, 96081, 0
3499, 1635, 41, 65, 0, 0, 36.47%, 17, 4, 3, 539.78, 2252329, 31, 96214, 0
3504, 1637, 42, 65, 0, 0, 36.47%, 17, 4, 3, 653.92, 2255760, 31, 96326, 0
3509, 1640, 31, 65, 0, 0, 36.47%, 17, 4, 3, 668.92, 2259046, 31, 96470, 0
3514, 1641, 22, 65, 0, 0, 36.47%, 17, 4, 3, 544.62, 2261591, 31, 96593, 0
3519, 1643, 2, 65, 0, 0, 36.47%, 17, 4, 3, 567.58, 2264271, 31, 96898, 0
3524, 1643, 60, 65, 0, 0, 36.47%, 17, 4, 3, 379.16, 2266358, 31, 97210, 0
3529, 1644, 5, 65, 0, 0, 36.47%, 17, 4, 3, 321.33, 2267709, 31, 97513, 0
3534, 1646, 7, 65, 0, 0, 36.47%, 17, 4, 3, 609.67, 2271164, 31, 97627, 0
3539, 1648, 50, 65, 0, 0, 36.47%, 17, 4, 3, 600.35, 2274370, 31, 97873, 0
3545, 1651, 2, 65, 0, 0, 36.47%, 17, 4, 3, 666.78, 2277884, 31, 97990, 0
3550, 1652, 58, 65, 0, 0, 36.47%, 17, 4, 3, 658.58, 2281223, 31, 98160, 0
3555, 1653, 47, 65, 0, 0, 36.47%, 17, 4, 3, 498.41, 2283195, 31, 98434, 0
3560, 1655, 0, 65, 0, 0, 36.47%, 17, 4, 3, 408.00, 2285474, 31, 98796, 0
3565, 1657, 24, 65, 0, 0, 36.47%, 17, 4, 3, 591.40, 2288694, 31, 99016, 0
3570, 1658, 2, 65, 0, 0, 36.47%, 17, 4, 3, 365.93, 2290327, 31, 99490, 0
3575, 1659, 7, 65, 0, 0, 36.47%, 17, 4, 3, 453.65, 2292917, 31, 99696, 0
3580, 1661, 35, 65, 0, 0, 36.47%, 17, 4, 3, 638.94, 2296449, 31, 99789, 0
3585, 1663, 5, 65, 0, 0, 36.47%, 17, 4, 3, 653.15, 2299738, 31, 99946, 0
3590, 1664, 43, 65, 0, 0, 36.47%, 17, 4, 3, 631.35, 2302914, 31, 100061, 0
3595, 1665, 58, 65, 0, 0, 36.47%, 17, 4, 3, 510.04, 2305721, 31, 100232, 0
3600, 1666, 59, 65, 0, 0, 36.47%, 17, 4, 3, 592.84, 2308738, 31, 100445, 0
3606, 1668, 39, 65, 0, 0, 36.47%, 17, 4, 3, 652.75, 2312181, 31, 100585, 0
3611, 1670, 2, 65, 0, 0, 36.47%, 17, 4, 3, 504.41, 2314781, 31, 100978, 0
3616, 1671, 46, 65, 0, 0, 36.47%, 17, 4, 3, 605.13, 2318042, 31, 101051, 0
3621, 1673, 47, 65, 0, 0, 36.47%, 17, 4, 3, 643.11, 2321424, 31, 101181, 0
3626, 1675, 46, 65, 0, 0, 36.47%, 17, 4, 3, 665.68, 2324694, 31, 101301, 0
3631, 1677, 31, 65, 0, 0, 36.47%, 17, 4, 3, 586.76, 2327586, 31, 101525, 0
3636, 1679, 16, 65, 0, 0, 36.47%, 17, 4, 3, 615.58, 2330434, 31, 101719, 0
3641, 1680, 4, 65, 0, 0, 36.47%, 17, 4, 3, 390.32, 2332162, 31, 102123, 0
3646, 1681, 47, 65, 0, 0, 36.47%, 17, 4, 3, 572.65, 2335388, 31, 102216, 0
3646, 1681, 47, 65, 0, 0, 36.47%, 17, 4, 3, 0.00, 2335443, 31, 102221, 0
3651, 1682, 51, 65, 0, 0, 36.47%, 17, 4, 3, 506.84, 2337808, 31, 102574, 0
3656, 1683, 54, 65, 0, 0, 36.47%, 17, 4, 3, 553.83, 2340607, 31, 102858, 0
3661, 1685, 46, 65, 0, 0, 36.47%, 17, 4, 3, 642.20, 2344101, 31, 102934, 0
3667, 1686, 64, 65, 0, 0, 36.47%, 17, 4, 3, 393.72, 2346134, 31, 103334, 0
3672, 1689, 31, 65, 0, 0, 36.47%, 17, 4, 3, 631.27, 2349585, 31, 103446, 0
3677, 1691, 0, 65, 0, 0, 36.47%, 17, 4, 3, 549.17, 2352461, 31, 103766, 0
3682, 1692, 38, 65, 0, 0, 36.47%, 17, 4, 3, 650.12, 2355935, 31, 103851, 0
3687, 1694, 46, 65, 0, 0, 36.47%, 17, 4, 3, 632.76, 2358842, 31, 104156, 0
3692, 1696, 31, 65, 0, 0, 36.47%, 17, 4, 3, 577.94, 2361354, 31, 104357, 0
3697, 1698, 5, 65, 0, 0, 36.47%, 17, 4, 3, 359.09, 2364386, 31, 104542, 0
3702, 1700, 6, 65, 0, 0, 36.47%, 17, 4, 3, 577.68, 2367615, 31, 104657, 0
3708, 1702, 46, 65, 0, 0, 36.47%, 17, 4, 3, 645.72, 2371169, 31, 104772, 0
3713, 1704, 29, 65, 0, 0, 36.47%, 17, 4, 3, 654.58, 2374377, 31, 104877, 0
3718, 1706, 2, 65, 0, 0, 36.47%, 17, 4, 3, 498.05, 2377072, 31, 105121, 0
3723, 1707, 60, 65, 0, 0, 36.47%, 17, 4, 3, 502.80, 2379887, 31, 105326, 0
3728, 1710, 0, 65, 0, 0, 36.47%, 17, 4, 3, 558.72, 2382981, 31, 105585, 0
3733, 1711, 56, 65, 0, 0, 36.47%, 17, 4, 3, 604.96, 2386105, 31, 105801, 0
3738, 1712, 33, 65, 0, 0, 36.47%, 17, 4, 3, 560.34, 2388468, 31, 106171, 0
3743, 1714, 7, 65, 0, 0, 36.47%, 17, 4, 3, 581.13, 2391211, 31, 106464, 0
3748, 1716, 31, 65, 0, 0, 36.47%, 17, 4, 3, 648.82, 2394334, 31, 106756, 0
3753, 1717, 0, 65, 0, 0, 36.47%, 17, 4, 3, 415.95, 2396338, 31, 107028, 0
3758, 1718, 52, 65, 0, 0, 36.47%, 17, 4, 3, 612.94, 2399704, 31, 107124, 0
3763, 1720, 43, 65, 0, 0, 36.47%, 17, 4, 3, 617.09, 2402894, 31, 107210, 0
3769, 1722, 40, 65, 0, 0, 36.47%, 17, 4, 3, 672.11, 2406492, 31, 107293, 0
3774, 1725, 8, 65, 0, 0, 36.47%, 17, 4, 3, 696.54, 2410070, 31, 107381, 0
3779, 1728, 32, 65, 0, 0, 36.47%, 17, 4, 3, 697.50, 2413528, 31, 107519, 0
3784, 1730, 45, 65, 0, 0, 36.47%, 17, 4, 3, 701.63, 2417080, 31, 107609, 0
3789, 1731, 40, 65, 0, 0, 36.47%, 17, 4, 3, 531.68, 2419561, 31, 107879, 0
3794, 1732, 63, 65, 0, 0, 36.47%, 17, 4, 3, 483.47, 2422294, 31, 108023, 0
3799, 1734, 37, 65, 0, 0, 36.47%, 17, 4, 3, 652.58, 2425711, 31, 108093, 0
3804, 1735, 60, 65, 0, 0, 36.47%, 17, 4, 3, 543.46, 2428522, 31, 108241, 0
3809, 1737, 41, 65, 0, 0, 36.47%, 17, 4, 3, 539.43, 2431069, 31, 108492, 0
3814, 1738, 64, 65, 0, 0, 36.47%, 17, 4, 3, 518.73, 2433936, 31, 108753, 0
3820, 1739, 59, 65, 0, 0, 36.47%, 17, 4, 3, 439.63, 2436400, 31, 109117, 0
3825, 1743, 2, 65, 0, 0, 36.47%, 17, 4, 3, 650.02, 2440023, 31, 109242, 0
3830, 1745, 38, 65, 0, 0, 36.47%, 17, 4, 3, 677.79, 2443555, 31, 109376, 0
3835, 1748, 2, 65, 0, 0, 36.47%, 17, 4, 3, 607.95, 2446494, 31, 109671, 0
3840, 1749, 35, 65, 0, 0, 36.47%, 17, 4, 3, 658.11, 2449920, 31, 109779, 0
3845, 1751, 8, 65, 0, 0, 36.47%, 17, 4, 3, 567.61, 2452419, 31, 109906, 0
3850, 1752, 32, 65, 0, 0, 36.47%, 17, 4, 3, 581.04, 2455391, 31, 110129, 0
3855, 1754, 32, 65, 0, 0, 36.47%, 17, 4, 3, 684.70, 2458968, 31, 110252, 0
3861, 1756, 0, 65, 0, 0, 36.47%, 17, 4, 3, 599.85, 2461656, 31, 110473, 0
3866, 1757, 60, 65, 0, 0, 36.47%, 17, 4, 3, 504.80, 2464356, 31, 110784, 0
3871, 1760, 38, 65, 0, 0, 36.47%, 17, 4, 3, 654.76, 2467881, 31, 110893, 0
3876, 1761, 58, 65, 0, 0, 36.47%, 17, 4, 3, 508.22, 2470382, 31, 111355, 0
3881, 1763, 43, 65, 0, 0, 36.47%, 17, 4, 3, 646.78, 2473741, 31, 111497, 0
3886, 1765, 43, 65, 0, 0, 36.47%, 17, 4, 3, 675.89, 2477199, 31, 111570, 0
3891, 1766, 56, 65, 0, 0, 36.47%, 17, 4, 3, 625.17, 2480199, 31, 111805, 0
3896, 1767, 48, 65, 0, 0, 36.47%, 17, 4, 3, 501.24, 2482330, 31, 112073, 0
3896, 1767, 48, 65, 0, 0, 36.47%, 17, 4, 3, 0.00, 2482340, 31, 112073, 0
3901, 1769, 8, 65, 0, 0, 36.47%, 17, 4, 3, 550.94, 2484822, 31, 112289, 0
3906, 1770, 60, 65, 0, 0, 36.47%, 17, 4, 3, 506.43, 2487761, 31, 112431, 0
3912, 1773, 5, 65, 0, 0, 36.47%, 17, 4, 3, 534.11, 2490715, 31, 112685, 0
3917, 1775, 46, 65, 0, 0, 36.47%, 17, 4, 3, 685.09, 2494485, 31, 112796, 0
3922, 1777, 8, 65, 0, 0, 36.47%, 17, 4, 3, 581.09, 2497355, 31, 112992, 0
3927, 1779, 5, 65, 0, 0, 36.47%, 17, 4, 3, 606.00, 2500504, 31, 113215, 0
3932, 1780, 27, 65, 0, 0, 36.47%, 17, 4, 3, 554.64, 2503289, 31, 113360, 0
3937, 1782, 41, 65, 0, 0, 36.47%, 17, 4, 3, 629.66, 2506485, 31, 113442, 0
3942, 1783, 30, 65, 0, 0, 36.47%, 17, 4, 3, 463.76, 2508366, 31, 113777, 0
3947, 1784, 46, 65, 0, 0, 36.47%, 17, 4, 3, 642.23, 2511189, 31, 113963, 0
3952, 1786, 55, 65, 0, 0, 36.47%, 17, 4, 3, 662.35, 2514602, 31, 114094, 0
3957, 1789, 5, 65, 0, 0, 36.47%, 17, 4, 3, 703.58, 2518330, 31, 114184, 0
3963, 1789, 59, 65, 0, 0, 36.47%, 17, 4, 3, 487.96, 2520903, 31, 114282, 0
3968, 1792, 32, 65, 0, 0, 36.47%, 17, 4, 3, 618.23, 2524090, 31, 114375, 0
3973, 1795, 7, 65, 0, 0, 36.47%, 17, 4, 3, 623.35, 2527230, 31, 114475, 0
3978, 1797, 2, 65, 0, 0, 36.47%, 17, 4, 3, 532.37, 2529987, 31, 114655, 0
3983, 1799, 0, 65, 0, 0, 36.47%, 17, 4, 3, 580.83, 2532768, 31, 114899, 0
3988, 1800, 57, 65, 0, 0, 36.47%, 17, 4, 3, 567.83, 2535851, 31, 115088, 0
3993, 1802, 46, 65, 0, 0, 36.47%, 17, 4, 3, 511.20, 2538321, 31, 115323, 0
3998, 1804, 2, 65, 0, 0, 36.47%, 17, 4, 3, 433.92, 2540517, 31, 115733, 0
4003, 1806, 38, 65, 0, 0, 36.47%, 17, 4, 3, 621.33, 2543916, 31, 115819, 0
4008, 1807, 63, 65, 0, 0, 36.47%, 17, 4, 3, 468.85, 2546398, 31, 115952, 0
4014, 1809, 32, 65, 0, 0, 36.47%, 17, 4, 3, 528.35, 2549162, 31, 116062, 0
4019, 1810, 51, 65, 0, 0, 36.47%, 17, 4, 3, 520.69, 2552080, 31, 116370, 0
4024, 1811, 47, 65, 0, 0, 36.47%, 17, 4, 3, 535.87, 2554645, 31, 116715, 0
4029, 1813, 14, 65, 0, 0, 36.47%, 17, 4, 3, 535.27, 2557317, 31, 117025, 0
4034, 1814, 34, 65, 0, 0, 36.47%, 17, 4, 3, 626.45, 2560674, 31, 117096, 0
4039, 1816, 0, 65, 0, 0, 36.47%, 17, 4, 3, 490.87, 2562967, 31, 117592, 0
4044, 1817, 0, 65, 0, 0, 36.47%, 17, 4, 3, 387.66, 2565058, 31, 117954, 0
4049, 1819, 20, 65, 0, 0, 36.47%, 17, 4, 3, 573.48, 2568004, 31, 118198, 0
4054, 1820, 31, 65, 0, 0, 36.47%, 17, 4, 3, 516.19, 2570554, 31, 118384, 0
4059, 1822, 13, 65, 0, 0, 36.47%, 17, 4, 3, 570.60, 2573526, 31, 118692, 0
4064, 1824, 40, 65, 0, 0, 36.47%, 17, 4, 3, 678.14, 2577077, 31, 118792, 0
4069, 1826, 46, 65, 0, 0, 36.47%, 17, 4, 3, 628.73, 2580005, 31, 119020, 0
4074, 1828, 31, 65, 0, 0, 36.47%, 17, 4, 3, 575.79, 2582830, 31, 119255, 0
4079, 1829, 59, 65, 0, 0, 36.47%, 17, 4, 3, 527.76, 2585518, 31, 119482, 0
4085, 1831, 7, 65, 0, 0, 36.47%, 17, 4, 3, 522.38, 2588120, 31, 119821, 0
4090, 1832, 64, 65, 0, 0, 36.47%, 17, 4, 3, 554.25, 2590713, 31, 120028, 0
4095, 1834, 8, 65, 0, 0, 36.47%, 17, 4, 3, 514.52, 2593092, 31, 120410, 0
4100, 1836, 0, 65, 0, 0, 36.47%, 17, 4, 3, 620.15, 2596360, 31, 120506, 0
4105, 1837, 52, 65, 0, 0, 36.47%, 17, 4, 3, 605.44, 2599435, 31, 120719, 0
4110, 1839, 39, 65, 0, 0, 36.47%, 17, 4, 3, 665.36, 2602826, 31, 120793, 0
4115, 1840, 60, 65, 0, 0, 36.47%, 17, 4, 3, 597.47, 2605766, 31, 121078, 0
4120, 1842, 2, 65, 0, 0, 36.47%, 17, 4, 3, 559.60, 2608353, 31, 121385, 0
4125, 1844, 7, 65, 0, 0, 36.47%, 17, 4, 3, 665.33, 2611884, 31, 121484, 0
4130, 1845, 64, 65, 0, 0, 36.47%, 17, 4, 3, 507.16, 2614567, 31, 121757, 0
4135, 1847, 43, 65, 0, 0, 36.47%, 17, 4, 3, 582.72, 2617234, 31, 121985, 0
4140, 1850, 0, 65, 0, 0, 36.47%, 17, 4, 3, 626.87, 2620595, 31, 122102, 0
4146, 1851, 46, 65, 0, 0, 36.47%, 17, 4, 3, 651.13, 2623996, 31, 122234, 0
4151, 1854, 13, 65, 0, 0, 36.47%, 17, 4, 3, 685.27, 2627521, 31, 122340, 0
4156, 1856, 6, 65, 0, 0, 36.47%, 17, 4, 3, 558.93, 2630367, 31, 122596, 0
4161, 1856, 61, 65, 0, 0, 36.47%, 17, 4, 3, 483.17, 2632960, 31, 122855, 0
4166, 1858, 46, 65, 0, 0, 36.47%, 17, 4, 3, 557.31, 2635724, 31, 123135, 0
4171, 1860, 19, 65, 0, 0, 36.47%, 17, 4, 3, 578.03, 2638711, 31, 123380, 0
4176, 1861, 57, 65, 0, 0, 36.47%, 17, 4, 3, 483.69, 2641231, 31, 123813, 0
4181, 1863, 51, 65, 0, 0, 36.47%, 17, 4, 3, 560.45, 2644295, 31, 124105, 0
4186, 1864, 64, 65, 0, 0, 36.47%, 17, 4, 3, 451.16, 2646450, 31, 124610, 0
4191, 1866, 9, 65, 0, 0, 36.47%, 17, 4, 3, 494.71, 2648984, 31, 124857, 0
4196, 1867, 2, 65, 0, 0, 36.47%, 17, 4, 3, 405.35, 2651112, 31, 125254, 0
4201, 1869, 0, 65, 0, 0, 36.47%, 17, 4, 3, 508.47, 2654146, 31, 125493, 0
4206, 1870, 59, 65, 0, 0, 36.47%, 17, 4, 3, 549.75, 2657255, 31, 125713, 0
4212, 1873, 7, 65, 0, 0, 36.47%, 17, 4, 3, 647.72, 2660675, 31, 125868, 0
4217, 1875, 61, 65, 0, 0, 36.47%, 17, 4, 3, 585.49, 2663807, 31, 126062, 0
4222, 1877, 54, 65, 0, 0, 36.47%, 17, 4, 3, 637.60, 2666817, 31, 126188, 0
4227, 1879, 51, 65, 0, 0, 36.47%, 17, 4, 3, 625.61, 2670143, 31, 126348, 0
4232, 1880, 53, 65, 0, 0, 36.47%, 17, 4, 3, 560.30, 2672638, 31, 126776, 0
4237, 1881, 62, 65, 0, 0, 36.47%, 17, 4, 3, 467.37, 2675262, 31, 126900, 0
4242, 1883, 49, 65, 0, 0, 36.47%, 17, 4, 3, 547.70, 2678312, 31, 126973, 0
4247, 1885, 40, 65, 0, 0, 36.47%, 17, 4, 3, 603.22, 2681351, 31, 127217, 0
4252, 1886, 47, 65, 0, 0, 36.47%, 17, 4, 3, 555.01, 2683993, 31, 127360, 0
4257, 1887, 61, 65, 0, 0, 36.47%, 17, 4, 3, 624.60, 2686564, 31, 127738, 0
4262, 1889, 62, 65, 0, 0, 36.47%, 17, 4, 3, 565.62, 2689311, 31, 127966, 0
4267, 1892, 5, 65, 0, 0, 36.47%, 17, 4, 3, 554.34, 2691910, 31, 128170, 0
4273, 1894, 7, 65, 0, 0, 36.47%, 17, 4, 3, 558.32, 2694978, 31, 128405, 0
4278, 1896, 32, 65, 0, 0, 36.47%, 17, 4, 3, 664.32, 2698417, 31, 128513, 0
4283, 1898, 5, 65, 0, 0, 36.47%, 17, 4, 3, 654.76, 2701650, 31, 128741, 0
4288, 1899, 61, 65, 0, 0, 36.47%, 17, 4, 3, 558.35, 2704708, 31, 128987, 0
4293, 1901, 60, 65, 0, 0, 36.47%, 17, 4, 3, 599.20, 2707710, 31, 129155, 0
4298, 1903, 31, 65, 0, 0, 36.47%, 17, 4, 3, 612.09, 2710508, 31, 129315, 0
4303, 1904, 34, 65, 0, 0, 36.47%, 17, 4, 3, 545.51, 2713059, 31, 129481, 0
4308, 1906, 57, 65, 0, 0, 36.47%, 17, 4, 3, 594.63, 2716143, 31, 129716, 0
4313, 1908, 49, 65, 0, 0, 36.47%, 17, 4, 3, 613.33, 2719211, 31, 129868, 0
4319, 1909, 58, 65, 0, 0, 36.47%, 17, 4, 3, 547.81, 2722146, 31, 130051, 0
4324, 1912, 6, 65, 0, 0, 36.47%, 17, 4, 3, 593.47, 2725197, 31, 130260, 0
4329, 1913, 58, 65, 0, 0, 36.47%, 17, 4, 3, 529.47, 2728128, 31, 130422, 0
4334, 1914, 59, 65, 0, 0, 36.47%, 17, 4, 3, 390.27, 2730163, 31, 130869, 0
4339, 1917, 0, 65, 0, 0, 36.47%, 17, 4, 3, 589.13, 2733289, 31, 130984, 0
4344, 1919, 2, 65, 0, 0, 36.47%, 17, 4, 3, 564.30, 2736330, 31, 131230, 0
4349, 1920, 61, 65, 0, 0, 36.47%, 17, 4, 3, 602.33, 2739405, 31, 131484, 0
4354, 1922, 62, 65, 0, 0, 36.47%, 17, 4, 3, 597.60, 2742299, 31, 131733, 0
4359, 1924, 7, 65, 0, 0, 36.47%, 17, 4, 3, 594.78, 2745082, 31, 132095, 0
4365, 1926, 58, 65, 0, 0, 36.47%, 17, 4, 3, 634.53, 2748475, 31, 132203, 0
4370, 1927, 7, 65, 0, 0, 36.47%, 17, 4, 3, 410.28, 2750041, 31, 132680, 0
4375, 1928, 57, 65, 0, 0, 36.47%, 17, 4, 3, 486.80, 2752913, 31, 132929, 0
4380, 1929, 52, 65, 0, 0, 36.47%, 18, 4, 3, 558.21, 2755707, 31, 133264, 0
4385, 1931, 31, 65, 0, 0, 36.47%, 18, 4, 3, 599.88, 2758810, 31, 133470, 0
4390, 1933, 53, 65, 0, 0, 36.47%, 18, 4, 3, 600.00, 2761790, 31, 133745, 0
4395, 1935, 12, 65, 0, 0, 36.47%, 18, 4, 3, 543.94, 2764434, 31, 134080, 0
4400, 1937, 46, 65, 0, 0, 36.47%, 18, 4, 3, 662.42, 2768010, 31, 134150, 0
4405, 1939, 8, 65, 0, 0, 36.47%, 18, 4, 3, 547.22, 2770378, 31, 134478, 0
4410, 1941, 6, 65, 0, 0, 36.47%, 18, 4, 3, 536.64, 2772962, 31, 134831, 0
4416, 1943, 54, 65, 0, 0, 36.47%, 18, 4, 3, 658.61, 2776602, 31, 134964, 0
4421, 1945, 7, 65, 0, 0, 36.47%, 18, 4, 3, 555.58, 2779364, 31, 135257, 0
4426, 1946, 0, 65, 0, 0, 36.47%, 18, 4, 3, 494.07, 2782067, 31, 135546, 0
4431, 1948, 38, 65, 0, 0, 36.47%, 18, 4, 3, 647.29, 2785674, 31, 135668, 0
4436, 1949, 53, 65, 0, 0, 36.47%, 18, 4, 3, 612.08, 2788621, 31, 135898, 0
4441, 1951, 2, 65, 0, 0, 36.47%, 18, 4, 3, 569.84, 2791398, 31, 136213, 0
4446, 1952, 38, 65, 0, 0, 36.47%, 18, 4, 3, 649.40, 2794924, 31, 136327, 0
4451, 1954, 0, 65, 0, 0, 36.47%, 18, 4, 3, 567.37, 2797457, 31, 136564, 0
4457, 1955, 8, 65, 0, 0, 36.47%, 18, 4, 3, 674.92, 2800383, 31, 136753, 0
4462, 1957, 7, 65, 0, 0, 36.47%, 18, 4, 3, 643.07, 2803627, 31, 136876, 0
4467, 1958, 57, 65, 0, 0, 36.47%, 18, 4, 3, 590.97, 2806462, 31, 137134, 0
4472, 1960, 32, 65, 0, 0, 36.47%, 18, 4, 3, 592.13, 2809279, 31, 137372, 0
4477, 1962, 61, 65, 0, 0, 36.47%, 18, 4, 3, 550.13, 2812208, 31, 137489, 0
4482, 1964, 55, 65, 0, 0, 36.47%, 18, 4, 3, 584.17, 2814958, 31, 137639, 0
4487, 1966, 43, 65, 0, 0, 36.47%, 18, 4, 3, 575.33, 2817777, 31, 137827, 0
4492, 1968, 11, 65, 0, 0, 36.47%, 18, 4, 3, 609.11, 2820841, 31, 137941, 0
4497, 1970, 8, 65, 0, 0, 36.47%, 18, 4, 3, 625.32, 2823866, 31, 138126, 0
4502, 1970, 64, 65, 0, 0, 36.47%, 18, 4, 3, 408.39, 2825902, 31, 138339, 0
4507, 1971, 60, 65, 0, 0, 36.47%, 18, 4, 3, 461.85, 2828509, 31, 138630, 0
4512, 1973, 0, 65, 0, 0, 36.47%, 18, 4, 3, 494.21, 2830805, 31, 138796, 0
4517, 1975, 46, 65, 0, 0, 36.47%, 18, 4, 3, 625.62, 2834195, 31, 138881, 0
4522, 1977, 48, 65, 0, 0, 36.47%, 18, 4, 3, 575.16, 2837042, 31, 139152, 0
4528, 1979, 40, 65, 0, 0, 36.47%, 18, 4, 3, 639.87, 2840339, 31, 139248, 0
4533, 1981, 56, 65, 0, 0, 36.47%, 18, 4, 3, 658.47, 2843773, 31, 139378, 0
4538, 1983, 32, 65, 0, 0, 36.47%, 18, 4, 3, 616.14, 2846513, 31, 139553, 0
4543, 1985, 47, 65, 0, 0, 36.47%, 18, 4, 3, 612.81, 2849775, 31, 139708, 0
4548, 1988, 6, 65, 0, 0, 36.47%, 18, 4, 3, 638.24, 2853189, 31, 139808, 0
4553, 1989, 35, 65, 0, 0, 36.47%, 18, 4, 3, 543.22, 2855787, 31, 140064, 0
4558, 1990, 34, 65, 0, 0, 36.47%, 18, 4, 3, 583.62, 2858756, 31, 140230, 0
4563, 1991, 1, 65, 0, 0, 36.47%, 18, 4, 3, 394.57, 2860779, 31, 140608, 0
4568, 1991, 61, 65, 0, 0, 36.47%, 18, 4, 3, 362.70, 2862962, 31, 140877, 0
4573, 1992, 56, 65, 0, 0, 36.47%, 18, 4, 3, 465.57, 2865286, 31, 141012, 0
4578, 1994, 5, 65, 0, 0, 36.47%, 18, 4, 3, 551.85, 2867884, 31, 141271, 0
4584, 1996, 56, 65, 0, 0, 36.47%, 18, 4, 3, 626.60, 2871325, 31, 141430, 0
4589, 1998, 8, 65, 0, 0, 36.47%, 18, 4, 3, 594.85, 2874260, 31, 141495, 0
4594, 2001, 6, 65, 0, 0, 36.47%, 18, 4, 3, 625.14, 2877487, 31, 141624, 0
4599, 2002, 34, 65, 0, 0, 36.47%, 18, 4, 3, 545.64, 2880035, 31, 141758, 0
4604, 2004, 32, 65, 0, 0, 36.47%, 18, 4, 3, 618.72, 2883371, 31, 141831, 0
4609, 2006, 2, 65, 0, 0, 36.47%, 18, 4, 3, 546.05, 2886374, 31, 142032, 0
4614, 2007, 52, 65, 0, 0, 36.47%, 18, 4, 3, 604.87, 2889561, 31, 142165, 0
4620, 2009, 46, 65, 0, 0, 36.47%, 18, 4, 3, 658.86, 2892980, 31, 142258, 0
4625, 2011, 58, 65, 0, 0, 36.47%, 18, 4, 3, 609.67, 2896088, 31, 142395, 0
4630, 2012, 50, 65, 0, 0, 36.47%, 18, 4, 3, 531.28, 2898309, 31, 142648, 0
4635, 2014, 32, 65, 0, 0, 36.47%, 18, 4, 3, 589.23, 2901070, 31, 142969, 0
4640, 2016, 7, 65, 0, 0, 36.47%, 18, 4, 3, 552.02, 2903471, 31, 143162, 0
4645, 2018, 8, 65, 0, 0, 36.47%, 18, 4, 3, 624.80, 2906753, 31, 143253, 0
4650, 2019, 42, 65, 0, 0, 36.47%, 18, 4, 3, 574.48, 2909496, 31, 143460, 0
4655, 2021, 44, 65, 0, 0, 36.47%, 18, 4, 3, 670.13, 2912949, 31, 143572, 0
4660, 2023, 39, 65, 0, 0, 36.47%, 18, 4, 3, 640.01, 2916046, 31, 143809, 0
4665, 2024, 63, 65, 0, 0, 36.47%, 18, 4, 3, 471.88, 2918477, 31, 144055, 0
4670, 2025, 60, 65, 0, 0, 36.47%, 18, 4, 3, 415.29, 2920696, 31, 144341, 0
4675, 2027, 5, 65, 0, 0, 36.47%, 18, 4, 3, 520.32, 2923337, 31, 144654, 0
4681, 2029, 39, 65, 0, 0, 36.47%, 18, 4, 3, 660.07, 2926922, 31, 144742, 0
4686, 2029, 62, 65, 0, 0, 36.47%, 18, 4, 3, 457.72, 2929141, 31, 145197, 0
4691, 2031, 38, 65, 0, 0, 36.47%, 18, 4, 3, 559.95, 2932208, 31, 145405, 0
4696, 2033, 39, 65, 0, 0, 36.47%, 18, 4, 3, 625.43, 2935194, 31, 145670, 0
4701, 2035, 8, 65, 0, 0, 36.47%, 18, 4, 3, 617.70, 2938396, 31, 145785, 0
4706, 2036, 35, 65, 0, 0, 36.47%, 18, 4, 3, 553.28, 2941035, 31, 146010, 0
4711, 2038, 45, 65, 0, 0, 36.47%, 18, 4, 3, 599.54, 2944103, 31, 146304, 0
4716, 2040, 60, 65, 0, 0, 36.47%, 18, 4, 3, 647.74, 2947393, 31, 146508, 0
4721, 2042, 20, 65, 0, 0, 36.47%, 18, 4, 3, 611.61, 2950077, 31, 146667, 0
4726, 2044, 8, 65, 0, 0, 36.47%, 18, 4, 3, 651.07, 2953325, 31, 146771, 0
4731, 2045, 0, 65, 0, 0, 36.47%, 18, 4, 3, 496.27, 2955933, 31, 147054, 0
4737, 2047, 46, 65, 0, 0, 36.47%, 18, 4, 3, 619.22, 2959358, 31, 147179, 0
4742, 2049, 61, 65, 0, 0, 36.47%, 18, 4, 3, 616.15, 2962584, 31, 147276, 0
4747, 2050, 51, 65, 0, 0, 36.47%, 18, 4, 3, 452.29, 2964664, 31, 147724, 0
4752, 2052, 32, 65, 0, 0, 36.47%, 18, 4, 3, 526.87, 2967328, 31, 147944, 0
4757, 2054, 51, 66, 1, 0, 36.47%, 18, 4, 3, 535.15, 2970178, 31, 148321, 0
4762, 2055, 47, 66, 1, 0, 36.47%, 18, 4, 3, 499.15, 2972443, 31, 148805, 0
4767, 2058, 32, 66, 1, 0, 36.47%, 18, 4, 3, 656.78, 2976012, 31, 148939, 0
4772, 2059, 6, 66, 1, 0, 36.47%, 18, 4, 3, 499.71, 2978427, 31, 149297, 0
4777, 2060, 5, 66, 1, 0, 36.47%, 18, 4, 3, 443.03, 2980775, 31, 149557, 0
4783, 2061, 46, 66, 0, 0, 36.47%, 18, 4, 3, 630.97, 2984239, 31, 149627, 0
4788, 2063, 0, 66, 0, 0, 36.47%, 18, 4, 3, 432.24, 2986535, 31, 149789, 0
4793, 2064, 64, 66, 0, 0, 36.47%, 18, 4, 3, 524.23, 2989479, 31, 150009, 0
4798, 2065, 64, 66, 0, 0, 36.47%, 18, 4, 3, 372.39, 2991398, 31, 150479, 0
4803, 2067, 46, 66, 0, 0, 36.47%, 18, 4, 3, 609.52, 2994732, 31, 150625, 0
4808, 2070, 31, 66, 0, 0, 36.47%, 18, 4, 3, 682.37, 2998236, 31, 150712, 0
4813, 2072, 53, 66, 0, 0, 36.47%, 18, 4, 3, 683.76, 3001693, 31, 150808, 0
4818, 2074, 51, 66, 0, 0, 36.47%, 18, 4, 3, 663.11, 3005085, 31, 150946, 0
4823, 2076, 31, 66, 0, 0, 36.47%, 18, 4, 3, 618.46, 3007777, 31, 151314, 0
4828, 2078, 48, 66, 0, 0, 36.47%, 18, 4, 3, 648.09, 3011086, 31, 151460, 0
4833, 2080, 32, 66, 0, 0, 36.47%, 18, 4, 3, 571.02, 3013949, 31, 151604, 0
4839, 2083, 45, 66, 0, 0, 36.47%, 18, 4, 3, 671.93, 3017598, 31, 151691, 0
4844, 2085, 48, 66, 0, 0, 36.47%, 18, 4, 3, 606.75, 3020598, 31, 151812, 0
4849, 2088, 41, 66, 0, 0, 36.47%, 18, 4, 3, 662.96, 3024111, 31, 151920, 0
4854, 2090, 2, 66, 0, 0, 36.47%, 18, 4, 3, 498.28, 3026646, 31, 152053, 0
4859, 2091, 57, 66, 0, 0, 36.47%, 18, 4, 3, 553.09, 3029603, 31, 152365, 0
4864, 2093, 0, 66, 0, 0, 36.47%, 18, 4, 3, 429.23, 3031909, 31, 152810, 0
4869, 2094, 46, 66, 0, 0, 36.47%, 18, 4, 3, 579.68, 3035216, 31, 152989, 0
4874, 2096, 31, 66, 0, 0, 36.47%, 18, 4, 3, 559.14, 3037964, 31, 153329, 0
4879, 2098, 31, 66, 0, 0, 36.47%, 18, 4, 3, 621.09, 3041097, 31, 153459, 0
4884, 2099, 62, 66, 0, 0, 36.47%, 18, 4, 3, 511.23, 3043350, 31, 153736, 0
4890, 2101, 40, 66, 0, 0, 36.47%, 18, 4, 3, 594.00, 3046330, 31, 153862, 0
4895, 2102, 8, 66, 0, 0, 36.47%, 18, 4, 3, 417.20, 3048061, 31, 154154, 0
4900, 2104, 5, 66, 0, 0, 36.47%, 18, 4, 3, 498.39, 3050495, 31, 154455, 0
4905, 2106, 38, 66, 0, 0, 36.47%, 18, 4, 3, 600.28, 3053824, 31, 154550, 0
4910, 2107, 32, 66, 0, 0, 36.47%, 18, 4, 3, 486.39, 3055925, 31, 154688, 0
4915, 2108, 43, 66, 0, 0, 36.47%, 18, 4, 3, 521.83, 3058275, 31, 155003, 0
4920, 2111, 7, 66, 0, 0, 36.47%, 18, 4, 3, 602.48, 3061316, 31, 155135, 0
4925, 2112, 7, 66, 0, 0, 36.47%, 18, 4, 3, 527.29, 3063944, 31, 155394, 0
4930, 2113, 16, 66, 0, 0, 36.47%, 18, 4, 3, 499.22, 3066352, 31, 155680, 0
4935, 2115, 5, 66, 0, 0, 36.47%, 18, 4, 3, 572.90, 3069357, 31, 155863, 0
4940, 2116, 64, 66, 0, 0, 36.47%, 18, 4, 3, 542.18, 3072374, 31, 156003, 0
4946, 2117, 57, 66, 0, 0, 36.47%, 18, 4, 3, 548.16, 3075050, 31, 156154, 0
4951, 2119, 6, 66, 0, 0, 36.47%, 18, 4, 3, 516.29, 3077198, 31, 156576, 0
4956, 2122, 8, 66, 0, 0, 36.47%, 18, 4, 3, 661.39, 3080849, 31, 156692, 0
4961, 2123, 48, 66, 0, 0, 36.47%, 18, 4, 3, 561.67, 3083440, 31, 156934, 0
4966, 2124, 45, 66, 0, 0, 36.47%, 18, 4, 3, 590.73, 3086196, 31, 157211, 0
4971, 2125, 58, 66, 0, 0, 36.47%, 18, 4, 3, 513.02, 3088557, 31, 157519, 0
4976, 2127, 7, 66, 0, 0, 36.47%, 18, 4, 3, 464.17, 3090807, 31, 157825, 0
4981, 2128, 36, 66, 0, 0, 36.47%, 18, 4, 3, 545.84, 3093466, 31, 157980, 0
4986, 2131, 2, 66, 0, 0, 36.47%, 18, 4, 3, 503.02, 3096250, 31, 158218, 0
4991, 2133, 7, 66, 0, 0, 36.47%, 18, 4, 3, 533.25, 3099019, 31, 158329, 0
4997, 2135, 12, 66, 0, 0, 36.47%, 18, 4, 3, 511.02, 3101635, 31, 158493, 0
5002, 2136, 63, 66, 0, 0, 36.47%, 18, 4, 3, 414.18, 3103858, 31, 158675, 0
5007, 2139, 7, 66, 0, 0, 36.47%, 18, 4, 3, 651.32, 3107451, 31, 158804, 0
5012, 2140, 36, 66, 0, 0, 36.47%, 18, 4, 3, 555.06, 3110154, 31, 158948, 0
5017, 2142, 32, 66, 0, 0, 36.47%, 18, 4, 3, 581.33, 3113071, 31, 159024, 0
5022, 2144, 6, 66, 0, 0, 36.47%, 18, 4, 3, 609.89, 3116194, 31, 159096, 0
5027, 2146, 0, 66, 0, 0, 36.47%, 18, 4, 3, 541.12, 3119093, 31, 159341, 0
5032, 2148, 0, 66, 0, 0, 36.47%, 18, 4, 3, 590.41, 3122042, 31, 159441, 0
5037, 2149, 46, 66, 0, 0, 36.47%, 18, 4, 3, 621.85, 3125321, 31, 159645, 0
5042, 2151, 5, 66, 0, 0, 36.47%, 18, 4, 3, 621.77, 3128134, 31, 159879, 0
5048, 2153, 46, 66, 0, 0, 36.47%, 18, 4, 3, 647.87, 3131548, 31, 159986, 0
5053, 2155, 5, 66, 0, 0, 36.47%, 18, 4, 3, 578.02, 3134182, 31, 160269, 0
5058, 2156, 31, 66, 0, 0, 36.47%, 18, 4, 3, 577.59, 3137093, 31, 160515, 0
5063, 2158, 64, 66, 0, 0, 36.47%, 18, 4, 3, 560.51, 3140165, 31, 160745, 0
5068, 2160, 58, 66, 0, 0, 36.47%, 18, 4, 3, 563.21, 3142930, 31, 161004, 0
5073, 2163, 6, 66, 0, 0, 36.47%, 18, 4, 3, 630.67, 3146033, 31, 161170, 0
5078, 2165, 45, 66, 0, 0, 36.47%, 18, 4, 3, 679.07, 3149510, 31, 161300, 0
5083, 2167, 31, 66, 0, 0, 36.47%, 18, 4, 3, 645.65, 3152706, 31, 161490, 0
5088, 2168, 64, 66, 0, 0, 36.47%, 18, 4, 3, 413.05, 3154871, 31, 161938, 0
5094, 2170, 5, 66, 0, 0, 36.47%, 18, 4, 3, 493.78, 3157557, 31, 162153, 0
5099, 2172, 35, 66, 0, 0, 36.47%, 18, 4, 3, 622.28, 3160959, 31, 162210, 0
5104, 2173, 2, 66, 0, 0, 36.47%, 18, 4, 3, 175.50, 3161999, 31, 162475, 0
5109, 2175, 46, 66, 0, 0, 36.47%, 18, 4, 3, 601.55, 3165629, 31, 162569, 0
5114, 2177, 34, 66, 0, 0, 36.47%, 18, 4, 3, 570.19, 3168440, 31, 162792, 0
5119, 2180, 8, 66, 0, 0, 36.47%, 18, 4, 3, 644.89, 3171712, 31, 162883, 0
5124, 2182, 0, 66, 0, 0, 36.47%, 18, 4, 3, 515.36, 3174597, 31, 163011, 0
5129, 2184, 46, 66, 0, 0, 36.47%, 18, 4, 3, 671.39, 3178227, 31, 163101, 0
5134, 2185, 62, 66, 0, 0, 36.47%, 18, 4, 3, 505.91, 3180925, 31, 163255, 0
5140, 2188, 46, 66, 0, 0, 36.47%, 18, 4, 3, 663.58, 3184533, 31, 163364, 0
5145, 2189, 61, 66, 0, 0, 36.47%, 18, 4, 3, 573.09, 3187118, 31, 163531, 0
5150, 2191, 17, 66, 0, 0, 36.47%, 18, 4, 3, 637.58, 3190205, 31, 163718, 0
5155, 2192, 58, 66, 0, 0, 36.47%, 18, 4, 3, 560.17, 3192898, 31, 164105, 0
5160, 2194, 46, 66, 0, 0, 36.47%, 18, 4, 3, 617.38, 3195748, 31, 164368, 0
5165, 2197, 5, 66, 0, 0, 36.47%, 18, 4, 3, 589.54, 3198877, 31, 164620, 0
5170, 2199, 61, 66, 0, 0, 36.47%, 18, 4, 3, 581.24, 3202109, 31, 164842, 0
5175, 2200, 64, 66, 0, 0, 36.47%, 18, 4, 3, 514.99, 3204728, 31, 165156, 0
5180, 2202, 0, 66, 0, 0, 36.47%, 18, 4, 3, 420.07, 3207035, 31, 165435, 0
5185, 2204, 6, 66, 0, 0, 36.47%, 18, 4, 3, 631.26, 3210601, 31, 165541, 0
5191, 2204, 60, 66, 0, 0, 36.47%, 18, 4, 3, 644.73, 3213927, 31, 165618, 0
5196, 2205, 57, 66, 0, 0, 36.47%, 18, 4, 3, 531.25, 3216371, 31, 165857, 0
5201, 2207, 25, 66, 0, 0, 36.47%, 18, 4, 3, 559.06, 3219063, 31, 166067, 0
5206, 2208, 62, 66, 0, 0, 36.47%, 18, 4, 3, 481.50, 3221424, 31, 166405, 0
5211, 2209, 51, 66, 0, 0, 36.47%, 18, 4, 3, 476.53, 3223810, 31, 166769, 0
5216, 2212, 8, 66, 0, 0, 36.47%, 18, 4, 3, 633.95, 3227354, 31, 166900, 0
5221, 2214, 2, 66, 0, 0, 36.47%, 18, 4, 3, 660.72, 3230856, 31, 166990, 0
5226, 2216, 2, 66, 0, 0, 36.47%, 18, 4, 3, 660.25, 3234343, 31, 167086, 0
5231, 2218, 15, 66, 0, 0, 36.47%, 18, 4, 3, 660.99, 3237654, 31, 167274, 0
5236, 2219, 62, 66, 0, 0, 36.47%, 18, 4, 3, 558.25, 3240524, 31, 167625, 0
5241, 2221, 22, 66, 0, 0, 36.47%, 18, 4, 3, 614.32, 3243447, 31, 167848, 0
5246, 2223, 43, 66, 0, 0, 36.47%, 18, 4, 3, 673.46, 3246947, 31, 167919, 0
5251, 2224, 58, 66, 0, 0, 36.47%, 18, 4, 3, 544.07, 3249820, 31, 168156, 0
5257, 2226, 2, 66, 0, 0, 36.47%, 18, 4, 3, 518.98, 3252119, 31, 168414, 0
5262, 2228, 63, 66, 0, 0, 36.47%, 18, 4, 3, 554.38, 3255298, 31, 168536, 0
5267, 2231, 5, 66, 0, 0, 36.47%, 18, 4, 3, 637.99, 3258748, 31, 168649, 0
5272, 2232, 48, 66, 0, 0, 36.47%, 18, 4, 3, 597.42, 3261896, 31, 168863, 0
5277, 2234, 7, 66, 0, 0, 36.47%, 18, 4, 3, 637.88, 3265282, 31, 169032, 0
5282, 2236, 33, 66, 0, 0, 36.47%, 18, 4, 3, 694.16, 3268846, 31, 169112, 0
5287, 2239, 5, 66, 0, 0, 36.47%, 18, 4, 3, 708.08, 3272392, 31, 169233, 0
5292, 2241, 0, 66, 0, 0, 36.47%, 18, 4, 3, 578.69, 3275429, 31, 169504, 0
5297, 2242, 57, 66, 0, 0, 36.47%, 18, 4, 3, 630.77, 3278845, 31, 169630, 0
5302, 2243, 46, 66, 0, 0, 36.47%, 18, 4, 3, 555.17, 3281250, 31, 170010, 0
5308, 2244, 60, 66, 0, 0, 36.47%, 18, 4, 3, 552.58, 3284364, 31, 170281, 0
5313, 2245, 60, 66, 0, 0, 36.47%, 18, 4, 3, 378.30, 3286327, 31, 170664, 0
5318, 2247, 60, 66, 0, 0, 36.47%, 18, 4, 3, 572.83, 3289634, 31, 170814, 0
5323, 2249, 8, 66, 0, 0, 36.47%, 18, 4, 3, 590.26, 3292244, 31, 171023, 0
5328, 2251, 35, 66, 0, 0, 36.47%, 18, 4, 3, 634.21, 3295265, 31, 171320, 0
5333, 2252, 35, 66, 0, 0, 36.47%, 18, 4, 3, 696.67, 3298796, 31, 171410, 0
5338, 2253, 64, 66, 0, 0, 36.47%, 18, 4, 3, 557.68, 3301708, 31, 171667, 0
5343, 2256, 32, 66, 0, 0, 36.47%, 18, 4, 3, 685.04, 3305253, 31, 171824, 0
5348, 2259, 3, 66, 0, 0, 36.47%, 18, 4, 3, 704.31, 3308802, 31, 171899, 0
5353, 2260, 53, 66, 0, 0, 36.47%, 18, 4, 3, 688.02, 3312275, 31, 172001, 0
5358, 2262, 7, 66, 0, 0, 36.47%, 18, 4, 3, 553.05, 3314984, 31, 172153, 0
5363, 2264, 18, 66, 0, 0, 36.47%, 18, 4, 3, 575.56, 3318002, 31, 172356, 0
5369, 2267, 51, 66, 0, 0, 36.47%, 18, 4, 3, 677.06, 3321738, 31, 172512, 0
5374, 2268, 43, 66, 0, 0, 36.47%, 18, 4, 3, 587.25, 3324414, 31, 172787, 0
5379, 2270, 32, 66, 0, 0, 36.47%, 18, 4, 3, 635.88, 3327692, 31, 172988, 0
5384, 2272, 22, 66, 0, 0, 36.47%, 18, 4, 3, 694.03, 3331255, 31, 173095, 0
5389, 2274, 8, 66, 0, 0, 36.47%, 18, 4, 3, 667.16, 3334350, 31, 173321, 0
5394, 2276, 62, 66, 0, 0, 36.47%, 18, 4, 3, 669.69, 3337777, 31, 173513, 0
5399, 2277, 65, 66, 0, 0, 36.47%, 18, 4, 3, 535.86, 3340318, 31, 173905, 0
5404, 2279, 62, 66, 0, 0, 36.47%, 18, 4, 3, 559.70, 3343543, 31, 174221, 0
5409, 2281, 39, 66, 0, 0, 36.47%, 18, 4, 3, 641.73, 3346641, 31, 174427, 0
5414, 2282, 58, 66, 0, 0, 36.47%, 18, 4, 3, 530.57, 3349084, 31, 174854, 0
5419, 2284, 43, 66, 0, 0, 36.47%, 18, 4, 3, 639.95, 3352248, 31, 175047, 0
5425, 2285, 61, 66, 0, 0, 36.47%, 18, 4, 3, 567.88, 3355271, 31, 175253, 0
5430, 2287, 54, 66, 0, 0, 36.47%, 18, 4, 3, 661.07, 3358566, 31, 175410, 0
5435, 2287, 64, 66, 0, 0, 36.47%, 18, 4, 3, 353.42, 3360020, 31, 175840, 0
5440, 2288, 59, 66, 0, 0, 36.47%, 18, 4, 3, 479.08, 3362693, 31, 176232, 0
5445, 2289, 52, 66, 0, 0, 36.47%, 18, 4, 3, 573.62, 3365465, 31, 176407, 0
5450, 2291, 34, 66, 0, 0, 36.47%, 18, 4, 3, 662.47, 3368962, 31, 176481, 0
5455, 2293, 0, 66, 0, 0, 36.47%, 18, 4, 3, 540.01, 3371886, 31, 176683, 0
5460, 2294, 46, 66, 0, 0, 36.47%, 18, 4, 3, 568.05, 3374760, 31, 176982, 0
5465, 2296, 63, 66, 0, 0, 36.47%, 18, 4, 3, 547.48, 3377732, 31, 177150, 0
5470, 2298, 46, 66, 0, 0, 36.47%, 18, 4, 3, 662.37, 3381214, 31, 177286, 0
5475, 2301, 2, 66, 0, 0, 36.47%, 18, 4, 3, 680.21, 3384663, 31, 177411, 0
5480, 2303, 31, 66, 0, 0, 36.47%, 18, 4, 3, 721.26, 3388323, 31, 177523, 0
5486, 2305, 63, 66, 0, 0, 36.47%, 18, 4, 3, 639.26, 3391652, 31, 177654, 0
5491, 2308, 6, 66, 0, 0, 36.47%, 18, 4, 3, 690.59, 3395031, 31, 177797, 0
5496, 2309, 64, 66, 0, 0, 36.47%, 18, 4, 3, 577.18, 3397798, 31, 178005, 0
5501, 2311, 61, 66, 0, 0, 36.47%, 18, 4, 3, 544.97, 3400509, 31, 178261, 0
5506, 2312, 58, 66, 0, 0, 36.47%, 18, 4, 3, 494.68, 3402996, 31, 178598, 0
5511, 2314, 47, 66, 0, 0, 36.47%, 18, 4, 3, 580.41, 3406089, 31, 178966, 0
5516, 2315, 51, 66, 0, 0, 36.47%, 18, 4, 3, 548.73, 3408694, 31, 179426, 0
5516, 2315, 51, 66, 0, 0, 36.47%, 18, 4, 3, 0.00, 3408715, 31, 179433, 0
5521, 2316, 63, 66, 0, 0, 36.47%, 18, 4, 3, 382.12, 3410808, 31, 179910, 0
5526, 2318, 14, 66, 0, 0, 36.47%, 18, 4, 3, 520.56, 3413597, 31, 180254, 0
5532, 2319, 46, 66, 0, 0, 36.47%, 18, 4, 3, 654.39, 3417090, 31, 180379, 0
5537, 2322, 5, 66, 0, 0, 36.47%, 18, 4, 3, 678.85, 3420614, 31, 180573, 0
5542, 2324, 7, 66, 0, 0, 36.47%, 18, 4, 3, 660.66, 3424041, 31, 180809, 0
5547, 2326, 0, 66, 0, 0, 36.47%, 18, 4, 3, 662.76, 3427414, 31, 181026, 0
5552, 2327, 51, 66, 0, 0, 36.47%, 18, 4, 3, 616.01, 3430522, 31, 181331, 0
5557, 2329, 42, 66, 0, 0, 36.47%, 18, 4, 3, 667.36, 3433918, 31, 181419, 0
5562, 2330, 62, 66, 0, 0, 36.47%, 18, 4, 3, 508.01, 3436709, 31, 181609, 0
5567, 2334, 16, 66, 0, 0, 36.47%, 18, 4, 3, 701.80, 3440539, 31, 181733, 0
5572, 2336, 32, 66, 0, 0, 36.47%, 18, 4, 3, 713.79, 3444098, 31, 181817, 0
5578, 2338, 2, 66, 0, 0, 36.47%, 18, 4, 3, 456.93, 3446347, 31, 182182, 0
5583, 2339, 59, 66, 0, 0, 36.47%, 18, 4, 3, 605.07, 3449793, 31, 182343, 0
5588, 2341, 8, 66, 0, 0, 36.47%, 18, 4, 3, 579.79, 3452716, 31, 182720, 0
5593, 2342, 8, 66, 0, 0, 36.47%, 18, 4, 3, 531.82, 3455368, 31, 183036, 0
5598, 2343, 0, 66, 0, 0, 36.47%, 18, 4, 3, 549.60, 3458260, 31, 183314, 0
5603, 2345, 8, 66, 0, 0, 36.47%, 18, 4, 3, 591.52, 3461434, 31, 183551, 0
5608, 2346, 61, 66, 0, 0, 36.47%, 18, 4, 3, 557.16, 3464603, 31, 183782, 0
5613, 2348, 7, 66, 0, 0, 36.47%, 18, 4, 3, 524.66, 3467308, 31, 184026, 0
5618, 2349, 2, 66, 0, 0, 36.47%, 18, 4, 3, 516.89, 3470170, 31, 184267, 0
5623, 2350, 45, 66, 0, 0, 36.47%, 18, 4, 3, 645.22, 3473672, 31, 184378, 0
5628, 2352, 42, 66, 0, 0, 36.47%, 18, 4, 3, 676.34, 3477132, 31, 184476, 0
5634, 2354, 31, 67, 1, 0, 36.47%, 18, 4, 3, 667.65, 3480444, 31, 184604, 0
5639, 2356, 8, 67, 1, 0, 36.47%, 18, 4, 3, 694.03, 3483958, 31, 184731, 0
5644, 2358, 40, 67, 1, 0, 36.47%, 18, 4, 3, 710.55, 3487507, 31, 184866, 0
5649, 2361, 6, 67, 1, 0, 36.47%, 18, 4, 3, 690.48, 3490792, 31, 185076, 0
5654, 2363, 46, 67, 1, 0, 36.47%, 18, 4, 3, 688.72, 3494278, 31, 185244, 0
5659, 2365, 55, 68, 2, 0, 36.47%, 18, 4, 3, 663.31, 3497474, 31, 185506, 0
5664, 2367, 46, 68, 2, 0, 36.47%, 18, 4, 3, 708.10, 3501113, 31, 185598, 0
5669, 2369, 24, 68, 1, 0, 36.47%, 18, 4, 3, 313.23, 3503960, 31, 185825, 0
5674, 2370, 67, 69, 2, 0, 36.47%, 18, 4, 3, 354.06, 3506192, 31, 186309, 0
5679, 2372, 5, 69, 0, 0, 36.47%, 18, 4, 3, 404.72, 3508443, 31, 186521, 0
5684, 2373, 54, 69, 0, 0, 36.47%, 18, 4, 3, 489.89, 3511318, 31, 186899, 0
5689, 2374, 37, 69, 0, 0, 36.47%, 18, 4, 3, 469.35, 3513323, 31, 187101, 0
5694, 2375, 51, 69, 0, 0, 36.47%, 18, 4, 3, 575.14, 3516251, 31, 187289, 0
5699, 2377, 45, 69, 0, 0, 36.47%, 18, 4, 3, 675.57, 3519562, 31, 187515, 0
5704, 2379, 31, 69, 0, 0, 36.47%, 18, 4, 3, 593.85, 3522368, 31, 187849, 0
5710, 2381, 39, 69, 0, 0, 36.47%, 18, 4, 3, 679.26, 3525927, 31, 187982, 0
5715, 2382, 36, 69, 0, 0, 36.47%, 18, 4, 3, 536.23, 3528091, 31, 188409, 0
5720, 2384, 31, 69, 0, 0, 36.47%, 18, 4, 3, 627.72, 3531081, 31, 188659, 0
5725, 2385, 44, 69, 0, 0, 36.47%, 18, 4, 3, 620.75, 3534040, 31, 188928, 0
5730, 2386, 56, 69, 0, 0, 36.47%, 18, 4, 3, 518.68, 3536467, 31, 189255, 0
5735, 2387, 56, 69, 0, 0, 36.47%, 18, 4, 3, 493.36, 3538802, 31, 189433, 0
5740, 2389, 32, 69, 0, 0, 36.47%, 18, 4, 3, 562.19, 3541949, 31, 189527, 0
5745, 2391, 2, 70, 0, 0, 36.47%, 18, 4, 3, 417.88, 3544107, 31, 189639, 0
5751, 2392, 35, 70, 0, 0, 36.47%, 18, 4, 3, 494.69, 3546518, 31, 189739, 0
5756, 2393, 65, 70, 0, 0, 36.47%, 18, 4, 3, 532.28, 3548892, 31, 189984, 0
5761, 2394, 61, 70, 0, 0, 36.47%, 18, 4, 3, 527.79, 3551919, 31, 190203, 0
5766, 2396, 8, 70, 0, 0, 36.47%, 18, 4, 3, 522.65, 3554101, 31, 190386, 0
5771, 2398, 30, 70, 0, 0, 36.47%, 18, 4, 3, 604.17, 3557212, 31, 190475, 0
5776, 2399, 7, 70, 0, 0, 36.47%, 18, 4, 3, 411.85, 3559067, 31, 190753, 0
5781, 2400, 60, 70, 0, 0, 36.47%, 18, 4, 3, 372.13, 3561077, 31, 191053, 0
5786, 2402, 49, 70, 0, 0, 36.47%, 18, 4, 3, 597.26, 3564260, 31, 191174, 0
5791, 2403, 8, 70, 0, 0, 36.47%, 18, 4, 3, 477.25, 3566398, 31, 191630, 0
5796, 2405, 2, 70, 0, 0, 36.47%, 18, 4, 3, 531.21, 3569099, 31, 191884, 0
5801, 2406, 7, 70, 0, 0, 36.47%, 18, 4, 3, 512.12, 3571869, 31, 192034, 0
5807, 2408, 5, 70, 0, 0, 36.47%, 18, 4, 3, 688.33, 3575027, 31, 192323, 0
5812, 2409, 68, 70, 0, 0, 36.47%, 18, 4, 3, 650.06, 3578301, 31, 192431, 0
5817, 2410, 61, 70, 0, 0, 36.47%, 18, 4, 3, 499.27, 3580519, 31, 192664, 0
5822, 2411, 67, 70, 0, 0, 36.47%, 18, 4, 3, 428.94, 3582408, 31, 192858, 0
5827, 2412, 58, 70, 0, 0, 36.47%, 18, 4, 3, 440.78, 3584503, 31, 193017, 0
5832, 2414, 7, 70, 0, 0, 36.47%, 18, 4, 3, 603.20, 3587746, 31, 193133, 0
5837, 2415, 56, 70, 0, 0, 36.47%, 18, 4, 3, 572.95, 3590793, 31, 193208, 0
5842, 2418, 2, 70, 0, 0, 36.47%, 18, 4, 3, 602.16, 3593907, 31, 193272, 0
5847, 2418, 62, 70, 0, 0, 36.47%, 18, 4, 3, 390.24, 3595833, 31, 193615, 0
5852, 2420, 0, 70, 0, 0, 36.47%, 18, 4, 3, 565.15, 3598852, 31, 193747, 0
5858, 2421, 63, 70, 0, 0, 36.47%, 18, 4, 3, 556.89, 3601802, 31, 193943, 0
5863, 2422, 48, 70, 0, 0, 36.47%, 18, 4, 3, 576.78, 3604626, 31, 194066, 0
5868, 2424, 0, 70, 0, 0, 36.47%, 18, 4, 3, 561.99, 3606931, 31, 194260, 0
5873, 2425, 62, 70, 0, 0, 36.47%, 18, 4, 3, 521.89, 3609850, 31, 194507, 0
5878, 2428, 7, 70, 0, 0, 36.47%, 18, 4, 3, 744.74, 3612746, 31, 194788, 0
5883, 2430, 38, 70, 0, 0, 36.47%, 18, 4, 3, 651.21, 3615780, 31, 194978, 0
5888, 2432, 0, 70, 0, 0, 36.47%, 18, 4, 3, 600.46, 3618356, 31, 195132, 0
5893, 2434, 31, 70, 0, 0, 36.47%, 18, 4, 3, 673.11, 3621794, 31, 195282, 0
5898, 2435, 66, 70, 0, 0, 36.47%, 18, 4, 3, 99.50, 3624258, 31, 195558, 0
5903, 2436, 21, 70, 0, 0, 36.47%, 18, 4, 3, 746.98, 3625603, 31, 195821, 0
5908, 2437, 39, 70, 0, 0, 36.47%, 18, 4, 3, 602.12, 3628224, 31, 196048, 0
5913, 2439, 6, 70, 0, 0, 36.47%, 18, 4, 3, 573.97, 3630995, 31, 196242, 0
5918, 2441, 7, 70, 0, 0, 36.47%, 18, 4, 3, 598.84, 3633844, 31, 196430, 0
5923, 2444, 7, 70, 0, 0, 36.47%, 18, 4, 3, 662.42, 3637280, 31, 196553, 0
5929, 2446, 46, 70, 0, 0, 36.47%, 18, 4, 3, 701.15, 3640839, 31, 196662, 0
5934, 2448, 63, 70, 0, 0, 36.47%, 18, 4, 3, 584.65, 3643947, 31, 196831, 0
5939, 2451, 32, 70, 0, 0, 36.47%, 18, 4, 3, 701.03, 3647622, 31, 196918, 0
5944, 2453, 8, 70, 0, 0, 36.47%, 18, 4, 3, 556.62, 3650115, 31, 197242, 0
5949, 2455, 25, 70, 0, 0, 36.47%, 18, 4, 3, 679.33, 3653645, 31, 197334, 0
5954, 2456, 54, 70, 0, 0, 36.47%, 18, 4, 3, 589.04, 3656448, 31, 197587, 0
5959, 2458, 46, 70, 0, 0, 36.47%, 18, 4, 3, 633.49, 3659739, 31, 197698, 0
5964, 2459, 31, 70, 0, 0, 36.47%, 18, 4, 3, 501.58, 3661856, 31, 198022, 0
5969, 2460, 69, 70, 0, 0, 36.47%, 18, 4, 3, 517.53, 3664419, 31, 198212, 0
5975, 2462, 5, 70, 0, 0, 36.47%, 18, 4, 3, 447.28, 3666548, 31, 198490, 0
5980, 2463, 52, 70, 0, 0, 36.47%, 18, 4, 3, 597.03, 3669874, 31, 198584, 0
5985, 2466, 5, 70, 0, 0, 36.47%, 18, 4, 3, 680.62, 3673477, 31, 198694, 0
5990, 2467, 8, 70, 0, 0, 36.47%, 18, 4, 3, 517.76, 3675768, 31, 199089, 0
5995, 2468, 68, 70, 0, 0, 36.47%, 18, 4, 3, 499.21, 3678636, 31, 199318, 0
6000, 2470, 5, 70, 0, 0, 36.47%, 18, 4, 3, 448.31, 3680898, 31, 199646, 0
6005, 2471, 46, 70, 0, 0, 36.47%, 18, 4, 3, 539.97, 3683622, 31, 199825, 0
6010, 2472, 63, 70, 0, 0, 36.47%, 18, 4, 3, 460.86, 3685968, 31, 200245, 0
6015, 2473, 63, 70, 0, 0, 36.47%, 18, 4, 3, 457.30, 3688437, 31, 200438, 0
6020, 2474, 67, 70, 0, 0, 36.47%, 18, 4, 3, 368.30, 3690474, 31, 200871, 0
6026, 2476, 54, 70, 0, 0, 36.47%, 18, 4, 3, 535.87, 3693216, 31, 201163, 0
6031, 2477, 7, 70, 0, 0, 36.47%, 18, 4, 3, 253.64, 3694603, 31, 201343, 0
6036, 2479, 0, 70, 0, 0, 36.47%, 18, 4, 3, 472.21, 3697247, 31, 201709, 0
6041, 2480, 5, 70, 0, 0, 36.47%, 18, 4, 3, 383.39, 3699321, 31, 201829, 0
6046, 2480, 70, 70, 0, 0, 36.47%, 18, 4, 3, 434.66, 3701941, 31, 201974, 0
6051, 2482, 59, 70, 0, 0, 36.47%, 18, 4, 3, 595.37, 3705376, 31, 202105, 0
6056, 2484, 43, 70, 0, 0, 36.47%, 18, 4, 3, 629.93, 3708474, 31, 202230, 0
6061, 2486, 42, 70, 0, 0, 36.47%, 18, 4, 3, 675.98, 3711841, 31, 202348, 0
6066, 2487, 31, 70, 0, 0, 36.47%, 18, 4, 3, 498.99, 3713832, 31, 202738, 0
6071, 2489, 69, 70, 0, 0, 36.47%, 18, 4, 3, 572.04, 3717013, 31, 202855, 0
6076, 2490, 68, 70, 0, 0, 36.47%, 18, 4, 3, 606.66, 3719834, 31, 203029, 0
6082, 2493, 6, 70, 0, 0, 36.47%, 18, 4, 3, 601.53, 3722602, 31, 203254, 0
6087, 2494, 46, 70, 0, 0, 36.47%, 18, 4, 3, 549.85, 3725098, 31, 203584, 0
6092, 2497, 5, 70, 0, 0, 36.47%, 18, 4, 3, 613.04, 3728344, 31, 203672, 0
6097, 2498, 41, 70, 0, 0, 36.47%, 18, 4, 3, 624.02, 3731574, 31, 203720, 0
6102, 2500, 8, 70, 0, 0, 36.47%, 18, 4, 3, 633.70, 3734580, 31, 203893, 0
6107, 2501, 38, 70, 0, 0, 36.47%, 18, 4, 3, 558.87, 3737072, 31, 204071, 0
6112, 2503, 64, 70, 0, 0, 36.47%, 18, 4, 3, 529.32, 3739981, 31, 204379, 0
6117, 2505, 7, 70, 0, 0, 36.47%, 18, 4, 3, 560.30, 3742896, 31, 204498, 0
6122, 2505, 66, 70, 0, 0, 36.47%, 18, 4, 3, 436.49, 3745410, 31, 204752, 0
6128, 2507, 51, 70, 0, 0, 36.47%, 18, 4, 3, 714.10, 3748496, 31, 205024, 0
6133, 2509, 0, 70, 0, 0, 36.47%, 18, 4, 3, 656.50, 3751577, 31, 205226, 0
6138, 2510, 7, 70, 0, 0, 36.47%, 18, 4, 3, 535.27, 3754239, 31, 205447, 0
6143, 2512, 7, 70, 0, 0, 36.47%, 18, 4, 3, 583.18, 3757021, 31, 205707, 0
6148, 2514, 47, 70, 0, 0, 36.47%, 18, 4, 3, 611.26, 3760221, 31, 205930, 0
6153, 2515, 58, 70, 0, 0, 36.47%, 18, 4, 3, 484.11, 3762524, 31, 206210, 0
6158, 2516, 8, 70, 0, 0, 36.47%, 18, 4, 3, 366.68, 3763957, 31, 206439, 0
6163, 2516, 67, 70, 0, 0, 36.47%, 18, 4, 3, 343.71, 3766055, 31, 206650, 0
6168, 2517, 66, 70, 0, 0, 36.47%, 18, 4, 3, 393.11, 3768334, 31, 206828, 0
6173, 2518, 64, 70, 0, 0, 36.47%, 18, 4, 3, 445.31, 3770658, 31, 207164, 0
6178, 2519, 69, 70, 0, 0, 36.47%, 18, 4, 3, 471.14, 3773348, 31, 207434, 0
6183, 2521, 50, 70, 0, 0, 36.47%, 18, 4, 3, 536.38, 3776190, 31, 207764, 0
6188, 2523, 34, 70, 0, 0, 36.47%, 18, 4, 3, 630.42, 3779432, 31, 207904, 0
6194, 2524, 65, 70, 0, 0, 36.47%, 18, 4, 3, 630.08, 3782427, 31, 208109, 0
6199, 2526, 2, 70, 0, 0, 36.47%, 18, 4, 3, 466.85, 3784811, 31, 208412, 0
6204, 2528, 0, 70, 0, 0, 36.47%, 18, 4, 3, 559.93, 3787693, 31, 208603, 0
6209, 2528, 68, 70, 0, 0, 36.47%, 18, 4, 3, 431.00, 3790081, 31, 208884, 0
6214, 2530, 62, 70, 0, 0, 36.47%, 18, 4, 3, 566.48, 3793175, 31, 209049, 0
6219, 2533, 32, 70, 0, 0, 36.47%, 18, 4, 3, 649.25, 3796470, 31, 209236, 0
6224, 2535, 54, 70, 0, 0, 36.47%, 18, 4, 3, 582.51, 3799274, 31, 209507, 0
6229, 2537, 33, 70, 0, 0, 36.47%, 18, 4, 3, 680.34, 3802827, 31, 209596, 0
6234, 2539, 39, 70, 0, 0, 36.47%, 18, 4, 3, 651.18, 3806003, 31, 209795, 0
6239, 2540, 67, 70, 0, 0, 36.47%, 18, 4, 3, 550.11, 3808505, 31, 210112, 0
6244, 2541, 59, 70, 0, 0, 36.47%, 18, 4, 3, 521.56, 3811214, 31, 210400, 0
6250, 2542, 56, 70, 0, 0, 36.47%, 18, 4, 3, 511.67, 3813496, 31, 210637, 0
6255, 2543, 57, 70, 0, 0, 36.47%, 18, 4, 3, 498.87, 3815593, 31, 210827, 0
6260, 2545, 0, 71, 1, 0, 36.47%, 18, 4, 3, 466.52, 3817845, 31, 211134, 0
6265, 2545, 70, 71, 1, 0, 36.47%, 18, 4, 3, 352.27, 3819871, 31, 211268, 0
6270, 2547, 60, 71, 0, 0, 36.47%, 18, 4, 3, 553.42, 3822851, 31, 211394, 0
6275, 2548, 39, 71, 0, 0, 36.47%, 18, 4, 3, 456.23, 3824562, 31, 211644, 0
6280, 2548, 69, 71, 0, 0, 36.47%, 18, 4, 3, 422.83, 3826894, 31, 211928, 0
6285, 2550, 47, 71, 0, 0, 36.47%, 18, 4, 3, 596.55, 3829972, 31, 212039, 0
6290, 2552, 46, 71, 0, 0, 36.47%, 18, 4, 3, 710.70, 3833606, 31, 212180, 0
6295, 2553, 53, 71, 0, 0, 36.47%, 18, 4, 3, 631.55, 3836459, 31, 212414, 0
6301, 2555, 7, 71, 0, 0, 36.47%, 18, 4, 3, 586.11, 3838885, 31, 212529, 0
6306, 2556, 15, 71, 0, 0, 36.47%, 18, 4, 3, 567.29, 3841848, 31, 212654, 0
6311, 2557, 2, 71, 0, 0, 36.47%, 18, 4, 3, 415.94, 3843936, 31, 212963, 0
6316, 2557, 69, 71, 0, 0, 36.47%, 18, 4, 3, 389.79, 3846301, 31, 213258, 0
6321, 2558, 69, 71, 0, 0, 36.47%, 18, 4, 3, 441.03, 3848714, 31, 213549, 0
6326, 2559, 50, 71, 0, 0, 36.47%, 18, 4, 3, 548.31, 3851441, 31, 213748, 0
6331, 2560, 65, 71, 0, 0, 36.47%, 18, 4, 3, 599.91, 3854283, 31, 213970, 0
6336, 2562, 46, 71, 0, 0, 36.47%, 18, 4, 3, 625.58, 3857555, 31, 214050, 0
6341, 2563, 70, 71, 0, 0, 36.47%, 18, 4, 3, 113.59, 3859650, 31, 214155, 0
6346, 2564, 66, 71, 0, 0, 36.47%, 18, 4, 3, 435.19, 3861454, 31, 214489, 0
6351, 2565, 32, 71, 0, 0, 36.47%, 18, 4, 3, 460.48, 3863326, 31, 214723, 0
6356, 2566, 56, 71, 0, 0, 36.47%, 18, 4, 3, 537.34, 3866072, 31, 214932, 0
6361, 2567, 69, 71, 0, 0, 36.47%, 18, 4, 3, 421.78, 3868359, 31, 215192, 0
6366, 2569, 45, 71, 0, 0, 36.47%, 18, 4, 3, 597.81, 3871334, 31, 215279, 0
6372, 2569, 62, 71, 0, 0, 36.47%, 18, 4, 3, 383.17, 3873270, 31, 215537, 0
6377, 2571, 31, 71, 0, 0, 36.47%, 18, 4, 3, 497.80, 3875839, 31, 215689, 0
6382, 2573, 49, 71, 0, 0, 36.47%, 18, 4, 3, 598.99, 3878941, 31, 215870, 0
6387, 2574, 47, 71, 0, 0, 36.47%, 18, 4, 3, 392.22, 3881178, 31, 216208, 0
6392, 2575, 62, 71, 0, 0, 36.47%, 18, 4, 3, 531.03, 3884203, 31, 216413, 0
6397, 2576, 35, 71, 0, 0, 36.47%, 18, 4, 3, 496.19, 3886183, 31, 216681, 0
6402, 2578, 2, 71, 0, 0, 36.47%, 18, 4, 3, 625.41, 3889615, 31, 216789, 0
6407, 2578, 70, 71, 0, 0, 36.47%, 18, 4, 3, 314.61, 3891076, 31, 217047, 0
6412, 2580, 6, 71, 0, 0, 36.47%, 18, 4, 3, 490.71, 3893806, 31, 217324, 0
6417, 2581, 62, 71, 0, 0, 36.47%, 18, 4, 3, 532.40, 3896756, 31, 217450, 0
6423, 2583, 16, 71, 0, 0, 36.47%, 18, 4, 3, 635.79, 3899898, 31, 217545, 0
6428, 2583, 68, 71, 0, 0, 36.47%, 18, 4, 3, 378.37, 3901822, 31, 217753, 0
6433, 2584, 67, 71, 0, 0, 36.47%, 18, 4, 3, 326.80, 3903765, 31, 218093, 0
6438, 2585, 64, 71, 0, 0, 36.47%, 18, 4, 3, 269.64, 3906218, 31, 218280, 0
6443, 2586, 67, 72, 1, 0, 36.47%, 18, 4, 3, 401.01, 3908672, 31, 218469, 0
6448, 2588, 6, 72, 1, 0, 36.47%, 18, 4, 3, 507.40, 3911467, 31, 218658, 0
6453, 2590, 32, 72, 1, 0, 36.47%, 18, 4, 3, 672.58, 3915092, 31, 218746, 0
6459, 2591, 52, 72, 1, 0, 36.47%, 18, 4, 3, 580.00, 3917655, 31, 219099, 0
6464, 2592, 56, 72, 0, 0, 36.47%, 18, 4, 3, 548.52, 3920174, 31, 219281, 0
6469, 2594, 39, 72, 0, 0, 36.47%, 18, 4, 3, 630.86, 3923373, 31, 219370, 0
6474, 2595, 7, 72, 0, 0, 36.47%, 18, 4, 3, 440.09, 3925314, 31, 219558, 0
6479, 2596, 7, 72, 0, 0, 36.47%, 18, 4, 3, 366.62, 3927045, 31, 219870, 0
6484, 2598, 2, 72, 0, 0, 36.47%, 18, 4, 3, 560.80, 3930044, 31, 220143, 0
6489, 2599, 7, 72, 0, 0, 36.47%, 18, 4, 3, 490.50, 3932588, 31, 220369, 0
6494, 2601, 5, 72, 0, 0, 36.47%, 18, 4, 3, 449.47, 3935079, 31, 220590, 0
6500, 2601, 66, 72, 0, 0, 36.47%, 18, 4, 3, 390.70, 3937394, 31, 220898, 0
6505, 2602, 67, 72, 0, 0, 36.47%, 18, 4, 3, 368.66, 3939548, 31, 221259, 0
6510, 2604, 13, 72, 0, 0, 36.47%, 18, 4, 3, 486.82, 3942051, 31, 221586, 0
6515, 2607, 2, 72, 0, 0, 36.47%, 18, 4, 3, 650.81, 3945637, 31, 221667, 0
6520, 2608, 61, 72, 0, 0, 36.47%, 18, 4, 3, 636.54, 3948953, 31, 221802, 0
6525, 2610, 2, 72, 0, 0, 36.47%, 18, 4, 3, 458.17, 3951061, 31, 222077, 0
6531, 2611, 32, 72, 0, 0, 36.47%, 18, 4, 3, 499.47, 3953521, 31, 222319, 0
6536, 2611, 69, 72, 0, 0, 36.47%, 18, 4, 3, 309.62, 3954982, 31, 222685, 0
6541, 2613, 0, 72, 0, 0, 36.47%, 18, 4, 3, 401.96, 3957351, 31, 222932, 0
6546, 2613, 59, 72, 0, 0, 36.47%, 18, 4, 3, 475.94, 3960150, 31, 223186, 0
6551, 2615, 16, 72, 0, 0, 36.47%, 18, 4, 3, 569.79, 3962979, 31, 223395, 0
6556, 2617, 45, 72, 0, 0, 36.47%, 18, 4, 3, 680.28, 3966593, 31, 223501, 0
6561, 2619, 36, 72, 0, 0, 36.47%, 18, 4, 3, 637.97, 3969474, 31, 223737, 0
6566, 2621, 42, 72, 0, 0, 36.47%, 18, 4, 3, 665.75, 3972947, 31, 223832, 0
6571, 2622, 62, 72, 0, 0, 36.47%, 18, 4, 3, 564.32, 3975672, 31, 224110, 0
6576, 2623, 60, 72, 0, 0, 36.47%, 18, 4, 3, 495.82, 3978274, 31, 224408, 0
6581, 2624, 63, 72, 0, 0, 36.47%, 18, 4, 3, 420.72, 3979943, 31, 224704, 0
6586, 2626, 0, 72, 0, 0, 36.47%, 18, 4, 3, 449.83, 3982416, 31, 224987, 0
6592, 2627, 50, 72, 0, 0, 36.47%, 18, 4, 3, 583.40, 3985728, 31, 225125, 0
6597, 2629, 5, 72, 0, 0, 36.47%, 18, 4, 3, 588.34, 3988283, 31, 225332, 0
6602, 2630, 2, 72, 0, 0, 36.47%, 18, 4, 3, 420.13, 3990428, 31, 225700, 0
6607, 2631, 8, 72, 0, 0, 36.47%, 18, 4, 3, 433.65, 3992681, 31, 225956, 0
6612, 2633, 2, 72, 0, 0, 36.47%, 18, 4, 3, 487.35, 3995366, 31, 226185, 0
6617, 2634, 46, 72, 0, 0, 36.47%, 18, 4, 3, 608.92, 3998587, 31, 226351, 0
6622, 2637, 2, 72, 0, 0, 36.47%, 18, 4, 3, 655.70, 4001933, 31, 226508, 0
6627, 2638, 33, 72, 0, 0, 36.47%, 18, 4, 3, 681.86, 4005392, 31, 226597, 0
6632, 2638, 67, 72, 0, 0, 36.47%, 18, 4, 3, 404.85, 4007406, 31, 226953, 0
6637, 2640, 52, 72, 0, 0, 36.47%, 18, 4, 3, 595.82, 4010658, 31, 227105, 0
6642, 2642, 31, 72, 0, 0, 36.47%, 18, 4, 3, 590.65, 4013299, 31, 227404, 0
6648, 2643, 62, 72, 0, 0, 36.47%, 18, 4, 3, 481.47, 4016066, 31, 227647, 0
6653, 2644, 7, 72, 0, 0, 36.47%, 18, 4, 3, 373.85, 4017616, 31, 227875, 0
6658, 2646, 12, 72, 0, 0, 36.47%, 18, 4, 3, 582.69, 4020873, 31, 228069, 0
6663, 2646, 68, 72, 0, 0, 36.47%, 18, 4, 3, 506.39, 4023570, 31, 228341, 0
6668, 2648, 8, 72, 0, 0, 36.47%, 18, 4, 3, 494.83, 4025706, 31, 228448, 0
6673, 2649, 51, 72, 0, 0, 36.47%, 18, 4, 3, 504.94, 4028351, 31, 228598, 0
6678, 2651, 27, 72, 0, 0, 36.47%, 18, 4, 3, 523.43, 4031099, 31, 228876, 0
6683, 2653, 5, 72, 0, 0, 36.47%, 18, 4, 3, 521.46, 4033397, 31, 229148, 0
6689, 2655, 10, 72, 0, 0, 36.47%, 18, 4, 3, 668.07, 4037074, 31, 229228, 0
6694, 2657, 2, 72, 0, 0, 36.47%, 18, 4, 3, 566.56, 4040012, 31, 229486, 0
6699, 2658, 64, 72, 0, 0, 36.47%, 18, 4, 3, 577.93, 4043081, 31, 229655, 0
6704, 2660, 31, 72, 0, 0, 36.47%, 18, 4, 3, 570.10, 4045658, 31, 229849, 0
6709, 2661, 50, 72, 0, 0, 36.47%, 18, 4, 3, 528.71, 4048217, 31, 230162, 0
6714, 2664, 5, 72, 0, 0, 36.47%, 18, 4, 3, 654.83, 4051774, 31, 230270, 0
6719, 2665, 64, 72, 0, 0, 36.47%, 18, 4, 3, 564.21, 4054868, 31, 230433, 0
6724, 2666, 67, 72, 0, 0, 36.47%, 18, 4, 3, 387.14, 4056953, 31, 230706, 0
6729, 2667, 61, 72, 0, 0, 36.47%, 18, 4, 3, 439.59, 4059236, 31, 230974, 0
6734, 2669, 31, 72, 0, 0, 36.47%, 18, 4, 3, 555.96, 4061742, 31, 231101, 0
6739, 2670, 16, 72, 0, 0, 36.47%, 18, 4, 3, 543.59, 4064437, 31, 231308, 0
6745, 2671, 39, 72, 0, 0, 36.47%, 18, 4, 3, 639.67, 4067848, 31, 231393, 0
6750, 2673, 56, 72, 0, 0, 36.47%, 18, 4, 3, 644.84, 4071218, 31, 231526, 0
6755, 2674, 68, 72, 0, 0, 36.47%, 18, 4, 3, 408.58, 4073376, 31, 231768, 0
6760, 2677, 5, 72, 0, 0, 36.47%, 18, 4, 3, 593.15, 4076575, 31, 231885, 0
6765, 2679, 7, 72, 0, 0, 36.47%, 18, 4, 3, 651.29, 4079901, 31, 231996, 0
6770, 2679, 61, 72, 0, 0, 36.47%, 18, 4, 3, 398.02, 4081869, 31, 232389, 0
6775, 2681, 5, 72, 0, 0, 36.47%, 18, 4, 3, 537.63, 4084740, 31, 232651, 0
6780, 2681, 68, 72, 0, 0, 36.47%, 18, 4, 3, 386.21, 4086945, 31, 233016, 0
6785, 2682, 66, 72, 0, 0, 36.47%, 18, 4, 3, 418.16, 4089265, 31, 233225, 0
6791, 2683, 68, 72, 0, 0, 36.47%, 18, 4, 3, 461.62, 4091634, 31, 233404, 0
6796, 2684, 62, 72, 0, 0, 36.47%, 18, 4, 3, 422.70, 4093850, 31, 233711, 0
6801, 2685, 54, 72, 0, 0, 36.47%, 18, 4, 3, 539.19, 4096469, 31, 234084, 0
6806, 2688, 2, 72, 0, 0, 36.47%, 18, 4, 3, 648.66, 4100040, 31, 234216, 0
6811, 2689, 34, 72, 0, 0, 36.47%, 18, 4, 3, 587.30, 4102889, 31, 234429, 0
6816, 2690, 2, 72, 0, 0, 36.47%, 18, 4, 3, 433.14, 4104824, 31, 234779, 0
6821, 2691, 32, 72, 0, 0, 36.47%, 18, 4, 3, 603.21, 4108048, 31, 234959, 0
6826, 2693, 31, 72, 0, 0, 36.47%, 18, 4, 3, 619.09, 4111012, 31, 235189, 0
6831, 2694, 69, 72, 0, 0, 36.47%, 18, 4, 3, 505.25, 4113862, 31, 235408, 0
6837, 2695, 67, 72, 0, 0, 36.47%, 18, 4, 3, 387.26, 4115704, 31, 235561, 0
6842, 2697, 34, 72, 0, 0, 36.47%, 18, 4, 3, 582.15, 4118818, 31, 235637, 0
6847, 2699, 31, 72, 0, 0, 36.47%, 18, 4, 3, 754.17, 4121527, 31, 235966, 0
6852, 2700, 31, 72, 0, 0, 36.47%, 18, 4, 3, 599.18, 4124265, 31, 236102, 0
6857, 2702, 32, 72, 0, 0, 36.47%, 18, 4, 3, 682.64, 4127759, 31, 236202, 0
6862, 2704, 1, 72, 0, 0, 36.47%, 18, 4, 3, 531.41, 4130473, 31, 236514, 0
6867, 2705, 7, 72, 0, 0, 36.47%, 18, 4, 3, 546.04, 4133358, 31, 236751, 0
6872, 2708, 8, 72, 0, 0, 36.47%, 18, 4, 3, 654.03, 4136777, 31, 236906, 0
6877, 2709, 46, 72, 0, 0, 36.47%, 18, 4, 3, 657.64, 4139991, 31, 236985, 0
6882, 2711, 5, 72, 0, 0, 36.47%, 18, 4, 3, 545.29, 4142765, 31, 237308, 0
6887, 2712, 68, 72, 0, 0, 36.47%, 18, 4, 3, 520.02, 4145489, 31, 237620, 0
6892, 2714, 18, 72, 0, 0, 36.47%, 18, 4, 3, 590.38, 4148201, 31, 237713, 0
6897, 2715, 61, 72, 0, 0, 36.47%, 18, 4, 3, 492.25, 4150655, 31, 237993, 0
6903, 2716, 50, 72, 0, 0, 36.47%, 18, 4, 3, 432.36, 4152294, 31, 238182, 0
6908, 2717, 62, 72, 0, 0, 36.47%, 18, 4, 3, 510.28, 4155129, 31, 238547, 0
6913, 2719, 5, 72, 0, 0, 36.47%, 18, 4, 3, 547.98, 4157814, 31, 238814, 0
6918, 2721, 32, 72, 0, 0, 36.47%, 18, 4, 3, 675.67, 4161409, 31, 238916, 0
6923, 2722, 62, 72, 0, 0, 36.47%, 18, 4, 3, 508.95, 4164137, 31, 239041, 0
6928, 2724, 31, 72, 0, 0, 36.47%, 18, 4, 3, 566.46, 4166881, 31, 239245, 0
6933, 2726, 31, 72, 0, 0, 36.47%, 18, 4, 3, 599.17, 4169805, 31, 239341, 0
6938, 2728, 0, 72, 0, 0, 36.47%, 18, 4, 3, 487.99, 4172435, 31, 239518, 0
6943, 2729, 44, 72, 0, 0, 36.47%, 18, 4, 3, 609.39, 4175680, 31, 239594, 0
6949, 2731, 8, 72, 0, 0, 36.47%, 18, 4, 3, 666.59, 4178880, 31, 239749, 0
6954, 2733, 31, 72, 0, 0, 36.47%, 18, 4, 3, 649.19, 4182194, 31, 239864, 0
6959, 2734, 55, 72, 0, 0, 36.47%, 18, 4, 3, 596.38, 4185212, 31, 240136, 0
6964, 2736, 60, 72, 0, 0, 36.47%, 18, 4, 3, 607.19, 4188508, 31, 240273, 0
6969, 2737, 50, 72, 0, 0, 36.47%, 18, 4, 3, 485.06, 4190551, 31, 240657, 0
6974, 2738, 60, 72, 0, 0, 36.47%, 18, 4, 3, 529.81, 4193292, 31, 240991, 0
6980, 2739, 32, 72, 0, 0, 36.47%, 18, 4, 3, 443.41, 4195061, 31, 241192, 0
6985, 2740, 8, 72, 0, 0, 36.47%, 18, 4, 3, 452.24, 4197262, 31, 241581, 0
6990, 2740, 64, 72, 0, 0, 36.47%, 18, 4, 3, 397.34, 4199446, 31, 241988, 0
6995, 2742, 2, 72, 0, 0, 36.47%, 18, 4, 3, 491.80, 4202163, 31, 242376, 0
7000, 2742, 62, 72, 0, 0, 36.47%, 18, 4, 3, 454.49, 4204661, 31, 242713, 0
7005, 2745, 0, 72, 0, 0, 36.47%, 18, 4, 3, 606.72, 4208008, 31, 242839, 0
7010, 2746, 63, 72, 0, 0, 36.47%, 18, 4, 3, 542.32, 4210775, 31, 242963, 0
7015, 2747, 46, 72, 0, 0, 36.47%, 18, 4, 3, 481.43, 4212614, 31, 243183, 0
7020, 2749, 5, 72, 0, 0, 36.47%, 18, 4, 3, 493.01, 4214737, 31, 243375, 0
7025, 2750, 8, 72, 0, 0, 36.47%, 18, 4, 3, 542.83, 4217545, 31, 243700, 0
7030, 2751, 31, 72, 0, 0, 36.47%, 18, 4, 3, 482.15, 4219779, 31, 244017, 0
7035, 2753, 31, 72, 0, 0, 36.47%, 18, 4, 3, 519.51, 4222448, 31, 244237, 0
7040, 2755, 31, 72, 0, 0, 36.47%, 18, 4, 3, 608.43, 4225639, 31, 244352, 0
7046, 2757, 0, 72, 0, 0, 36.47%, 18, 4, 3, 463.68, 4228147, 31, 244601, 0
7051, 2757, 66, 72, 0, 0, 36.47%, 18, 4, 3, 346.29, 4230248, 31, 244912, 0
7056, 2760, 5, 72, 0, 0, 36.47%, 18, 4, 3, 503.56, 4233212, 31, 245094, 0
7061, 2761, 60, 72, 0, 0, 36.47%, 18, 4, 3, 555.49, 4236303, 31, 245229, 0
7066, 2763, 46, 72, 0, 0, 36.47%, 18, 4, 3, 588.21, 4239055, 31, 245528, 0
7071, 2765, 53, 72, 0, 0, 36.47%, 18, 4, 3, 601.75, 4242116, 31, 245768, 0
7076, 2767, 33, 72, 0, 0, 36.47%, 18, 4, 3, 677.96, 4245614, 31, 245844, 0
7081, 2769, 5, 72, 0, 0, 36.47%, 18, 4, 3, 501.18, 4248243, 31, 246019, 0
7086, 2770, 55, 72, 0, 0, 36.47%, 18, 4, 3, 532.03, 4251115, 31, 246261, 0
7091, 2772, 6, 72, 0, 0, 36.47%, 18, 4, 3, 554.14, 4253517, 31, 246478, 0
7097, 2774, 8, 72, 0, 0, 36.47%, 18, 4, 3, 566.20, 4256517, 31, 246663, 0
7102, 2775, 31, 72, 0, 0, 36.47%, 18, 4, 3, 541.01, 4259135, 31, 246727, 0
7107, 2777, 52, 72, 0, 0, 36.47%, 18, 4, 3, 631.64, 4262565, 31, 246873, 0
7112, 2778, 57, 72, 0, 0, 36.47%, 18, 4, 3, 694.64, 4264484, 31, 247065, 0
7117, 2779, 39, 72, 0, 0, 36.47%, 18, 4, 3, 751.46, 4266411, 31, 247372, 0
7122, 2782, 5, 72, 0, 0, 36.47%, 18, 4, 3, 691.11, 4269838, 31, 247503, 0
7127, 2783, 59, 72, 0, 0, 36.47%, 18, 4, 3, 677.13, 4273387, 31, 247636, 0
7132, 2784, 68, 72, 0, 0, 36.47%, 18, 4, 3, 446.21, 4275478, 31, 247905, 0
7138, 2785, 34, 72, 0, 0, 36.47%, 18, 4, 3, 453.81, 4277297, 31, 248043, 0
7143, 2786, 55, 72, 0, 0, 36.47%, 18, 4, 3, 556.33, 4279907, 31, 248215, 0
7148, 2788, 8, 72, 0, 0, 36.47%, 18, 4, 3, 606.26, 4282866, 31, 248428, 0
7153, 2790, 7, 72, 0, 0, 36.47%, 18, 4, 3, 671.29, 4286433, 31, 248520, 0
7158, 2791, 33, 72, 0, 0, 36.47%, 18, 4, 3, 382.94, 4288636, 31, 248651, 0
7163, 2792, 59, 72, 0, 0, 36.47%, 18, 4, 3, 472.14, 4291476, 31, 248951, 0
7168, 2794, 5, 72, 0, 0, 36.47%, 18, 4, 3, 512.08, 4294355, 31, 249164, 0
7173, 2795, 46, 72, 0, 0, 36.47%, 18, 4, 3, 588.88, 4297377, 31, 249357, 0
7178, 2797, 5, 72, 0, 0, 36.47%, 18, 4, 3, 564.67, 4300006, 31, 249493, 0
7184, 2799, 7, 72, 0, 0, 36.47%, 18, 4, 3, 645.61, 4303436, 31, 249663, 0
7189, 2801, 5, 72, 0, 0, 36.47%, 18, 4, 3, 647.46, 4306833, 31, 249777, 0
7194, 2802, 36, 72, 0, 0, 36.47%, 18, 4, 3, 595.79, 4309622, 31, 249987, 0
7199, 2803, 31, 72, 0, 0, 36.47%, 18, 4, 3, 528.98, 4311970, 31, 250389, 0
7204, 2805, 32, 72, 0, 0, 36.47%, 18, 4, 3, 555.16, 4314800, 31, 250599, 0
7209, 2806, 56, 72, 0, 0, 36.47%, 18, 4, 3, 551.00, 4317492, 31, 250862, 0
7214, 2808, 2, 72, 0, 0, 36.47%, 18, 4, 3, 702.97, 4319510, 31, 251019, 0
7219, 2809, 60, 72, 0, 0, 36.47%, 18, 4, 3, 589.57, 4322389, 31, 251247, 0
7224, 2811, 22, 72, 0, 0, 36.47%, 18, 4, 3, 574.09, 4325101, 31, 251505, 0
7229, 2812, 56, 72, 0, 0, 36.47%, 18, 4, 3, 613.72, 4328213, 31, 251614, 0
7234, 2813, 50, 72, 0, 0, 36.47%, 18, 4, 3, 523.84, 4330446, 31, 251831, 0
7239, 2815, 7, 72, 0, 0, 36.47%, 18, 4, 3, 506.96, 4333018, 31, 252148, 0
7245, 2815, 64, 72, 0, 0, 36.47%, 18, 4, 3, 391.54, 4335054, 31, 252527, 0
7250, 2816, 70, 72, 0, 0, 36.47%, 18, 4, 3, 294.83, 4336709, 31, 252780, 0
7255, 2818, 67, 72, 0, 0, 36.47%, 18, 4, 3, 462.86, 4339547, 31, 252870, 0
7260, 2819, 31, 72, 0, 0, 36.47%, 18, 4, 3, 381.92, 4340948, 31, 253033, 0
7265, 2820, 48, 72, 0, 0, 36.47%, 18, 4, 3, 480.28, 4343448, 31, 253247, 0
7270, 2822, 7, 72, 0, 0, 36.47%, 18, 4, 3, 509.98, 4346170, 31, 253518, 0
7275, 2823, 59, 72, 0, 0, 36.47%, 18, 4, 3, 523.96, 4348832, 31, 253747, 0
7280, 2825, 48, 72, 0, 0, 36.47%, 18, 4, 3, 571.65, 4351729, 31, 253918, 0
7285, 2827, 8, 72, 0, 0, 36.47%, 18, 4, 3, 612.60, 4354672, 31, 254104, 0
7291, 2829, 32, 72, 0, 0, 36.47%, 18, 4, 3, 617.86, 4357858, 31, 254269, 0
7296, 2830, 8, 72, 0, 0, 36.47%, 18, 4, 3, 453.69, 4359683, 31, 254684, 0
7301, 2831, 69, 72, 0, 0, 36.47%, 18, 4, 3, 474.88, 4362440, 31, 254950, 0
7306, 2833, 6, 72, 0, 0, 36.47%, 18, 4, 3, 553.84, 4365168, 31, 255222, 0
7311, 2834, 63, 72, 0, 0, 36.47%, 18, 4, 3, 538.18, 4368097, 31, 255360, 0
7316, 2836, 53, 72, 0, 0, 36.47%, 18, 4, 3, 595.00, 4371196, 31, 255526, 0
7321, 2837, 61, 72, 0, 0, 36.47%, 18, 4, 3, 495.54, 4373419, 31, 255878, 0
7326, 2838, 0, 72, 0, 0, 36.47%, 18, 4, 3, 339.30, 4374751, 31, 256170, 0
7331, 2839, 67, 72, 0, 0, 36.47%, 18, 4, 3, 515.77, 4377831, 31, 256342, 0
7336, 2841, 31, 72, 0, 0, 36.47%, 18, 4, 3, 617.34, 4380819, 31, 256485, 0
7341, 2842, 47, 72, 0, 0, 36.47%, 18, 4, 3, 556.00, 4383404, 31, 256725, 0
7347, 2844, 61, 72, 0, 0, 36.47%, 18, 4, 3, 538.85, 4386369, 31, 257011, 0
7352, 2846, 7, 72, 0, 0, 36.47%, 18, 4, 3, 595.97, 4389225, 31, 257259, 0
7357, 2847, 60, 72, 0, 0, 36.47%, 18, 4, 3, 621.32, 4392409, 31, 257403, 0
7362, 2848, 31, 72, 0, 0, 36.47%, 18, 4, 3, 443.32, 4393928, 31, 257691, 0
7367, 2849, 56, 72, 0, 0, 36.47%, 18, 4, 3, 485.78, 4396390, 31, 257829, 0
7372, 2851, 5, 72, 0, 0, 36.47%, 18, 4, 3, 487.00, 4398717, 31, 257996, 0
7377, 2851, 70, 72, 0, 0, 36.47%, 18, 4, 3, 38.65, 4400148, 31, 258171, 0
7382, 2853, 2, 72, 0, 0, 36.47%, 18, 4, 3, 535.31, 4401922, 31, 258290, 0
7387, 2854, 49, 72, 0, 0, 36.47%, 18, 4, 3, 626.72, 4405236, 31, 258387, 0
7392, 2855, 67, 72, 0, 0, 36.47%, 18, 4, 3, 388.91, 4407307, 31, 258750, 0
7397, 2856, 62, 72, 0, 0, 36.47%, 18, 4, 3, 460.89, 4410068, 31, 258910, 0
7402, 2858, 32, 72, 0, 0, 36.47%, 18, 4, 3, 516.85, 4412622, 31, 259175, 0
7407, 2860, 70, 72, 0, 0, 36.47%, 18, 4, 3, 110.71, 4415709, 31, 259297, 0
7412, 2861, 62, 72, 0, 0, 36.47%, 18, 4, 3, 570.99, 4417391, 31, 259435, 0
7418, 2863, 31, 72, 0, 0, 36.47%, 18, 4, 3, 519.78, 4419970, 31, 259519, 0
7423, 2864, 2, 72, 0, 0, 36.47%, 18, 4, 3, 271.73, 4421028, 31, 259690, 0
7428, 2864, 69, 72, 0, 0, 36.47%, 18, 4, 3, 258.01, 4422672, 31, 259902, 0
7433, 2866, 5, 72, 0, 0, 36.47%, 18, 4, 3, 398.12, 4424997, 31, 260079, 0
7438, 2867, 67, 72, 0, 0, 36.47%, 18, 4, 3, 552.63, 4428041, 31, 260180, 0
7443, 2869, 7, 72, 0, 0, 36.47%, 18, 4, 3, 587.52, 4430714, 31, 260372, 0
7448, 2869, 66, 72, 0, 0, 36.47%, 18, 4, 3, 348.86, 4432469, 31, 260704, 0
7453, 2870, 67, 72, 0, 0, 36.47%, 18, 4, 3, 431.01, 4435101, 31, 260943, 0
7458, 2872, 7, 72, 0, 0, 36.47%, 18, 4, 3, 529.61, 4437696, 31, 261153, 0
7463, 2873, 61, 72, 0, 0, 36.47%, 18, 4, 3, 457.61, 4439841, 31, 261413, 0
7468, 2874, 69, 72, 0, 0, 36.47%, 18, 4, 3, 430.25, 4442060, 31, 261647, 0
7474, 2875, 66, 72, 0, 0, 36.47%, 18, 4, 3, 363.96, 4444011, 31, 261952, 0
7479, 2876, 67, 72, 0, 0, 36.47%, 18, 4, 3, 412.37, 4446285, 31, 262259, 0
7484, 2878, 46, 72, 0, 0, 36.47%, 18, 4, 3, 592.90, 4449588, 31, 262355, 0
7489, 2879, 70, 72, 0, 0, 36.47%, 18, 4, 3, 485.50, 4452065, 31, 262566, 0
7494, 2880, 58, 72, 0, 0, 36.47%, 18, 4, 3, 407.01, 4453942, 31, 262908, 0
7499, 2883, 0, 72, 0, 0, 36.47%, 18, 4, 3, 611.89, 4457384, 31, 263045, 0
7504, 2883, 66, 72, 0, 0, 36.47%, 18, 4, 3, 102.05, 4459489, 31, 263272, 0
7510, 2884, 32, 72, 0, 0, 36.47%, 18, 4, 3, 375.99, 4461224, 31, 263528, 0
7515, 2886, 0, 72, 0, 0, 36.47%, 18, 4, 3, 490.02, 4463710, 31, 263875, 0
7520, 2887, 56, 72, 0, 0, 36.47%, 18, 4, 3, 589.86, 4466901, 31, 264003, 0
7525, 2889, 4, 72, 0, 0, 36.47%, 18, 4, 3, 599.08, 4469563, 31, 264203, 0
7530, 2890, 68, 72, 0, 0, 36.47%, 18, 4, 3, 558.10, 4472556, 31, 264334, 0
7535, 2892, 9, 72, 0, 0, 36.47%, 18, 4, 3, 561.04, 4475108, 31, 264511, 0
7540, 2894, 31, 72, 0, 0, 36.47%, 18, 4, 3, 574.77, 4478049, 31, 264683, 0
7545, 2896, 5, 72, 0, 0, 36.47%, 18, 4, 3, 518.40, 4480732, 31, 264901, 0
7550, 2896, 71, 72, 0, 0, 36.47%, 18, 4, 3, 434.00, 4483005, 31, 265053, 0
7555, 2898, 55, 72, 0, 0, 36.47%, 18, 4, 3, 607.51, 4486355, 31, 265243, 0
7560, 2899, 7, 72, 0, 0, 36.47%, 18, 4, 3, 365.06, 4487682, 31, 265406, 0
7566, 2901, 6, 72, 0, 0, 36.47%, 18, 4, 3, 581.62, 4491033, 31, 265568, 0
7571, 2902, 47, 72, 0, 0, 36.47%, 18, 4, 3, 624.72, 4494260, 31, 265712, 0
7576, 2905, 8, 72, 0, 0, 36.47%, 18, 4, 3, 673.54, 4497675, 31, 265832, 0
7581, 2907, 0, 72, 0, 0, 36.47%, 18, 4, 3, 566.99, 4500368, 31, 266073, 0
7586, 2908, 5, 72, 0, 0, 36.47%, 18, 4, 3, 595.00, 4503446, 31, 266252, 0
7591, 2909, 60, 72, 0, 0, 36.47%, 18, 4, 3, 506.69, 4506072, 31, 266570, 0
7596, 2910, 67, 72, 0, 0, 36.47%, 18, 4, 3, 432.86, 4508041, 31, 266866, 0
7601, 2911, 61, 72, 0, 0, 36.47%, 18, 4, 3, 405.25, 4509922, 31, 267096, 0
7606, 2913, 7, 72, 0, 0, 36.47%, 18, 4, 3, 517.38, 4512258, 31, 267408, 0
7611, 2914, 32, 72, 0, 0, 36.47%, 18, 4, 3, 556.12, 4515089, 31, 267621, 0
7617, 2916, 48, 72, 0, 0, 36.47%, 18, 4, 3, 650.30, 4518297, 31, 267850, 0
7622, 2918, 59, 72, 0, 0, 36.47%, 18, 4, 3, 641.16, 4521617, 31, 267955, 0
7627, 2919, 62, 72, 0, 0, 36.47%, 18, 4, 3, 499.51, 4524147, 31, 268137, 0
7632, 2921, 47, 72, 0, 0, 36.47%, 18, 4, 3, 594.09, 4527295, 31, 268301, 0
7637, 2923, 68, 72, 0, 0, 36.47%, 18, 4, 3, 602.39, 4530470, 31, 268438, 0
7642, 2925, 0, 72, 0, 0, 36.47%, 18, 4, 3, 528.69, 4532875, 31, 268706, 0
7647, 2926, 32, 72, 0, 0, 36.47%, 18, 4, 3, 496.86, 4535318, 31, 268914, 0
7652, 2927, 68, 72, 0, 0, 36.47%, 18, 4, 3, 524.57, 4538109, 31, 269098, 0
7657, 2929, 32, 72, 0, 0, 36.47%, 18, 4, 3, 581.62, 4540752, 31, 269215, 0
7662, 2931, 0, 72, 0, 0, 36.47%, 18, 4, 3, 551.59, 4543309, 31, 269514, 0
7668, 2932, 7, 72, 0, 0, 36.47%, 18, 4, 3, 524.46, 4545932, 31, 269709, 0
7673, 2934, 0, 72, 0, 0, 36.47%, 18, 4, 3, 419.40, 4548257, 31, 269860, 0
7678, 2935, 25, 72, 0, 0, 36.47%, 18, 4, 3, 486.37, 4550740, 31, 270172, 0
7683, 2936, 56, 72, 0, 0, 36.47%, 18, 4, 3, 535.15, 4553480, 31, 270370, 0
7688, 2936, 70, 72, 0, 0, 36.47%, 18, 4, 3, 223.68, 4554220, 31, 270572, 0
7693, 2938, 48, 72, 0, 0, 36.47%, 18, 4, 3, 521.42, 4557064, 31, 270710, 0
7698, 2940, 6, 72, 0, 0, 36.47%, 18, 4, 3, 486.95, 4559618, 31, 270901, 0
7703, 2942, 16, 72, 0, 0, 36.47%, 18, 4, 3, 610.44, 4562930, 31, 271000, 0
7708, 2944, 30, 72, 0, 0, 36.47%, 18, 4, 3, 616.45, 4565816, 31, 271231, 0
7713, 2945, 70, 72, 0, 0, 36.47%, 18, 4, 3, 100.49, 4568168, 31, 271407, 0
7718, 2947, 0, 72, 0, 0, 36.47%, 18, 4, 3, 146.95, 4569810, 31, 271640, 0
7723, 2948, 56, 72, 0, 0, 36.47%, 18, 4, 3, 604.38, 4572708, 31, 271855, 0
7729, 2949, 51, 72, 0, 0, 36.47%, 18, 4, 3, 459.27, 4574830, 31, 272190, 0
7734, 2951, 21, 72, 0, 0, 36.47%, 18, 4, 3, 555.12, 4577668, 31, 272312, 0
7739, 2952, 69, 72, 0, 0, 36.47%, 18, 4, 3, 515.73, 4580095, 31, 272587, 0
7744, 2954, 7, 72, 0, 0, 36.47%, 18, 4, 3, 539.40, 4582507, 31, 272740, 0
7749, 2954, 68, 72, 0, 0, 36.47%, 18, 4, 3, 378.66, 4584672, 31, 272959, 0
7754, 2956, 5, 72, 0, 0, 36.47%, 18, 4, 3, 456.00, 4586808, 31, 273063, 0
7759, 2957, 32, 72, 0, 0, 36.47%, 18, 4, 3, 487.47, 4589217, 31, 273283, 0
7764, 2958, 32, 72, 0, 0, 36.47%, 18, 4, 3, 489.73, 4591364, 31, 273566, 0
7769, 2959, 57, 72, 0, 0, 36.47%, 18, 4, 3, 474.32, 4593910, 31, 273900, 0
7775, 2961, 58, 72, 0, 0, 36.47%, 18, 4, 3, 553.46, 4597099, 31, 274132, 0
7780, 2963, 56, 72, 0, 0, 36.47%, 18, 4, 3, 604.23, 4600329, 31, 274259, 0
7785, 2964, 63, 72, 0, 0, 36.47%, 18, 4, 3, 542.67, 4602615, 31, 274484, 0
7790, 2965, 52, 72, 0, 0, 36.47%, 18, 4, 3, 533.06, 4605277, 31, 274733, 0
7795, 2967, 53, 72, 0, 0, 36.47%, 18, 4, 3, 635.30, 4608634, 31, 274847, 0
7800, 2968, 67, 72, 0, 0, 36.47%, 18, 4, 3, 497.75, 4611013, 31, 275199, 0
7805, 2969, 12, 72, 0, 0, 36.47%, 18, 4, 3, 655.19, 4612203, 31, 275387, 0
7810, 2970, 60, 72, 0, 0, 36.47%, 18, 4, 3, 509.69, 4614572, 31, 275685, 0
7815, 2971, 50, 72, 0, 0, 36.47%, 18, 4, 3, 488.57, 4616711, 31, 275985, 0
7821, 2972, 63, 72, 0, 0, 36.47%, 18, 4, 3, 386.83, 4618656, 31, 276366, 0
7826, 2974, 60, 72, 0, 0, 36.47%, 18, 4, 3, 501.84, 4621411, 31, 276587, 0
7831, 2975, 70, 72, 0, 0, 36.47%, 18, 4, 3, 105.76, 4623131, 31, 276770, 0
7836, 2977, 8, 72, 0, 0, 36.47%, 18, 4, 3, 524.54, 4625418, 31, 276948, 0
7841, 2977, 64, 72, 0, 0, 36.47%, 18, 4, 3, 339.78, 4627190, 31, 277205, 0
7846, 2980, 2, 72, 0, 0, 36.47%, 18, 4, 3, 572.59, 4630368, 31, 277333, 0
7851, 2981, 64, 72, 0, 0, 36.47%, 18, 4, 3, 600.19, 4633599, 31, 277464, 0
7856, 2982, 48, 72, 0, 0, 36.47%, 18, 4, 3, 576.20, 4636271, 31, 277700, 0
7861, 2984, 2, 72, 0, 0, 36.47%, 18, 4, 3, 557.10, 4638843, 31, 277913, 0
7866, 2986, 6, 72, 0, 0, 36.47%, 18, 4, 3, 626.54, 4642146, 31, 278001, 0
7871, 2988, 32, 72, 0, 0, 36.47%, 18, 4, 3, 679.27, 4645597, 31, 278086, 0
7876, 2990, 31, 72, 0, 0, 36.47%, 18, 4, 3, 505.00, 4648330, 31, 278303, 0
7882, 2991, 5, 72, 0, 0, 36.47%, 18, 4, 3, 321.55, 4649767, 31, 278616, 0
7887, 2993, 6, 72, 0, 0, 36.47%, 18, 4, 3, 519.51, 4652749, 31, 278756, 0
7892, 2995, 8, 72, 0, 0, 36.47%, 18, 4, 3, 595.23, 4655911, 31, 278893, 0
7897, 2996, 69, 72, 0, 0, 36.47%, 18, 4, 3, 570.17, 4658915, 31, 279019, 0
7902, 2998, 2, 72, 0, 0, 36.47%, 18, 4, 3, 460.42, 4661160, 31, 279393, 0
7907, 2999, 17, 72, 0, 0, 36.47%, 18, 4, 3, 518.00, 4663896, 31, 279612, 0
7912, 3000, 60, 72, 0, 0, 36.47%, 18, 4, 3, 494.13, 4666648, 31, 279754, 0
7917, 3002, 3, 72, 0, 0, 36.47%, 18, 4, 3, 534.48, 4668945, 31, 279963, 0
7922, 3002, 61, 72, 0, 0, 36.47%, 18, 4, 3, 395.54, 4671110, 31, 280208, 0
7927, 3004, 8, 72, 0, 0, 36.47%, 18, 4, 3, 257.02, 4673188, 31, 280324, 0
7932, 3006, 8, 72, 0, 0, 36.47%, 18, 4, 3, 546.48, 4676263, 31, 280461, 0
7937, 3008, 6, 72, 0, 0, 36.47%, 18, 4, 3, 601.11, 4678815, 31, 280659, 0
7943, 3010, 7, 72, 0, 0, 36.47%, 18, 4, 3, 611.38, 4681905, 31, 280776, 0
7948, 3012, 31, 72, 0, 0, 36.47%, 18, 4, 3, 602.54, 4684716, 31, 281043, 0
7953, 3014, 46, 72, 0, 0, 36.47%, 18, 4, 3, 629.79, 4688040, 31, 281149, 0
7958, 3015, 70, 72, 0, 0, 36.47%, 18, 4, 3, 104.65, 4689796, 31, 281305, 0
7963, 3017, 32, 72, 0, 0, 36.47%, 18, 4, 3, 539.02, 4692152, 31, 281428, 0
7968, 3018, 51, 72, 0, 0, 36.47%, 18, 4, 3, 556.86, 4694897, 31, 281651, 0
7973, 3020, 0, 72, 0, 0, 36.47%, 18, 4, 3, 457.53, 4697292, 31, 281922, 0
7978, 3021, 8, 72, 0, 0, 36.47%, 18, 4, 3, 420.77, 4699352, 31, 282056, 0
7983, 3022, 32, 72, 0, 0, 36.47%, 18, 4, 3, 576.33, 4702354, 31, 282240, 0
7988, 3023, 64, 72, 0, 0, 36.47%, 18, 4, 3, 451.78, 4704295, 31, 282472, 0
7993, 3026, 6, 72, 0, 0, 36.47%, 18, 4, 3, 600.70, 4707391, 31, 282686, 0
7999, 3028, 32, 72, 0, 0, 36.47%, 18, 4, 3, 667.71, 4710977, 31, 282801, 0
8004, 3029, 67, 72, 0, 0, 36.47%, 18, 4, 3, 428.76, 4713039, 31, 283077, 0
8009, 3031, 46, 72, 0, 0, 36.47%, 18, 4, 3, 552.74, 4715966, 31, 283318, 0
8014, 3033, 31, 72, 0, 0, 36.47%, 18, 4, 3, 567.88, 4718409, 31, 283456, 0
8019, 3034, 62, 72, 0, 0, 36.47%, 18, 4, 3, 506.86, 4720783, 31, 283653, 0
8024, 3035, 63, 72, 0, 0, 36.47%, 18, 4, 3, 434.28, 4722871, 31, 283842, 0
8029, 3038, 7, 72, 0, 0, 36.47%, 18, 4, 3, 606.05, 4726112, 31, 283977, 0
8035, 3040, 46, 72, 0, 0, 36.47%, 18, 4, 3, 664.56, 4729618, 31, 284095, 0
8040, 3042, 49, 72, 0, 0, 36.47%, 18, 4, 3, 567.56, 4732395, 31, 284345, 0
8045, 3044, 63, 72, 0, 0, 36.47%, 18, 4, 3, 581.54, 4735487, 31, 284513, 0
8050, 3046, 5, 72, 0, 0, 36.47%, 18, 4, 3, 584.96, 4738067, 31, 284816, 0
8055, 3047, 51, 72, 0, 0, 36.47%, 18, 4, 3, 613.79, 4741384, 31, 284967, 0
8060, 3050, 0, 72, 0, 0, 36.47%, 18, 4, 3, 638.23, 4744543, 31, 285192, 0
8065, 3052, 7, 72, 0, 0, 36.47%, 18, 4, 3, 632.08, 4747642, 31, 285386, 0
8070, 3054, 31, 72, 0, 0, 36.47%, 18, 4, 3, 645.73, 4750740, 31, 285480, 0
8075, 3055, 62, 72, 0, 0, 36.47%, 18, 4, 3, 523.44, 4752879, 31, 285692, 0
8080, 3057, 5, 72, 0, 0, 36.47%, 18, 4, 3, 559.40, 4755531, 31, 285896, 0
8085, 3059, 2, 72, 0, 0, 36.47%, 18, 4, 3, 448.13, 4757900, 31, 286005, 0
8091, 3059, 69, 72, 0, 0, 36.47%, 18, 4, 3, 378.17, 4760123, 31, 286201, 0
8096, 3062, 0, 72, 0, 0, 36.47%, 18, 4, 3, 598.18, 4763360, 31, 286332, 0
8101, 3063, 17, 72, 0, 0, 36.47%, 18, 4, 3, 525.52, 4765976, 31, 286652, 0
8106, 3065, 7, 72, 0, 0, 36.47%, 18, 4, 3, 574.69, 4768997, 31, 286878, 0
8111, 3066, 66, 72, 0, 0, 36.47%, 18, 4, 3, 462.63, 4771105, 31, 287119, 0
8116, 3068, 2, 72, 0, 0, 36.47%, 18, 4, 3, 407.05, 4773159, 31, 287412, 0
8121, 3069, 46, 72, 0, 0, 36.47%, 18, 4, 3, 586.63, 4776391, 31, 287602, 0
8126, 3070, 56, 72, 0, 0, 36.47%, 18, 4, 3, 560.82, 4778912, 31, 287749, 0
8131, 3072, 18, 72, 0, 0, 36.47%, 18, 4, 3, 627.32, 4782113, 31, 287826, 0
8136, 3074, 2, 72, 0, 0, 36.47%, 18, 4, 3, 545.50, 4784459, 31, 288072, 0
8141, 3075, 64, 72, 0, 0, 36.47%, 18, 4, 3, 516.57, 4787063, 31, 288369, 0
8146, 3076, 66, 72, 0, 0, 36.47%, 18, 4, 3, 432.68, 4789146, 31, 288781, 0
8151, 3077, 51, 72, 0, 0, 36.47%, 18, 4, 3, 477.79, 4791301, 31, 289034, 0
8156, 3078, 69, 72, 0, 0, 36.47%, 18, 4, 3, 391.40, 4793321, 31, 289394, 0
8162, 3081, 32, 72, 0, 0, 36.47%, 18, 4, 3, 597.48, 4796592, 31, 289545, 0
8167, 3083, 2, 72, 0, 0, 36.47%, 18, 4, 3, 534.12, 4799285, 31, 289848, 0
8172, 3084, 56, 72, 0, 0, 36.47%, 18, 4, 3, 602.36, 4802527, 31, 289962, 0
8177, 3086, 31, 72, 0, 0, 36.47%, 18, 4, 3, 544.67, 4805143, 31, 290192, 0
8182, 3087, 63, 72, 0, 0, 36.47%, 18, 4, 3, 490.58, 4807685, 31, 290521, 0
8187, 3090, 7, 72, 0, 0, 36.47%, 18, 4, 3, 646.39, 4811216, 31, 290641, 0
8192, 3091, 31, 72, 0, 0, 36.47%, 18, 4, 3, 500.90, 4813531, 31, 290765, 0
8197, 3092, 31, 72, 0, 0, 36.47%, 18, 4, 3, 467.40, 4815522, 31, 291046, 0
8202, 3093, 61, 72, 0, 0, 36.47%, 18, 4, 3, 408.50, 4817577, 31, 291175, 0
8208, 3094, 47, 72, 0, 0, 36.47%, 18, 4, 3, 433.79, 4819358, 31, 291374, 0
8213, 3095, 51, 72, 0, 0, 36.47%, 18, 4, 3, 455.92, 4821361, 31, 291708, 0
8218, 3095, 67, 72, 0, 0, 36.47%, 18, 4, 3, 265.96, 4822582, 31, 292287, 0
8223, 3097, 0, 72, 0, 0, 36.47%, 18, 4, 3, 430.89, 4824774, 31, 292544, 0
8228, 3098, 53, 72, 0, 0, 36.47%, 18, 4, 3, 585.51, 4827959, 31, 292628, 0
8233, 3099, 54, 72, 0, 0, 36.47%, 18, 4, 3, 503.81, 4830115, 31, 292803, 0
8238, 3101, 31, 72, 0, 0, 36.47%, 18, 4, 3, 576.46, 4832830, 31, 293047, 0
8243, 3103, 68, 72, 0, 0, 36.47%, 18, 4, 3, 573.42, 4835916, 31, 293203, 0
8248, 3105, 31, 72, 0, 0, 36.47%, 18, 4, 3, 616.79, 4838751, 31, 293406, 0
8254, 3107, 46, 72, 0, 0, 36.47%, 18, 4, 3, 590.80, 4841775, 31, 293693, 0
8259, 3109, 32, 72, 0, 0, 36.47%, 18, 4, 3, 565.30, 4844543, 31, 293952, 0
8264, 3110, 69, 72, 0, 0, 36.47%, 18, 4, 3, 562.56, 4847361, 31, 294192, 0
8269, 3112, 5, 72, 0, 0, 36.47%, 18, 4, 3, 459.65, 4849575, 31, 294561, 0
8274, 3112, 66, 72, 0, 0, 36.47%, 18, 4, 3, 337.53, 4851466, 31, 294840, 0
8279, 3113, 56, 72, 0, 0, 36.47%, 18, 4, 3, 419.96, 4853312, 31, 295037, 0
8284, 3114, 51, 72, 0, 0, 36.47%, 18, 4, 3, 479.79, 4855636, 31, 295289, 0
8289, 3115, 31, 72, 0, 0, 36.47%, 18, 4, 3, 399.76, 4857217, 31, 295578, 0
8294, 3116, 69, 72, 0, 0, 36.47%, 18, 4, 3, 428.07, 4859782, 31, 295740, 0
8299, 3118, 71, 72, 0, 0, 36.47%, 18, 4, 3, 559.06, 4862914, 31, 295955, 0
8304, 3120, 57, 72, 0, 0, 36.47%, 18, 4, 3, 602.20, 4866144, 31, 296095, 0
8309, 3122, 55, 72, 0, 0, 36.47%, 18, 4, 3, 606.28, 4869074, 31, 296340, 0
8315, 3124, 7, 72, 0, 0, 36.47%, 18, 4, 3, 451.77, 4871326, 31, 296592, 0
8320, 3125, 8, 72, 0, 0, 36.47%, 18, 4, 3, 514.57, 4873981, 31, 296930, 0
8325, 3126, 68, 72, 0, 0, 36.47%, 18, 4, 3, 505.16, 4876523, 31, 297072, 0
8330, 3128, 46, 72, 0, 0, 36.47%, 18, 4, 3, 566.59, 4879121, 31, 297226, 0
8335, 3129, 51, 72, 0, 0, 36.47%, 18, 4, 3, 516.10, 4881577, 31, 297633, 0
8340, 3131, 0, 72, 0, 0, 36.47%, 18, 4, 3, 429.38, 4883642, 31, 297920, 0
8345, 3132, 45, 72, 0, 0, 36.47%, 18, 4, 3, 528.46, 4886293, 31, 298082, 0
8350, 3134, 32, 72, 0, 0, 36.47%, 18, 4, 3, 632.44, 4889726, 31, 298179, 0
8355, 3136, 5, 72, 0, 0, 36.47%, 18, 4, 3, 576.95, 4892215, 31, 298346, 0
8360, 3137, 64, 72, 0, 0, 36.47%, 18, 4, 3, 563.45, 4895210, 31, 298505, 0
8366, 3139, 8, 72, 0, 0, 36.47%, 18, 4, 3, 559.19, 4897889, 31, 298736, 0
8371, 3140, 58, 72, 0, 0, 36.47%, 18, 4, 3, 507.20, 4900593, 31, 299030, 0
8376, 3142, 62, 72, 0, 0, 36.47%, 18, 4, 3, 595.85, 4903810, 31, 299144, 0
8381, 3144, 2, 72, 0, 0, 36.47%, 18, 4, 3, 529.03, 4906237, 31, 299315, 0
8386, 3146, 5, 72, 0, 0, 36.47%, 18, 4, 3, 614.57, 4909655, 31, 299404, 0
8391, 3146, 70, 72, 0, 0, 36.47%, 18, 4, 3, 109.63, 4911700, 31, 299574, 0
8396, 3148, 60, 72, 0, 0, 36.47%, 18, 4, 3, 586.44, 4914388, 31, 299770, 0
8401, 3149, 58, 72, 0, 0, 36.47%, 18, 4, 3, 473.90, 4916642, 31, 300101, 0
8406, 3151, 6, 72, 0, 0, 36.47%, 18, 4, 3, 534.95, 4919459, 31, 300341, 0
8411, 3153, 18, 72, 0, 0, 36.47%, 18, 4, 3, 642.16, 4922900, 31, 300483, 0
8416, 3155, 2, 72, 0, 0, 36.47%, 18, 4, 3, 438.19, 4925067, 31, 300709, 0
8421, 3156, 50, 72, 0, 0, 36.47%, 18, 4, 3, 519.94, 4927766, 31, 300965, 0
8426, 3157, 53, 72, 0, 0, 36.47%, 18, 4, 3, 520.35, 4930211, 31, 301305, 0
8431, 3158, 55, 72, 0, 0, 36.47%, 18, 4, 3, 559.43, 4932944, 31, 301520, 0
8437, 3160, 5, 72, 0, 0, 36.47%, 18, 4, 3, 476.73, 4935217, 31, 301883, 0
8442, 3160, 66, 72, 0, 0, 36.47%, 18, 4, 3, 92.93, 4936944, 31, 302087, 0
8447, 3163, 32, 72, 0, 0, 36.47%, 18, 4, 3, 655.38, 4940320, 31, 302185, 0
8452, 3164, 68, 72, 0, 0, 36.47%, 18, 4, 3, 414.34, 4942599, 31, 302419, 0
8457, 3166, 60, 72, 0, 0, 36.47%, 18, 4, 3, 520.94, 4945390, 31, 302590, 0
8462, 3167, 68, 72, 0, 0, 36.47%, 18, 4, 3, 446.92, 4947736, 31, 302842, 0
8467, 3168, 62, 72, 0, 0, 36.47%, 18, 4, 3, 396.34, 4949568, 31, 303014, 0
8472, 3170, 46, 72, 0, 0, 36.47%, 18, 4, 3, 563.97, 4952580, 31, 303233, 0
8477, 3172, 7, 72, 0, 0, 36.47%, 18, 4, 3, 644.27, 4955892, 31, 303352, 0
8482, 3173, 2, 72, 0, 0, 36.47%, 18, 4, 3, 459.89, 4958106, 31, 303643, 0
8487, 3174, 52, 72, 0, 0, 36.47%, 18, 4, 3, 608.51, 4961433, 31, 303742, 0
8492, 3175, 64, 72, 0, 0, 36.47%, 18, 4, 3, 471.57, 4963943, 31, 303944, 0
8498, 3176, 50, 72, 0, 0, 36.47%, 18, 4, 3, 443.38, 4965879, 31, 304206, 0
8503, 3178, 5, 72, 0, 0, 36.47%, 18, 4, 3, 553.66, 4968456, 31, 304453, 0
8508, 3179, 61, 72, 0, 0, 36.47%, 18, 4, 3, 426.73, 4971231, 31, 304654, 0
8513, 3180, 54, 72, 0, 0, 36.47%, 18, 4, 3, 488.50, 4973171, 31, 304865, 0
8518, 3182, 51, 72, 0, 0, 36.47%, 18, 4, 3, 612.12, 4976668, 31, 305031, 0
8523, 3184, 31, 72, 0, 0, 36.47%, 18, 4, 3, 580.90, 4979558, 31, 305326, 0
8528, 3185, 51, 72, 0, 0, 36.47%, 18, 4, 3, 563.05, 4982464, 31, 305572, 0
8533, 3186, 56, 72, 0, 0, 36.47%, 18, 4, 3, 504.33, 4984787, 31, 305704, 0
8538, 3188, 0, 72, 0, 0, 36.47%, 18, 4, 3, 495.19, 4987044, 31, 306019, 0
8543, 3189, 57, 72, 0, 0, 36.47%, 18, 4, 3, 561.88, 4990161, 31, 306213, 0
8548, 3192, 6, 72, 0, 0, 36.47%, 18, 4, 3, 631.33, 4993492, 31, 306343, 0
8554, 3194, 4, 72, 0, 0, 36.47%, 18, 4, 3, 632.46, 4996716, 31, 306588, 0
8559, 3194, 61, 72, 0, 0, 36.47%, 18, 4, 3, 439.25, 4999046, 31, 306975, 0
8564, 3195, 68, 72, 0, 0, 36.47%, 18, 4, 3, 362.55, 5001004, 31, 307190, 0
8569, 3195, 70, 72, 0, 0, 36.47%, 18, 4, 3, 183.15, 5001760, 31, 307472, 0
8574, 3197, 53, 72, 0, 0, 36.47%, 18, 4, 3, 566.69, 5005124, 31, 307606, 0
8579, 3199, 31, 72, 0, 0, 36.47%, 18, 4, 3, 584.93, 5008131, 31, 307803, 0
8584, 3200, 32, 72, 0, 0, 36.47%, 18, 4, 3, 495.63, 5010247, 31, 308110, 0
8589, 3202, 5, 72, 0, 0, 36.47%, 18, 4, 3, 452.08, 5012472, 31, 308410, 0
8595, 3203, 43, 72, 0, 0, 36.47%, 18, 4, 3, 545.75, 5015382, 31, 308591, 0
8600, 3204, 6, 72, 0, 0, 36.47%, 18, 4, 3, 378.70, 5016954, 31, 308921, 0
8605, 3206, 10, 72, 0, 0, 36.47%, 18, 4, 3, 589.69, 5020255, 31, 309063, 0
8610, 3207, 50, 72, 0, 0, 36.47%, 18, 4, 3, 594.75, 5023471, 31, 309253, 0
8615, 3208, 62, 72, 0, 0, 36.47%, 18, 4, 3, 496.53, 5025852, 31, 309485, 0
8620, 3209, 62, 72, 0, 0, 36.47%, 18, 4, 3, 440.91, 5027895, 31, 309879, 0
8625, 3212, 0, 72, 0, 0, 36.47%, 18, 4, 3, 609.78, 5031237, 31, 310012, 0
8630, 3213, 62, 72, 0, 0, 36.47%, 18, 4, 3, 545.06, 5034047, 31, 310322, 0
8635, 3214, 71, 72, 0, 0, 36.47%, 18, 4, 3, 453.78, 5036325, 31, 310689, 0
8641, 3216, 66, 72, 0, 0, 36.47%, 18, 4, 3, 545.05, 5039447, 31, 310839, 0
8646, 3217, 62, 72, 0, 0, 36.47%, 18, 4, 3, 471.53, 5041528, 31, 311038, 0
8651, 3219, 17, 72, 0, 0, 36.47%, 18, 4, 3, 542.68, 5044169, 31, 311342, 0
8656, 3220, 5, 72, 0, 0, 36.47%, 18, 4, 3, 386.00, 5046098, 31, 311614, 0
8661, 3222, 3, 72, 0, 0, 36.47%, 18, 4, 3, 607.15, 5049101, 31, 311721, 0
8666, 3222, 70, 72, 0, 0, 36.47%, 18, 4, 3, 384.25, 5051105, 31, 312065, 0
8671, 3224, 18, 72, 0, 0, 36.47%, 18, 4, 3, 506.00, 5053700, 31, 312303, 0
8676, 3225, 55, 72, 0, 0, 36.47%, 18, 4, 3, 524.79, 5056179, 31, 312507, 0
8681, 3227, 54, 72, 0, 0, 36.47%, 18, 4, 3, 607.68, 5059483, 31, 312645, 0
8687, 3230, 8, 72, 0, 0, 36.47%, 18, 4, 3, 639.47, 5062834, 31, 312745, 0
8692, 3231, 46, 72, 0, 0, 36.47%, 18, 4, 3, 505.12, 5064951, 31, 312914, 0
8697, 3233, 0, 72, 0, 0, 36.47%, 18, 4, 3, 411.51, 5067316, 31, 313147, 0
8702, 3233, 68, 72, 0, 0, 36.47%, 18, 4, 3, 123.13, 5069031, 31, 313365, 0
8707, 3235, 7, 72, 0, 0, 36.47%, 18, 4, 3, 394.23, 5071297, 31, 313604, 0
8712, 3236, 51, 72, 0, 0, 36.47%, 18, 4, 3, 514.40, 5074086, 31, 313888, 0
8717, 3238, 5, 72, 0, 0, 36.47%, 18, 4, 3, 452.35, 5076462, 31, 314114, 0
8722, 3239, 51, 72, 0, 0, 36.47%, 18, 4, 3, 490.35, 5078962, 31, 314363, 0
8727, 3240, 52, 72, 0, 0, 36.47%, 18, 4, 3, 497.09, 5081106, 31, 314701, 0
8733, 3241, 51, 72, 0, 0, 36.47%, 18, 4, 3, 480.52, 5083216, 31, 315152, 0
8738, 3243, 31, 72, 0, 0, 36.47%, 18, 4, 3, 609.55, 5086149, 31, 315330, 0
8743, 3245, 5, 72, 0, 0, 36.47%, 18, 4, 3, 543.47, 5088658, 31, 315658, 0
8748, 3246, 61, 72, 0, 0, 36.47%, 18, 4, 3, 533.89, 5091488, 31, 315879, 0
8753, 3247, 70, 72, 0, 0, 36.47%, 18, 4, 3, 356.02, 5093108, 31, 316209, 0
8758, 3249, 31, 72, 0, 0, 36.47%, 18, 4, 3, 444.91, 5096026, 31, 316424, 0
8763, 3250, 7, 72, 0, 0, 36.47%, 18, 4, 3, 400.56, 5097906, 31, 316817, 0
8768, 3251, 46, 72, 0, 0, 36.47%, 18, 4, 3, 475.05, 5100177, 31, 316989, 0
8773, 3253, 26, 72, 0, 0, 36.47%, 18, 4, 3, 464.29, 5102602, 31, 317156, 0
8778, 3254, 5, 72, 0, 0, 36.47%, 18, 4, 3, 383.06, 5104519, 31, 317568, 0
8783, 3255, 23, 72, 0, 0, 36.47%, 18, 4, 3, 432.62, 5106670, 31, 317815, 0
8788, 3257, 62, 72, 0, 0, 36.47%, 18, 4, 3, 584.46, 5109894, 31, 317938, 0
8793, 3259, 33, 72, 0, 0, 36.47%, 18, 4, 3, 573.62, 5112490, 31, 318094, 0
8798, 3260, 5, 72, 0, 0, 36.47%, 18, 4, 3, 611.22, 5113614, 31, 318306, 0
8803, 3262, 8, 72, 0, 0, 36.47%, 18, 4, 3, 671.00, 5117030, 31, 318410, 0
8808, 3264, 32, 72, 0, 0, 36.47%, 18, 4, 3, 678.33, 5120457, 31, 318518, 0
8814, 3265, 62, 72, 0, 0, 36.47%, 18, 4, 3, 456.75, 5122641, 31, 318895, 0
8819, 3267, 18, 72, 0, 0, 36.47%, 18, 4, 3, 534.49, 5125512, 31, 319093, 0
8824, 3269, 33, 72, 0, 0, 36.47%, 18, 4, 3, 616.73, 5128872, 31, 319178, 0
8829, 3270, 60, 72, 0, 0, 36.47%, 18, 4, 3, 469.47, 5131199, 31, 319517, 0
8834, 3272, 7, 72, 0, 0, 36.47%, 18, 4, 3, 570.60, 5133840, 31, 319800, 0
8839, 3272, 66, 72, 0, 0, 36.47%, 18, 4, 3, 312.48, 5135311, 31, 320088, 0
8844, 3274, 36, 72, 0, 0, 36.47%, 18, 4, 3, 481.92, 5137855, 31, 320195, 0
8850, 3275, 6, 72, 0, 0, 36.47%, 18, 4, 3, 339.32, 5139173, 31, 320590, 0
8852, 3276, 32, 72, 0, 0, 36.47%, 18, 4, 3, 479.17, 5140905, 31, 320640, 0
