# relative_time, cycles_done, cur_item, corpus_count, pending_total, pending_favs, map_size, saved_crashes, saved_hangs, max_depth, execs_per_sec, total_execs, edges_found, total_crashes, servers_count
61, 16, 6, 25, 0, 0, 30.59%, 12, 0, 2, 742.43, 45047, 26, 285, 0
66, 18, 7, 25, 0, 0, 30.59%, 12, 0, 2, 759.75, 48871, 26, 317, 0
71, 19, 24, 25, 0, 0, 30.59%, 12, 0, 2, 758.66, 52651, 26, 355, 0
76, 20, 7, 26, 1, 0, 30.59%, 12, 0, 2, 773.44, 56549, 26, 377, 0
81, 21, 0, 26, 0, 0, 30.59%, 12, 0, 2, 763.70, 60426, 26, 400, 0
86, 23, 7, 26, 0, 0, 30.59%, 12, 0, 2, 696.45, 63767, 26, 419, 0
91, 24, 8, 26, 0, 0, 30.59%, 12, 0, 2, 698.10, 67351, 26, 442, 0
96, 25, 6, 26, 0, 0, 30.59%, 12, 0, 2, 699.62, 70776, 26, 474, 0
101, 26, 7, 26, 0, 0, 30.59%, 12, 0, 2, 725.10, 74500, 26, 496, 0
106, 28, 0, 26, 0, 0, 30.59%, 12, 0, 2, 701.23, 78155, 26, 513, 0
111, 29, 6, 26, 0, 0, 30.59%, 12, 0, 2, 726.84, 81845, 26, 530, 0
116, 30, 7, 26, 0, 0, 30.59%, 12, 0, 2, 727.88, 85545, 26, 554, 0
121, 32, 7, 26, 0, 0, 30.59%, 12, 0, 2, 722.13, 89195, 26, 579, 0
127, 33, 5, 26, 0, 0, 30.59%, 12, 0, 2, 739.26, 92992, 26, 596, 0
132, 34, 24, 26, 0, 0, 30.59%, 12, 0, 2, 728.50, 96627, 26, 624, 0
137, 36, 24, 26, 0, 0, 30.59%, 12, 0, 2, 751.69, 100587, 26, 648, 0
142, 37, 5, 26, 0, 0, 30.59%, 12, 0, 2, 760.14, 104393, 26, 669, 0
147, 38, 7, 27, 1, 0, 30.59%, 12, 0, 2, 753.69, 108166, 26, 694, 0
152, 40, 0, 27, 1, 0, 30.59%, 12, 0, 2, 764.67, 112001, 26, 706, 0
157, 41, 6, 27, 0, 0, 30.59%, 12, 0, 2, 760.40, 115802, 26, 730, 0
162, 42, 7, 27, 0, 0, 30.59%, 12, 0, 2, 755.07, 119762, 26, 758, 0
167, 44, 0, 27, 0, 0, 30.59%, 12, 0, 2, 739.55, 123495, 26, 782, 0
172, 45, 5, 27, 0, 0, 30.59%, 12, 0, 2, 709.60, 126987, 26, 802, 0
177, 46, 7, 27, 0, 0, 30.59%, 12, 0, 2, 717.04, 130509, 26, 817, 0
182, 47, 6, 27, 0, 0, 30.59%, 12, 0, 2, 741.15, 134281, 26, 841, 0
188, 49, 6, 27, 0, 0, 30.59%, 12, 0, 2, 713.18, 137982, 26, 870, 0
193, 50, 5, 27, 0, 0, 30.59%, 12, 0, 2, 674.76, 141370, 26, 888, 0
198, 51, 24, 27, 0, 0, 30.59%, 12, 0, 2, 673.85, 144756, 26, 926, 0
203, 52, 0, 27, 0, 0, 30.59%, 12, 0, 2, 685.07, 148271, 26, 961, 0
208, 53, 5, 28, 1, 0, 30.59%, 12, 0, 3, 723.42, 151974, 26, 987, 0
213, 55, 7, 28, 0, 0, 30.59%, 12, 0, 3, 727.21, 155644, 26, 1014, 0
218, 56, 21, 28, 0, 0, 30.59%, 12, 0, 3, 699.55, 159298, 26, 1042, 0
223, 57, 5, 28, 0, 0, 30.59%, 12, 0, 3, 725.50, 163122, 26, 1082, 0
228, 58, 24, 28, 0, 0, 30.59%, 12, 0, 3, 727.82, 166889, 26, 1097, 0
233, 60, 8, 28, 0, 0, 30.59%, 12, 0, 3, 731.49, 170493, 26, 1118, 0
238, 61, 5, 28, 0, 0, 30.59%, 12, 0, 3, 726.19, 174190, 26, 1150, 0
243, 62, 5, 28, 0, 0, 30.59%, 12, 0, 3, 740.29, 177871, 26, 1175, 0
248, 63, 6, 28, 0, 0, 30.59%, 12, 0, 3, 740.20, 181743, 26, 1192, 0
253, 65, 8, 28, 0, 0, 30.59%, 12, 0, 3, 750.92, 185566, 26, 1203, 0
258, 66, 24, 28, 0, 0, 30.59%, 12, 0, 3, 746.04, 189296, 26, 1231, 0
264, 67, 24, 28, 0, 0, 30.59%, 12, 0, 3, 746.42, 193165, 26, 1246, 0
269, 69, 8, 28, 0, 0, 30.59%, 12, 0, 3, 756.16, 196961, 26, 1278, 0
274, 70, 28, 29, 1, 0, 30.59%, 12, 0, 3, 748.66, 200728, 26, 1307, 0
279, 71, 5, 30, 0, 0, 30.59%, 12, 0, 3, 739.87, 204510, 26, 1341, 0
284, 72, 7, 30, 0, 0, 30.59%, 12, 0, 3, 738.59, 208238, 26, 1363, 0
289, 73, 7, 30, 0, 0, 30.59%, 12, 0, 3, 730.26, 211855, 26, 1380, 0
294, 75, 5, 30, 0, 0, 30.59%, 12, 0, 3, 703.99, 215438, 26, 1408, 0
299, 76, 6, 30, 0, 0, 30.59%, 12, 0, 3, 722.75, 219085, 26, 1441, 0
304, 77, 24, 30, 0, 0, 30.59%, 12, 0, 3, 670.32, 222484, 26, 1462, 0
309, 78, 0, 30, 0, 0, 30.59%, 12, 0, 3, 708.70, 226138, 26, 1496, 0
314, 79, 6, 30, 0, 0, 30.59%, 12, 0, 3, 678.66, 229735, 26, 1540, 0
319, 80, 5, 30, 0, 0, 30.59%, 12, 0, 3, 645.83, 233012, 26, 1562, 0
325, 81, 0, 30, 0, 0, 30.59%, 12, 0, 3, 626.00, 236181, 26, 1575, 0
330, 82, 0, 30, 0, 0, 30.59%, 12, 0, 3, 674.24, 239548, 26, 1589, 0
335, 84, 5, 30, 0, 0, 30.59%, 12, 0, 3, 719.15, 243305, 26, 1615, 0
340, 85, 7, 30, 0, 0, 30.59%, 12, 0, 3, 720.36, 246941, 26, 1632, 0
345, 86, 24, 30, 0, 0, 30.59%, 12, 0, 3, 727.15, 250610, 26, 1656, 0
350, 87, 0, 30, 0, 0, 30.59%, 12, 0, 3, 652.41, 253819, 26, 1678, 0
355, 88, 8, 30, 0, 0, 30.59%, 12, 0, 3, 732.71, 257577, 26, 1695, 0
360, 89, 0, 30, 0, 0, 30.59%, 12, 0, 3, 694.87, 261023, 26, 1725, 0
365, 91, 6, 30, 0, 0, 30.59%, 12, 0, 3, 707.99, 264616, 26, 1760, 0
370, 92, 5, 30, 0, 0, 30.59%, 12, 0, 3, 719.95, 268205, 26, 1779, 0
375, 93, 0, 30, 0, 0, 30.59%, 12, 0, 3, 705.94, 271855, 26, 1824, 0
380, 94, 0, 30, 0, 0, 30.59%, 12, 0, 3, 657.31, 274970, 26, 1845, 0
386, 95, 0, 30, 0, 0, 30.59%, 12, 0, 3, 721.38, 278755, 26, 1869, 0
391, 96, 0, 30, 0, 0, 30.59%, 12, 0, 3, 700.14, 282277, 26, 1889, 0
396, 97, 24, 30, 0, 0, 30.59%, 12, 0, 3, 688.60, 285698, 26, 1905, 0
401, 99, 6, 30, 0, 0, 30.59%, 12, 0, 3, 731.91, 289488, 26, 1933, 0
406, 100, 6, 30, 0, 0, 30.59%, 12, 1, 3, 782.17, 292497, 26, 1956, 0
411, 101, 8, 31, 1, 0, 30.59%, 12, 1, 3, 764.08, 296335, 26, 1998, 0
416, 102, 7, 31, 0, 0, 30.59%, 12, 1, 3, 762.89, 300253, 26, 2025, 0
421, 103, 0, 31, 0, 0, 30.59%, 12, 1, 3, 767.16, 304233, 26, 2055, 0
426, 104, 6, 31, 0, 0, 30.59%, 12, 1, 3, 692.47, 307607, 26, 2082, 0
432, 105, 28, 31, 0, 0, 30.59%, 12, 1, 3, 719.65, 311357, 26, 2106, 0
437, 107, 0, 31, 0, 0, 30.59%, 12, 1, 3, 731.43, 315246, 26, 2132, 0
442, 108, 6, 31, 0, 0, 30.59%, 12, 1, 3, 754.34, 319188, 26, 2157, 0
447, 109, 28, 31, 0, 0, 30.59%, 12, 1, 3, 746.36, 322948, 26, 2183, 0
452, 110, 24, 31, 0, 0, 30.59%, 12, 1, 3, 714.87, 326585, 26, 2215, 0
457, 111, 5, 31, 0, 0, 30.59%, 12, 1, 3, 686.05, 330007, 26, 2242, 0
462, 112, 6, 31, 0, 0, 30.59%, 12, 1, 3, 690.92, 333370, 26, 2261, 0
467, 114, 5, 31, 0, 0, 30.59%, 12, 1, 3, 746.89, 337208, 26, 2285, 0
472, 115, 7, 31, 0, 0, 30.59%, 12, 1, 3, 707.60, 340835, 26, 2304, 0
477, 116, 8, 32, 1, 0, 30.59%, 12, 1, 3, 735.35, 344651, 26, 2325, 0
483, 117, 7, 32, 0, 0, 30.59%, 12, 1, 3, 708.18, 348350, 26, 2362, 0
488, 118, 24, 32, 0, 0, 30.59%, 12, 1, 3, 764.94, 352248, 26, 2385, 0
493, 119, 7, 32, 0, 0, 30.59%, 12, 1, 3, 708.86, 355856, 26, 2411, 0
498, 120, 7, 32, 0, 0, 30.59%, 12, 1, 3, 678.62, 359272, 26, 2445, 0
503, 121, 15, 32, 0, 0, 30.59%, 12, 1, 3, 757.79, 363303, 26, 2469, 0
508, 122, 7, 32, 0, 0, 30.59%, 12, 1, 3, 756.96, 367233, 26, 2490, 0
513, 124, 8, 32, 0, 0, 30.59%, 12, 1, 3, 757.04, 371053, 26, 2523, 0
518, 124, 5, 32, 0, 0, 30.59%, 12, 1, 3, 732.40, 374889, 26, 2564, 0
523, 125, 7, 32, 0, 0, 30.59%, 12, 1, 3, 686.05, 378421, 26, 2588, 0
528, 127, 5, 32, 0, 0, 30.59%, 12, 1, 3, 729.57, 382061, 26, 2609, 0
533, 127, 24, 32, 0, 0, 30.59%, 12, 1, 3, 734.95, 385750, 26, 2657, 0
538, 128, 0, 32, 0, 0, 30.59%, 12, 1, 3, 718.72, 389428, 26, 2686, 0
543, 129, 5, 32, 0, 0, 30.59%, 12, 1, 3, 685.91, 392873, 26, 2713, 0
548, 130, 5, 32, 0, 0, 30.59%, 12, 1, 3, 739.24, 396628, 26, 2741, 0
554, 132, 5, 32, 0, 0, 30.59%, 12, 1, 3, 762.57, 400523, 26, 2769, 0
559, 133, 24, 32, 0, 0, 30.59%, 12, 1, 3, 749.99, 404303, 26, 2802, 0
564, 134, 27, 32, 0, 0, 30.59%, 12, 1, 3, 725.62, 407962, 26, 2828, 0
569, 135, 24, 32, 0, 0, 30.59%, 12, 1, 3, 762.11, 411848, 26, 2855, 0
574, 136, 24, 32, 0, 0, 30.59%, 12, 1, 3, 764.04, 415718, 26, 2899, 0
579, 137, 0, 32, 0, 0, 30.59%, 12, 1, 3, 780.90, 419648, 26, 2931, 0
584, 138, 8, 32, 0, 0, 30.59%, 12, 1, 3, 754.94, 423528, 26, 2966, 0
589, 139, 35, 36, 3, 0, 31.76%, 12, 1, 3, 756.06, 427468, 27, 2990, 0
594, 139, 34, 38, 4, 0, 31.76%, 12, 1, 3, 611.80, 430481, 27, 3008, 0
599, 139, 38, 39, 3, 0, 31.76%, 12, 1, 3, 595.12, 433507, 27, 3008, 0
604, 139, 32, 41, 4, 0, 31.76%, 13, 1, 4, 638.05, 436732, 27, 3016, 0
609, 139, 40, 41, 3, 0, 31.76%, 13, 1, 4, 629.74, 439923, 27, 3024, 0
614, 139, 32, 41, 1, 0, 31.76%, 13, 1, 4, 653.32, 443189, 27, 3045, 0
620, 140, 42, 43, 3, 0, 31.76%, 13, 1, 4, 693.49, 446902, 27, 3114, 0
625, 140, 24, 43, 0, 0, 31.76%, 13, 1, 4, 717.41, 450683, 27, 3146, 0
630, 140, 32, 43, 0, 0, 31.76%, 13, 1, 4, 729.68, 454504, 27, 3209, 0
635, 141, 35, 44, 1, 0, 31.76%, 13, 1, 4, 738.17, 458247, 27, 3237, 0
640, 141, 32, 44, 0, 0, 31.76%, 13, 2, 4, 691.09, 461119, 27, 3281, 0
645, 141, 32, 44, 0, 0, 31.76%, 13, 2, 4, 455.82, 464839, 27, 3338, 0
651, 142, 24, 46, 0, 0, 31.76%, 13, 2, 4, 627.37, 468205, 27, 3368, 0
656, 142, 7, 46, 0, 0, 31.76%, 13, 2, 4, 656.86, 471556, 27, 3405, 0
661, 142, 6, 46, 0, 0, 31.76%, 13, 2, 4, 666.40, 475095, 27, 3455, 0
666, 143, 30, 46, 0, 0, 31.76%, 13, 2, 4, 676.73, 478429, 27, 3523, 0
671, 143, 32, 46, 0, 0, 31.76%, 13, 2, 4, 686.30, 481838, 27, 3547, 0
676, 143, 32, 46, 0, 0, 31.76%, 13, 2, 4, 686.70, 485363, 27, 3615, 0
681, 144, 32, 46, 0, 0, 31.76%, 13, 2, 4, 716.47, 488954, 27, 3692, 0
686, 144, 32, 46, 0, 0, 31.76%, 13, 2, 4, 713.23, 492542, 27, 3767, 0
691, 145, 32, 46, 0, 0, 31.76%, 13, 2, 4, 712.54, 496050, 27, 3798, 0
696, 145, 35, 46, 0, 0, 31.76%, 13, 2, 4, 644.81, 499872, 27, 3834, 0
701, 145, 32, 46, 0, 0, 31.76%, 13, 2, 4, 663.54, 503285, 27, 3884, 0
706, 146, 39, 46, 0, 0, 31.76%, 13, 2, 4, 687.50, 506945, 27, 3931, 0
711, 146, 32, 46, 0, 0, 31.76%, 13, 2, 4, 691.67, 510428, 27, 3977, 0
717, 147, 32, 46, 0, 0, 31.76%, 13, 2, 4, 718.97, 514249, 27, 4037, 0
722, 147, 0, 46, 0, 0, 31.76%, 13, 2, 4, 667.74, 517706, 27, 4078, 0
727, 148, 47, 48, 1, 0, 36.47%, 13, 2, 4, 604.49, 520729, 31, 4202, 0
732, 148, 32, 48, 0, 0, 36.47%, 13, 2, 4, 601.37, 523572, 31, 4500, 0
737, 148, 46, 48, 0, 0, 36.47%, 13, 2, 4, 591.78, 526622, 31, 4774, 0
742, 148, 8, 48, 0, 0, 36.47%, 13, 2, 4, 600.05, 529700, 31, 4959, 0
747, 148, 46, 48, 0, 0, 36.47%, 13, 2, 4, 620.27, 532893, 31, 5112, 0
752, 149, 46, 48, 0, 0, 36.47%, 13, 2, 4, 588.79, 535682, 31, 5504, 0
757, 149, 32, 48, 0, 0, 36.47%, 13, 2, 4, 680.03, 539240, 31, 5623, 0
762, 149, 46, 48, 0, 0, 36.47%, 13, 2, 4, 631.80, 542287, 31, 5843, 0
767, 149, 46, 48, 0, 0, 36.47%, 13, 2, 4, 588.48, 545058, 31, 6087, 0
772, 149, 46, 48, 0, 0, 36.47%, 14, 2, 4, 566.86, 547804, 31, 6418, 0
777, 150, 32, 48, 0, 0, 36.47%, 14, 2, 4, 664.06, 551231, 31, 6502, 0
782, 150, 34, 48, 0, 0, 36.47%, 14, 2, 4, 633.58, 554458, 31, 6707, 0
787, 150, 46, 48, 0, 0, 36.47%, 14, 2, 4, 573.69, 557307, 31, 7037, 0
792, 150, 46, 48, 0, 0, 36.47%, 14, 2, 4, 613.16, 560209, 31, 7383, 0
797, 150, 46, 48, 0, 0, 36.47%, 14, 2, 4, 559.05, 563497, 31, 7583, 0
803, 151, 36, 48, 0, 0, 36.47%, 14, 2, 4, 608.31, 566688, 31, 7793, 0
808, 151, 40, 48, 0, 0, 36.47%, 14, 2, 4, 651.00, 570128, 31, 7884, 0
813, 151, 46, 48, 0, 0, 36.47%, 14, 2, 4, 663.50, 573455, 31, 8046, 0
818, 151, 46, 48, 0, 0, 36.47%, 14, 2, 4, 606.77, 576481, 31, 8354, 0
823, 152, 0, 48, 0, 0, 36.47%, 14, 2, 4, 557.67, 579389, 31, 8532, 0
828, 152, 32, 48, 0, 0, 36.47%, 14, 2, 4, 593.87, 582390, 31, 8610, 0
833, 152, 8, 48, 0, 0, 36.47%, 14, 2, 4, 544.88, 584898, 31, 8975, 0
838, 152, 32, 48, 0, 0, 36.47%, 14, 2, 4, 590.44, 587992, 31, 9016, 0
843, 153, 48, 49, 1, 0, 36.47%, 14, 2, 4, 527.14, 590451, 31, 9255, 0
848, 153, 0, 49, 0, 0, 36.47%, 14, 2, 4, 553.66, 593297, 31, 9541, 0
853, 153, 6, 49, 0, 0, 36.47%, 14, 2, 4, 619.12, 596416, 31, 9727, 0
858, 153, 46, 49, 0, 0, 36.47%, 14, 2, 4, 610.18, 599652, 31, 9964, 0
863, 153, 32, 49, 0, 0, 36.47%, 14, 2, 4, 621.40, 602799, 31, 10162, 0
869, 154, 46, 49, 0, 0, 36.47%, 14, 2, 4, 607.66, 605921, 31, 10292, 0
874, 154, 5, 49, 0, 0, 36.47%, 14, 2, 4, 649.58, 609088, 31, 10497, 0
879, 154, 34, 49, 0, 0, 36.47%, 14, 2, 4, 618.30, 612064, 31, 10781, 0
884, 154, 32, 49, 0, 0, 36.47%, 14, 2, 4, 624.10, 615219, 31, 11013, 0
889, 155, 49, 50, 1, 0, 36.47%, 14, 2, 4, 623.91, 618433, 31, 11221, 0
894, 155, 38, 50, 0, 0, 36.47%, 14, 2, 4, 661.98, 621759, 31, 11376, 0
899, 155, 46, 50, 0, 0, 36.47%, 14, 2, 4, 572.79, 624728, 31, 11740, 0
904, 155, 46, 50, 0, 0, 36.47%, 14, 3, 4, 552.32, 626922, 31, 11995, 0
909, 155, 46, 50, 0, 0, 36.47%, 14, 3, 4, 535.06, 629526, 31, 12240, 0
914, 156, 49, 50, 0, 0, 36.47%, 14, 3, 4, 668.90, 633100, 31, 12391, 0
919, 156, 32, 50, 0, 0, 36.47%, 14, 3, 4, 626.49, 636027, 31, 12720, 0
924, 156, 7, 50, 0, 0, 36.47%, 14, 3, 4, 636.94, 639321, 31, 12986, 0
929, 156, 46, 50, 0, 0, 36.47%, 14, 3, 4, 559.17, 642027, 31, 13421, 0
934, 156, 46, 50, 0, 0, 36.47%, 14, 3, 4, 595.33, 645248, 31, 13671, 0
940, 157, 32, 50, 0, 0, 36.47%, 14, 3, 4, 689.51, 648916, 31, 13826, 0
945, 157, 46, 50, 0, 0, 36.47%, 14, 3, 4, 588.20, 651970, 31, 14110, 0
950, 157, 47, 50, 0, 0, 36.47%, 14, 3, 4, 552.83, 654783, 31, 14441, 0
955, 157, 46, 50, 0, 0, 36.47%, 14, 3, 4, 535.19, 657497, 31, 14865, 0
960, 157, 46, 50, 0, 0, 36.47%, 14, 3, 4, 545.07, 660430, 31, 15229, 0
965, 158, 46, 50, 0, 0, 36.47%, 14, 3, 4, 585.56, 663410, 31, 15578, 0
970, 158, 46, 50, 0, 0, 36.47%, 14, 3, 4, 688.11, 666918, 31, 15736, 0
975, 158, 34, 50, 0, 0, 36.47%, 14, 3, 4, 652.65, 670192, 31, 15977, 0
980, 158, 46, 50, 0, 0, 36.47%, 14, 3, 4, 596.25, 673063, 31, 16339, 0
985, 159, 32, 50, 0, 0, 36.47%, 14, 3, 4, 671.16, 676472, 31, 16573, 0
990, 159, 46, 50, 0, 0, 36.47%, 14, 3, 4, 677.87, 679963, 31, 16722, 0
995, 159, 46, 50, 0, 0, 36.47%, 14, 3, 4, 595.90, 682826, 31, 17114, 0
1000, 159, 32, 50, 0, 0, 36.47%, 14, 3, 4, 650.74, 686156, 31, 17321, 0
1005, 160, 32, 50, 0, 0, 36.47%, 14, 3, 4, 685.68, 689658, 31, 17415, 0
1011, 160, 46, 50, 0, 0, 36.47%, 14, 3, 4, 673.10, 693224, 31, 17568, 0
1016, 160, 40, 50, 0, 0, 36.47%, 14, 3, 4, 679.55, 696536, 31, 17789, 0
1021, 160, 46, 50, 0, 0, 36.47%, 14, 3, 4, 656.88, 699734, 31, 17921, 0
1026, 160, 46, 50, 0, 0, 36.47%, 14, 3, 4, 652.74, 702828, 31, 18158, 0
1031, 161, 8, 50, 0, 0, 36.47%, 14, 3, 4, 714.90, 706463, 31, 18299, 0
1036, 161, 46, 50, 0, 0, 36.47%, 14, 3, 4, 698.38, 709980, 31, 18397, 0
1041, 161, 46, 50, 0, 0, 36.47%, 14, 3, 4, 664.16, 713241, 31, 18653, 0
1046, 161, 46, 50, 0, 0, 36.47%, 14, 3, 4, 596.10, 715982, 31, 19071, 0
1051, 162, 34, 50, 0, 0, 36.47%, 14, 3, 4, 578.05, 718957, 31, 19405, 0
1056, 162, 32, 50, 0, 0, 36.47%, 14, 3, 4, 580.74, 721763, 31, 19736, 0
1061, 162, 46, 50, 0, 0, 36.47%, 14, 3, 4, 560.83, 724614, 31, 20143, 0
1066, 162, 36, 50, 0, 0, 36.47%, 14, 3, 4, 676.62, 728068, 31, 20318, 0
1071, 162, 34, 50, 0, 0, 36.47%, 14, 3, 4, 638.30, 731298, 31, 20562, 0
1076, 163, 32, 50, 0, 0, 36.47%, 14, 3, 4, 660.28, 734528, 31, 20661, 0
1081, 163, 48, 50, 0, 0, 36.47%, 14, 3, 4, 665.53, 738011, 31, 20758, 0
1086, 163, 41, 50, 0, 0, 36.47%, 14, 3, 4, 707.02, 741589, 31, 20892, 0
1092, 163, 46, 50, 0, 0, 36.47%, 14, 3, 4, 607.75, 744724, 31, 21221, 0
1097, 164, 50, 52, 2, 0, 36.47%, 14, 3, 4, 652.94, 747989, 31, 21398, 0
1102, 164, 46, 52, 1, 0, 36.47%, 14, 3, 4, 641.60, 751022, 31, 21595, 0
1107, 164, 46, 52, 1, 0, 36.47%, 14, 3, 4, 665.15, 754319, 31, 21826, 0
1112, 164, 51, 52, 1, 0, 36.47%, 14, 3, 4, 545.45, 757188, 31, 21972, 0
1117, 165, 32, 52, 0, 0, 36.47%, 14, 3, 4, 613.02, 760416, 31, 22176, 0
1122, 165, 32, 52, 0, 0, 36.47%, 14, 3, 4, 687.80, 764047, 31, 22272, 0
1127, 165, 5, 52, 0, 0, 36.47%, 14, 3, 4, 634.24, 767391, 31, 22452, 0
1132, 165, 46, 52, 0, 0, 36.47%, 14, 3, 4, 652.67, 770771, 31, 22699, 0
1137, 166, 5, 52, 0, 0, 36.47%, 14, 3, 4, 628.49, 774003, 31, 22863, 0
1142, 166, 46, 52, 0, 0, 36.47%, 14, 3, 4, 628.81, 777210, 31, 23105, 0
1147, 166, 0, 52, 0, 0, 36.47%, 14, 3, 4, 613.18, 780389, 31, 23375, 0
1152, 166, 46, 52, 0, 0, 36.47%, 14, 3, 4, 656.91, 783750, 31, 23473, 0
1157, 167, 32, 52, 0, 0, 36.47%, 14, 3, 4, 618.48, 786870, 31, 23680, 0
1163, 167, 0, 52, 0, 0, 36.47%, 14, 3, 4, 661.33, 790394, 31, 23836, 0
1168, 167, 34, 52, 0, 0, 36.47%, 14, 3, 4, 632.71, 793884, 31, 23992, 0
1173, 167, 46, 52, 0, 0, 36.47%, 14, 3, 4, 615.87, 796928, 31, 24300, 0
1178, 168, 24, 52, 0, 0, 36.47%, 14, 3, 4, 666.86, 800276, 31, 24547, 0
1183, 168, 32, 52, 0, 0, 36.47%, 14, 3, 4, 613.80, 803249, 31, 24913, 0
1188, 168, 46, 52, 0, 0, 36.47%, 14, 3, 4, 684.03, 806940, 31, 25052, 0
1193, 168, 49, 52, 0, 0, 36.47%, 14, 3, 4, 697.97, 810405, 31, 25231, 0
1198, 169, 30, 52, 0, 0, 36.47%, 14, 3, 4, 693.76, 813866, 31, 25397, 0
1203, 169, 42, 52, 0, 0, 36.47%, 14, 3, 4, 666.58, 817197, 31, 25608, 0
1208, 169, 46, 52, 0, 0, 36.47%, 14, 3, 4, 663.97, 820532, 31, 25708, 0
1213, 169, 8, 53, 1, 0, 36.47%, 14, 3, 4, 644.23, 823709, 31, 25865, 0
1218, 170, 46, 53, 1, 0, 36.47%, 14, 3, 4, 662.48, 827134, 31, 26006, 0
1223, 170, 46, 53, 0, 0, 36.47%, 14, 3, 4, 627.75, 830378, 31, 26186, 0
1228, 170, 46, 53, 0, 0, 36.47%, 14, 3, 4, 673.33, 833710, 31, 26424, 0
1234, 170, 32, 53, 0, 0, 36.47%, 14, 3, 4, 673.47, 837041, 31, 26546, 0
1239, 171, 50, 53, 0, 0, 36.47%, 14, 3, 4, 597.90, 840138, 31, 26871, 0
1244, 171, 32, 53, 0, 0, 36.47%, 14, 3, 4, 599.38, 843182, 31, 27062, 0
1249, 171, 39, 53, 0, 0, 36.47%, 14, 3, 4, 577.75, 846181, 31, 27298, 0
1254, 171, 8, 53, 0, 0, 36.47%, 14, 3, 4, 611.54, 849317, 31, 27468, 0
1259, 171, 48, 53, 0, 0, 36.47%, 14, 3, 4, 598.36, 852506, 31, 27680, 0
1264, 172, 7, 53, 0, 0, 36.47%, 14, 3, 4, 620.41, 855553, 31, 27891, 0
1269, 172, 32, 53, 0, 0, 36.47%, 14, 3, 4, 598.62, 858515, 31, 28092, 0
1274, 172, 40, 53, 0, 0, 36.47%, 14, 3, 4, 699.94, 862302, 31, 28132, 0
1279, 172, 32, 53, 0, 0, 36.47%, 14, 3, 4, 544.83, 864912, 31, 28534, 0
1284, 173, 51, 53, 0, 0, 36.47%, 14, 3, 4, 567.25, 867885, 31, 28641, 0
1289, 173, 7, 53, 0, 0, 36.47%, 14, 3, 4, 649.22, 871328, 31, 28803, 0
1294, 173, 46, 53, 0, 0, 36.47%, 14, 3, 4, 600.09, 874366, 31, 29063, 0
1300, 173, 43, 53, 0, 0, 36.47%, 14, 3, 4, 587.09, 877320, 31, 29311, 0
1305, 173, 47, 53, 0, 0, 36.47%, 14, 3, 4, 516.41, 880000, 31, 29584, 0
1310, 174, 46, 53, 0, 0, 36.47%, 14, 3, 4, 613.07, 883282, 31, 29833, 0
1315, 174, 34, 53, 0, 0, 36.47%, 14, 3, 4, 649.81, 886616, 31, 30006, 0
1320, 174, 44, 53, 0, 0, 36.47%, 14, 3, 4, 631.48, 889886, 31, 30191, 0
1325, 175, 40, 53, 0, 0, 36.47%, 14, 3, 4, 650.88, 893326, 31, 30431, 0
1330, 175, 48, 53, 0, 0, 36.47%, 14, 3, 4, 648.70, 896589, 31, 30570, 0
1335, 175, 44, 53, 0, 0, 36.47%, 14, 3, 4, 641.91, 899797, 31, 30770, 0
1340, 176, 46, 53, 0, 0, 36.47%, 14, 3, 4, 692.04, 903416, 31, 30915, 0
1345, 176, 46, 53, 0, 0, 36.47%, 14, 3, 4, 667.40, 906536, 31, 31144, 0
1351, 176, 46, 53, 0, 0, 36.47%, 14, 3, 4, 668.67, 910017, 31, 31254, 0
1356, 176, 32, 53, 0, 0, 36.47%, 14, 3, 4, 649.16, 913176, 31, 31508, 0
1361, 177, 46, 53, 0, 0, 36.47%, 14, 3, 4, 634.18, 916532, 31, 31686, 0
1366, 177, 39, 53, 0, 0, 36.47%, 14, 3, 4, 643.52, 919752, 31, 31942, 0
1371, 177, 46, 53, 0, 0, 36.47%, 14, 4, 4, 63.93, 921867, 31, 32237, 0
1376, 177, 32, 53, 0, 0, 36.47%, 14, 4, 4, 625.51, 925271, 31, 32504, 0
1381, 177, 5, 53, 0, 0, 36.47%, 14, 4, 4, 644.88, 928574, 31, 32569, 0
1386, 178, 7, 53, 0, 0, 36.47%, 14, 4, 4, 657.03, 931878, 31, 32807, 0
1391, 178, 46, 53, 0, 0, 36.47%, 14, 4, 4, 669.37, 935255, 31, 32934, 0
1396, 178, 7, 53, 0, 0, 36.47%, 14, 4, 4, 669.59, 938465, 31, 33208, 0
1402, 179, 46, 53, 0, 0, 36.47%, 14, 4, 4, 651.71, 941789, 31, 33369, 0
1407, 179, 46, 53, 0, 0, 36.47%, 14, 4, 4, 635.68, 945040, 31, 33515, 0
1412, 179, 46, 53, 0, 0, 36.47%, 14, 4, 4, 619.11, 947985, 31, 33890, 0
1417, 179, 46, 53, 0, 0, 36.47%, 14, 4, 4, 664.94, 951316, 31, 34071, 0
1422, 180, 46, 53, 0, 0, 36.47%, 14, 4, 4, 603.01, 954472, 31, 34289, 0
1427, 180, 46, 53, 0, 0, 36.47%, 14, 4, 4, 581.58, 957494, 31, 34590, 0
1432, 180, 32, 53, 0, 0, 36.47%, 14, 4, 4, 571.58, 960350, 31, 34762, 0
1437, 180, 46, 53, 0, 0, 36.47%, 14, 4, 4, 576.42, 963288, 31, 35060, 0
1442, 180, 24, 53, 0, 0, 36.47%, 14, 4, 4, 544.58, 965973, 31, 35490, 0
1447, 181, 32, 53, 0, 0, 36.47%, 14, 4, 4, 644.87, 969321, 31, 35651, 0
1452, 181, 32, 53, 0, 0, 36.47%, 14, 4, 4, 693.92, 972816, 31, 35779, 0
1457, 181, 32, 53, 0, 0, 36.47%, 14, 4, 4, 635.83, 975959, 31, 36006, 0
1463, 181, 32, 53, 0, 0, 36.47%, 14, 4, 4, 545.21, 978581, 31, 36361, 0
1468, 181, 46, 53, 0, 0, 36.47%, 14, 4, 4, 569.46, 981510, 31, 36659, 0
1473, 182, 40, 53, 0, 0, 36.47%, 14, 4, 4, 643.45, 984914, 31, 36721, 0
1478, 182, 7, 53, 0, 0, 36.47%, 14, 4, 4, 607.54, 987948, 31, 36950, 0
1483, 182, 32, 53, 0, 0, 36.47%, 14, 4, 4, 674.63, 991419, 31, 37099, 0
1488, 183, 39, 53, 0, 0, 36.47%, 14, 4, 4, 642.47, 994751, 31, 37213, 0
1493, 183, 5, 53, 0, 0, 36.47%, 14, 4, 4, 570.68, 997585, 31, 37491, 0
1498, 183, 6, 53, 0, 0, 36.47%, 14, 4, 4, 550.63, 1000374, 31, 37758, 0
1503, 183, 46, 53, 0, 0, 36.47%, 14, 4, 4, 590.12, 1003454, 31, 37999, 0
1508, 183, 46, 53, 0, 0, 36.47%, 14, 4, 4, 566.44, 1006371, 31, 38259, 0
1513, 184, 32, 53, 0, 0, 36.47%, 14, 4, 4, 664.26, 1009748, 31, 38393, 0
1518, 184, 46, 53, 0, 0, 36.47%, 14, 4, 4, 673.82, 1013133, 31, 38576, 0
1523, 184, 46, 53, 0, 0, 36.47%, 14, 4, 4, 712.31, 1016891, 31, 38676, 0
1528, 185, 53, 54, 1, 0, 36.47%, 14, 4, 4, 588.44, 1019748, 31, 39020, 0
1533, 185, 46, 54, 0, 0, 36.47%, 14, 4, 4, 614.17, 1022891, 31, 39270, 0
1538, 185, 11, 54, 0, 0, 36.47%, 14, 4, 4, 623.08, 1026013, 31, 39491, 0
1543, 185, 46, 54, 0, 0, 36.47%, 14, 4, 4, 654.33, 1029360, 31, 39607, 0
1549, 186, 32, 54, 0, 0, 36.47%, 14, 4, 4, 599.14, 1032391, 31, 39941, 0
1554, 186, 5, 54, 0, 0, 36.47%, 14, 4, 4, 659.44, 1035655, 31, 40106, 0
1559, 186, 46, 54, 0, 0, 36.47%, 14, 4, 4, 657.11, 1038883, 31, 40366, 0
1564, 186, 46, 54, 0, 0, 36.47%, 14, 4, 4, 643.41, 1041984, 31, 40661, 0
1569, 186, 46, 54, 0, 0, 36.47%, 14, 4, 4, 579.01, 1044846, 31, 40888, 0
1574, 187, 0, 54, 0, 0, 36.47%, 14, 4, 4, 586.26, 1047890, 31, 41144, 0
1579, 187, 5, 54, 0, 0, 36.47%, 14, 4, 4, 598.23, 1050990, 31, 41401, 0
1584, 187, 24, 54, 0, 0, 36.47%, 14, 4, 4, 610.16, 1054124, 31, 41590, 0
1589, 187, 51, 54, 0, 0, 36.47%, 14, 4, 4, 615.10, 1057199, 31, 41835, 0
1594, 188, 35, 54, 0, 0, 36.47%, 14, 4, 4, 574.48, 1059995, 31, 42153, 0
1599, 188, 5, 54, 0, 0, 36.47%, 14, 5, 4, 593.50, 1062661, 31, 42246, 0
1604, 188, 32, 54, 0, 0, 36.47%, 14, 5, 4, 554.00, 1065336, 31, 42594, 0
1609, 188, 44, 54, 0, 0, 36.47%, 14, 5, 4, 684.26, 1069032, 31, 42641, 0
1614, 188, 53, 54, 0, 0, 36.47%, 14, 5, 4, 631.63, 1072236, 31, 42700, 0
1620, 189, 24, 54, 0, 0, 36.47%, 14, 5, 4, 672.44, 1075799, 31, 42828, 0
1625, 189, 49, 54, 0, 0, 36.47%, 14, 5, 4, 604.02, 1078833, 31, 43082, 0
1630, 189, 37, 54, 0, 0, 36.47%, 14, 5, 4, 553.29, 1081590, 31, 43242, 0
1635, 189, 46, 54, 0, 0, 36.47%, 14, 5, 4, 584.12, 1084659, 31, 43352, 0
1640, 190, 39, 54, 0, 0, 36.47%, 14, 5, 4, 615.05, 1087652, 31, 43617, 0
1645, 190, 32, 54, 0, 0, 36.47%, 14, 5, 4, 688.03, 1091145, 31, 43800, 0
1650, 190, 24, 54, 0, 0, 36.47%, 14, 5, 4, 637.29, 1094181, 31, 44005, 0
1655, 190, 24, 54, 0, 0, 36.47%, 14, 5, 4, 667.94, 1097673, 31, 44164, 0
1660, 191, 46, 54, 0, 0, 36.47%, 14, 5, 4, 491.12, 1100190, 31, 44592, 0
1665, 191, 0, 54, 0, 0, 36.47%, 14, 5, 4, 588.11, 1103276, 31, 44744, 0
1670, 191, 46, 54, 0, 0, 36.47%, 14, 5, 4, 620.38, 1106294, 31, 45015, 0
1675, 191, 46, 54, 0, 0, 36.47%, 14, 5, 4, 661.40, 1109673, 31, 45225, 0
1680, 192, 46, 54, 0, 0, 36.47%, 14, 5, 4, 647.25, 1112790, 31, 45457, 0
1685, 192, 46, 54, 0, 0, 36.47%, 14, 5, 4, 666.92, 1116019, 31, 45688, 0
1690, 192, 46, 54, 0, 0, 36.47%, 14, 5, 4, 616.75, 1119117, 31, 45817, 0
1695, 192, 41, 54, 0, 0, 36.47%, 14, 5, 4, 661.50, 1122404, 31, 45934, 0
1700, 193, 46, 54, 0, 0, 36.47%, 14, 5, 4, 674.69, 1125786, 31, 46040, 0
1705, 193, 32, 54, 0, 0, 36.47%, 14, 5, 4, 694.47, 1129278, 31, 46145, 0
1711, 193, 40, 54, 0, 0, 36.47%, 14, 5, 4, 638.84, 1132534, 31, 46314, 0
1716, 193, 32, 54, 0, 0, 36.47%, 14, 5, 4, 632.24, 1135542, 31, 46508, 0
1721, 194, 6, 54, 0, 0, 36.47%, 14, 5, 4, 654.93, 1138825, 31, 46721, 0
1726, 194, 46, 54, 0, 0, 36.47%, 14, 5, 4, 541.58, 1141465, 31, 46901, 0
1731, 194, 10, 54, 0, 0, 36.47%, 14, 5, 4, 529.53, 1144055, 31, 47242, 0
1736, 194, 32, 54, 0, 0, 36.47%, 14, 5, 4, 634.30, 1147433, 31, 47442, 0
1741, 195, 46, 54, 0, 0, 36.47%, 14, 5, 4, 620.74, 1150532, 31, 47710, 0
1746, 195, 46, 54, 0, 0, 36.47%, 14, 5, 4, 572.32, 1153396, 31, 47973, 0
1751, 195, 32, 54, 0, 0, 36.47%, 14, 5, 4, 587.98, 1156220, 31, 48232, 0
1756, 195, 36, 54, 0, 0, 36.47%, 14, 5, 4, 659.33, 1159728, 31, 48290, 0
1761, 195, 46, 54, 0, 0, 36.47%, 14, 5, 4, 602.03, 1162829, 31, 48495, 0
1766, 196, 7, 54, 0, 0, 36.47%, 14, 5, 4, 478.52, 1164919, 31, 48835, 0
1771, 196, 46, 54, 0, 0, 36.47%, 14, 5, 4, 626.08, 1168179, 31, 49012, 0
1777, 196, 32, 54, 0, 0, 36.47%, 14, 5, 4, 532.43, 1170851, 31, 49378, 0
1782, 196, 32, 54, 0, 0, 36.47%, 14, 5, 4, 650.39, 1174158, 31, 49433, 0
1787, 197, 46, 54, 0, 0, 36.47%, 14, 5, 4, 586.53, 1177097, 31, 49702, 0
1792, 197, 46, 54, 0, 0, 36.47%, 14, 5, 4, 569.47, 1180015, 31, 50065, 0
1797, 197, 32, 54, 0, 0, 36.47%, 14, 5, 4, 662.76, 1183519, 31, 50185, 0
1802, 197, 43, 54, 0, 0, 36.47%, 14, 5, 4, 663.24, 1186854, 31, 50314, 0
1807, 197, 24, 54, 0, 0, 36.47%, 14, 5, 4, 663.65, 1190146, 31, 50450, 0
1812, 198, 53, 54, 0, 0, 36.47%, 14, 5, 4, 638.38, 1193415, 31, 50599, 0
1817, 198, 32, 54, 0, 0, 36.47%, 14, 5, 4, 614.32, 1196384, 31, 50777, 0
1822, 198, 46, 54, 0, 0, 36.47%, 14, 5, 4, 586.30, 1199380, 31, 50968, 0
1827, 198, 32, 54, 0, 0, 36.47%, 14, 5, 4, 589.86, 1202202, 31, 51343, 0
1832, 199, 32, 54, 0, 0, 36.47%, 14, 5, 4, 654.77, 1205727, 31, 51433, 0
1837, 199, 39, 54, 0, 0, 36.47%, 14, 5, 4, 640.14, 1208884, 31, 51618, 0
1842, 199, 40, 54, 0, 0, 36.47%, 14, 5, 4, 565.83, 1211700, 31, 51855, 0
1848, 199, 32, 54, 0, 0, 36.47%, 14, 5, 4, 667.34, 1215162, 31, 51916, 0
1853, 199, 46, 54, 0, 0, 36.47%, 14, 5, 4, 585.61, 1218071, 31, 52146, 0
1858, 200, 46, 54, 0, 0, 36.47%, 14, 5, 4, 614.58, 1221320, 31, 52346, 0
1863, 200, 32, 54, 0, 0, 36.47%, 14, 5, 4, 683.83, 1224802, 31, 52402, 0
1868, 200, 46, 54, 0, 0, 36.47%, 14, 5, 4, 629.64, 1227810, 31, 52682, 0
1873, 201, 46, 54, 0, 0, 36.47%, 14, 5, 4, 666.76, 1231232, 31, 52897, 0
1878, 201, 46, 54, 0, 0, 36.47%, 14, 5, 4, 627.15, 1234464, 31, 53202, 0
1884, 201, 48, 54, 0, 0, 36.47%, 14, 5, 4, 707.86, 1238115, 31, 53352, 0
1889, 201, 53, 54, 0, 0, 36.47%, 14, 5, 4, 642.01, 1241188, 31, 53671, 0
1894, 202, 36, 54, 0, 0, 36.47%, 14, 5, 4, 673.25, 1244645, 31, 53866, 0
1899, 202, 32, 54, 0, 0, 36.47%, 14, 5, 4, 657.95, 1247963, 31, 54082, 0
1904, 202, 32, 54, 0, 0, 36.47%, 14, 5, 4, 673.82, 1251496, 31, 54256, 0
1909, 202, 32, 54, 0, 0, 36.47%, 14, 5, 4, 655.94, 1254635, 31, 54535, 0
1914, 203, 32, 54, 0, 0, 36.47%, 14, 5, 4, 668.08, 1258040, 31, 54697, 0
1919, 203, 42, 54, 0, 0, 36.47%, 14, 5, 4, 700.74, 1261696, 31, 54785, 0
1924, 203, 46, 54, 0, 0, 36.47%, 14, 5, 4, 623.98, 1264754, 31, 55077, 0
1929, 203, 46, 54, 0, 0, 36.47%, 14, 6, 4, 627.52, 1267211, 31, 55254, 0
1934, 204, 51, 55, 1, 0, 36.47%, 14, 6, 4, 637.80, 1270314, 31, 55510, 0
1939, 204, 46, 55, 1, 0, 36.47%, 14, 6, 4, 607.97, 1273120, 31, 55882, 0
1945, 204, 54, 55, 1, 0, 36.47%, 14, 6, 4, 643.20, 1276638, 31, 55942, 0
1950, 204, 5, 55, 0, 0, 36.47%, 14, 6, 4, 615.39, 1279884, 31, 56211, 0
1955, 204, 49, 55, 0, 0, 36.47%, 14, 6, 4, 607.16, 1283003, 31, 56419, 0
1960, 205, 32, 55, 0, 0, 36.47%, 14, 6, 4, 694.99, 1286743, 31, 56486, 0
1965, 205, 46, 55, 0, 0, 36.47%, 14, 6, 4, 663.30, 1290168, 31, 56670, 0
1970, 205, 24, 55, 0, 0, 36.47%, 14, 6, 4, 648.21, 1293281, 31, 56979, 0
1975, 205, 46, 55, 0, 0, 36.47%, 14, 6, 4, 615.04, 1296417, 31, 57151, 0
1980, 206, 46, 55, 0, 0, 36.47%, 14, 6, 4, 616.72, 1299419, 31, 57445, 0
1986, 206, 32, 55, 0, 0, 36.47%, 14, 6, 4, 673.53, 1302807, 31, 57601, 0
1991, 206, 32, 55, 0, 0, 36.47%, 14, 6, 4, 613.22, 1305783, 31, 57766, 0
1996, 206, 46, 55, 0, 0, 36.47%, 14, 6, 4, 633.89, 1308988, 31, 57875, 0
2001, 207, 32, 55, 0, 0, 36.47%, 14, 6, 4, 671.78, 1312269, 31, 58033, 0
2006, 207, 42, 55, 0, 0, 36.47%, 14, 6, 4, 650.87, 1315561, 31, 58191, 0
2011, 207, 36, 55, 0, 0, 36.47%, 14, 6, 4, 613.46, 1318406, 31, 58398, 0
2016, 207, 6, 55, 0, 0, 36.47%, 14, 6, 4, 622.31, 1321633, 31, 58554, 0
2021, 208, 32, 55, 0, 0, 36.47%, 14, 6, 4, 617.67, 1324798, 31, 58629, 0
2026, 208, 7, 55, 0, 0, 36.47%, 14, 6, 4, 620.02, 1327706, 31, 58985, 0
2031, 208, 32, 55, 0, 0, 36.47%, 14, 6, 4, 610.16, 1330905, 31, 59153, 0
2036, 208, 46, 55, 0, 0, 36.47%, 14, 6, 4, 512.95, 1333332, 31, 59645, 0
2041, 208, 32, 55, 0, 0, 36.47%, 14, 6, 4, 553.42, 1335947, 31, 60046, 0
2046, 209, 0, 56, 1, 0, 36.47%, 14, 6, 4, 625.64, 1339111, 31, 60297, 0
2051, 209, 55, 56, 1, 0, 36.47%, 14, 6, 4, 673.01, 1342519, 31, 60514, 0
2056, 209, 14, 56, 0, 0, 36.47%, 14, 6, 4, 683.78, 1345925, 31, 60661, 0
2061, 209, 55, 56, 0, 0, 36.47%, 14, 6, 4, 595.46, 1348736, 31, 61051, 0
2066, 210, 7, 56, 0, 0, 36.47%, 14, 6, 4, 562.66, 1351507, 31, 61321, 0
2071, 210, 50, 56, 0, 0, 36.47%, 14, 6, 4, 596.81, 1354594, 31, 61594, 0
2076, 210, 46, 56, 0, 0, 36.47%, 14, 6, 4, 545.35, 1357185, 31, 62023, 0
2082, 210, 39, 56, 0, 0, 36.47%, 14, 6, 4, 602.72, 1360438, 31, 62183, 0
2087, 211, 7, 56, 0, 0, 36.47%, 14, 6, 4, 612.83, 1363366, 31, 62374, 0
2092, 211, 46, 56, 0, 0, 36.47%, 14, 6, 4, 657.57, 1366730, 31, 62559, 0
2097, 211, 5, 56, 0, 0, 36.47%, 14, 6, 4, 593.11, 1369678, 31, 62877, 0
2102, 211, 55, 56, 0, 0, 36.47%, 14, 6, 4, 602.76, 1372750, 31, 63077, 0
2107, 212, 32, 56, 0, 0, 36.47%, 14, 6, 4, 649.95, 1376083, 31, 63190, 0
2112, 212, 41, 56, 0, 0, 36.47%, 14, 6, 4, 645.84, 1379281, 31, 63403, 0
2117, 212, 46, 56, 0, 0, 36.47%, 14, 6, 4, 631.90, 1382394, 31, 63577, 0
2122, 212, 55, 56, 0, 0, 36.47%, 14, 6, 4, 625.37, 1385566, 31, 63796, 0
2127, 212, 55, 56, 0, 0, 36.47%, 14, 6, 4, 630.00, 1388678, 31, 64093, 0
2132, 213, 55, 56, 0, 0, 36.47%, 14, 6, 4, 688.01, 1392204, 31, 64156, 0
2137, 213, 46, 56, 0, 0, 36.47%, 14, 6, 4, 656.39, 1395540, 31, 64346, 0
2142, 213, 55, 56, 0, 0, 36.47%, 14, 6, 4, 675.42, 1398969, 31, 64496, 0
2147, 213, 55, 56, 0, 0, 36.47%, 14, 6, 4, 617.99, 1402105, 31, 64713, 0
2152, 214, 7, 56, 0, 0, 36.47%, 14, 6, 4, 634.73, 1405280, 31, 64866, 0
2158, 214, 46, 56, 0, 0, 36.47%, 14, 6, 4, 583.97, 1408506, 31, 65147, 0
2163, 214, 37, 56, 0, 0, 36.47%, 14, 6, 4, 644.37, 1411718, 31, 65360, 0
2168, 215, 46, 56, 0, 0, 36.47%, 14, 6, 4, 642.38, 1415092, 31, 65577, 0
2173, 215, 36, 56, 0, 0, 36.47%, 14, 6, 4, 640.67, 1418414, 31, 65849, 0
2178, 215, 24, 56, 0, 0, 36.47%, 14, 6, 4, 659.34, 1421835, 31, 66073, 0
2183, 215, 55, 56, 0, 0, 36.47%, 14, 6, 4, 671.80, 1425194, 31, 66195, 0
2189, 216, 46, 56, 0, 0, 36.47%, 14, 6, 4, 599.01, 1428158, 31, 66591, 0
2194, 216, 46, 56, 0, 0, 36.47%, 14, 6, 4, 591.55, 1431176, 31, 66914, 0
2199, 216, 55, 56, 0, 0, 36.47%, 14, 6, 4, 627.46, 1434222, 31, 67195, 0
2204, 216, 46, 56, 0, 0, 36.47%, 14, 6, 4, 620.44, 1437311, 31, 67453, 0
2209, 217, 5, 56, 0, 0, 36.47%, 14, 6, 4, 668.95, 1440684, 31, 67609, 0
2214, 217, 46, 56, 0, 0, 36.47%, 14, 6, 4, 622.67, 1443900, 31, 67831, 0
2219, 217, 46, 56, 0, 0, 36.47%, 14, 6, 4, 650.82, 1447239, 31, 68049, 0
2224, 217, 23, 56, 0, 0, 36.47%, 14, 6, 4, 626.21, 1450353, 31, 68191, 0
2229, 217, 55, 56, 0, 0, 36.47%, 14, 6, 4, 543.69, 1453513, 31, 68512, 0
2234, 218, 56, 57, 1, 0, 36.47%, 14, 6, 4, 485.33, 1456171, 31, 68600, 0
2239, 218, 26, 57, 0, 0, 36.47%, 14, 6, 4, 595.92, 1459318, 31, 68847, 0
2244, 218, 46, 57, 0, 0, 36.47%, 14, 6, 4, 618.63, 1462641, 31, 69067, 0
2249, 218, 30, 57, 0, 0, 36.47%, 14, 6, 4, 650.96, 1465840, 31, 69304, 0
2254, 219, 46, 57, 0, 0, 36.47%, 14, 6, 4, 653.88, 1469173, 31, 69517, 0
2259, 219, 46, 57, 0, 0, 36.47%, 14, 6, 4, 596.67, 1472279, 31, 69744, 0
2265, 219, 51, 57, 0, 0, 36.47%, 14, 6, 4, 593.14, 1475408, 31, 69975, 0
2270, 219, 55, 57, 0, 0, 36.47%, 14, 6, 4, 606.92, 1478360, 31, 70158, 0
2275, 220, 57, 58, 1, 0, 36.47%, 14, 6, 4, 586.70, 1481541, 31, 70236, 0
2280, 220, 55, 58, 0, 0, 36.47%, 14, 6, 4, 430.18, 1483666, 31, 70468, 0
2285, 220, 7, 58, 0, 0, 36.47%, 14, 6, 4, 596.01, 1486975, 31, 70598, 0
2290, 220, 56, 58, 0, 0, 36.47%, 14, 6, 4, 510.88, 1489594, 31, 70914, 0
2295, 220, 55, 58, 0, 0, 36.47%, 14, 6, 4, 657.43, 1493158, 31, 71042, 0
2300, 221, 55, 58, 0, 0, 36.47%, 14, 6, 4, 666.50, 1496444, 31, 71246, 0
2305, 221, 14, 58, 0, 0, 36.47%, 14, 6, 4, 652.17, 1499618, 31, 71515, 0
2311, 221, 6, 58, 0, 0, 36.47%, 14, 6, 4, 679.71, 1503022, 31, 71632, 0
2316, 221, 54, 58, 0, 0, 36.47%, 14, 6, 4, 655.84, 1506246, 31, 71911, 0
2321, 222, 55, 58, 0, 0, 36.47%, 14, 6, 4, 622.10, 1509380, 31, 72176, 0
2326, 222, 57, 58, 0, 0, 36.47%, 14, 6, 4, 321.91, 1512516, 31, 72455, 0
2331, 222, 46, 58, 0, 0, 36.47%, 14, 6, 4, 528.92, 1515572, 31, 72800, 0
2336, 223, 0, 58, 0, 0, 36.47%, 14, 6, 4, 651.52, 1518876, 31, 73024, 0
2341, 223, 55, 58, 0, 0, 36.47%, 14, 6, 4, 633.76, 1521913, 31, 73340, 0
2346, 223, 40, 58, 0, 0, 36.47%, 14, 6, 4, 664.99, 1525220, 31, 73564, 0
2351, 223, 45, 58, 0, 0, 36.47%, 14, 6, 4, 679.92, 1528623, 31, 73633, 0
2356, 224, 51, 58, 0, 0, 36.47%, 14, 6, 4, 625.57, 1531815, 31, 73886, 0
2361, 224, 0, 58, 0, 0, 36.47%, 14, 6, 4, 529.15, 1534336, 31, 74215, 0
2367, 224, 46, 58, 0, 0, 36.47%, 14, 6, 4, 641.82, 1537785, 31, 74355, 0
2372, 224, 46, 58, 0, 0, 36.47%, 14, 6, 4, 578.66, 1540658, 31, 74569, 0
2377, 225, 46, 58, 0, 0, 36.47%, 14, 6, 4, 663.73, 1544206, 31, 74690, 0
2382, 225, 57, 58, 0, 0, 36.47%, 14, 6, 4, 520.85, 1546764, 31, 75080, 0
2387, 225, 41, 58, 0, 0, 36.47%, 14, 6, 4, 567.11, 1549589, 31, 75406, 0
2392, 225, 46, 58, 0, 0, 36.47%, 14, 6, 4, 501.98, 1552250, 31, 75795, 0
2397, 225, 55, 58, 0, 0, 36.47%, 14, 6, 4, 606.13, 1555368, 31, 76015, 0
2402, 226, 46, 58, 0, 0, 36.47%, 14, 6, 4, 564.57, 1558280, 31, 76285, 0
2407, 226, 24, 58, 0, 0, 36.47%, 14, 6, 4, 651.49, 1561654, 31, 76503, 0
2412, 226, 5, 58, 0, 0, 36.47%, 14, 6, 4, 644.55, 1564929, 31, 76689, 0
2417, 226, 46, 58, 0, 0, 36.47%, 14, 6, 4, 647.39, 1568185, 31, 76921, 0
2422, 227, 46, 58, 0, 0, 36.47%, 14, 6, 4, 576.34, 1570872, 31, 77328, 0
2427, 227, 55, 58, 0, 0, 36.47%, 14, 6, 4, 617.87, 1573899, 31, 77573, 0
2432, 227, 53, 58, 0, 0, 36.47%, 14, 6, 4, 570.29, 1576685, 31, 77913, 0
2437, 227, 46, 58, 0, 0, 36.47%, 14, 6, 4, 577.62, 1579107, 31, 78339, 0
2443, 227, 46, 58, 0, 0, 36.47%, 14, 6, 4, 600.35, 1582102, 31, 78645, 0
2448, 228, 46, 58, 0, 0, 36.47%, 14, 6, 4, 612.54, 1585120, 31, 78910, 0
2453, 228, 0, 58, 0, 0, 36.47%, 14, 6, 4, 603.07, 1588049, 31, 79131, 0
2458, 228, 46, 58, 0, 0, 36.47%, 14, 6, 4, 502.82, 1590716, 31, 79488, 0
2463, 228, 46, 58, 0, 0, 36.47%, 14, 6, 4, 630.48, 1594156, 31, 79588, 0
2468, 229, 46, 58, 0, 0, 36.47%, 14, 6, 4, 548.89, 1596904, 31, 79922, 0
2473, 229, 55, 58, 0, 0, 36.47%, 14, 6, 4, 615.86, 1600057, 31, 80065, 0
2478, 229, 46, 58, 0, 0, 36.47%, 14, 6, 4, 588.74, 1603131, 31, 80309, 0
2483, 229, 55, 58, 0, 0, 36.47%, 14, 6, 4, 599.27, 1606040, 31, 80594, 0
2488, 230, 46, 58, 0, 0, 36.47%, 14, 6, 4, 596.77, 1609274, 31, 80775, 0
2493, 230, 44, 58, 0, 0, 36.47%, 14, 6, 4, 537.76, 1611752, 31, 81139, 0
2498, 230, 46, 58, 0, 0, 36.47%, 14, 6, 4, 575.44, 1614688, 31, 81487, 0
2504, 230, 55, 58, 0, 0, 36.47%, 14, 6, 4, 533.91, 1617605, 31, 81789, 0
2509, 230, 46, 58, 0, 0, 36.47%, 14, 6, 4, 568.61, 1620472, 31, 81995, 0
2514, 231, 8, 58, 0, 0, 36.47%, 14, 6, 4, 625.14, 1623610, 31, 82252, 0
2519, 231, 46, 58, 0, 0, 36.47%, 14, 6, 4, 636.64, 1626890, 31, 82446, 0
2524, 231, 6, 58, 0, 0, 36.47%, 14, 6, 4, 643.45, 1630011, 31, 82624, 0
2529, 231, 53, 58, 0, 0, 36.47%, 14, 6, 4, 645.45, 1633236, 31, 82808, 0
2534, 232, 37, 59, 1, 0, 36.47%, 14, 6, 4, 669.36, 1636632, 31, 82927, 0
2539, 232, 46, 59, 1, 0, 36.47%, 14, 6, 4, 676.02, 1640079, 31, 83107, 0
2544, 232, 58, 59, 1, 0, 36.47%, 14, 6, 4, 404.53, 1641907, 31, 83118, 0
2549, 232, 24, 59, 0, 0, 36.47%, 14, 6, 4, 482.47, 1644135, 31, 83236, 0
2554, 233, 58, 59, 0, 0, 36.47%, 14, 6, 4, 505.60, 1646851, 31, 83619, 0
2559, 233, 55, 59, 0, 0, 36.47%, 14, 6, 4, 583.87, 1649654, 31, 83944, 0
2564, 233, 55, 59, 0, 0, 36.47%, 14, 6, 4, 642.88, 1652777, 31, 84227, 0
2569, 233, 46, 59, 0, 0, 36.47%, 14, 6, 4, 537.76, 1655326, 31, 84686, 0
2574, 233, 46, 59, 0, 0, 36.47%, 14, 6, 4, 589.43, 1658366, 31, 84919, 0
2579, 234, 41, 59, 0, 0, 36.47%, 14, 6, 4, 619.47, 1661394, 31, 85064, 0
2584, 234, 55, 59, 0, 0, 36.47%, 14, 6, 4, 619.72, 1664542, 31, 85290, 0
2589, 234, 40, 59, 0, 0, 36.47%, 14, 6, 4, 633.64, 1667850, 31, 85514, 0
2595, 234, 45, 59, 0, 0, 36.47%, 14, 6, 4, 597.40, 1670947, 31, 85753, 0
2600, 235, 55, 59, 0, 0, 36.47%, 14, 6, 4, 641.82, 1674331, 31, 85922, 0
2605, 235, 46, 59, 0, 0, 36.47%, 14, 6, 4, 568.55, 1677125, 31, 86159, 0
2610, 235, 46, 59, 0, 0, 36.47%, 14, 6, 4, 543.45, 1679906, 31, 86481, 0
2615, 235, 53, 59, 0, 0, 36.47%, 14, 6, 4, 602.57, 1683116, 31, 86693, 0
2620, 235, 46, 59, 0, 0, 36.47%, 14, 6, 4, 530.19, 1685534, 31, 87172, 0
2625, 235, 46, 59, 0, 0, 36.47%, 14, 6, 4, 542.13, 1688032, 31, 87651, 0
2630, 236, 45, 59, 0, 0, 36.47%, 14, 6, 4, 456.30, 1690515, 31, 88033, 0
2635, 236, 46, 59, 0, 0, 36.47%, 14, 7, 4, 410.00, 1692974, 31, 88220, 0
2640, 236, 46, 59, 0, 0, 36.47%, 14, 7, 4, 570.14, 1695970, 31, 88540, 0
2645, 236, 48, 59, 0, 0, 36.47%, 14, 7, 4, 603.42, 1699065, 31, 88763, 0
2650, 236, 55, 59, 0, 0, 36.47%, 14, 7, 4, 583.35, 1702121, 31, 88914, 0
2656, 237, 55, 59, 0, 0, 36.47%, 14, 7, 4, 598.31, 1705300, 31, 89147, 0
2661, 237, 4, 59, 0, 0, 36.47%, 14, 7, 4, 582.95, 1708254, 31, 89334, 0
2666, 237, 56, 59, 0, 0, 36.47%, 14, 7, 4, 615.05, 1711565, 31, 89456, 0
2671, 237, 46, 59, 0, 0, 36.47%, 14, 7, 4, 638.34, 1714808, 31, 89657, 0
2676, 238, 14, 59, 0, 0, 36.47%, 14, 7, 4, 649.85, 1718072, 31, 89870, 0
2681, 238, 46, 59, 0, 0, 36.47%, 14, 7, 4, 603.15, 1721012, 31, 90216, 0
2686, 238, 55, 59, 0, 0, 36.47%, 14, 7, 4, 654.67, 1724593, 31, 90340, 0
2691, 238, 46, 59, 0, 0, 36.47%, 14, 7, 4, 641.95, 1727669, 31, 90610, 0
2696, 239, 24, 59, 0, 0, 36.47%, 14, 7, 4, 518.40, 1730149, 31, 90871, 0
2701, 239, 46, 59, 0, 0, 36.47%, 14, 7, 4, 641.20, 1733608, 31, 91059, 0
2707, 239, 8, 59, 0, 0, 36.47%, 14, 7, 4, 559.95, 1736482, 31, 91266, 0
2712, 239, 46, 59, 0, 0, 36.47%, 14, 7, 4, 608.55, 1739705, 31, 91503, 0
2717, 239, 7, 59, 0, 0, 36.47%, 14, 7, 4, 648.51, 1742983, 31, 91707, 0
2722, 240, 55, 59, 0, 0, 36.47%, 14, 7, 4, 595.81, 1745982, 31, 92063, 0
2727, 240, 46, 59, 0, 0, 36.47%, 14, 7, 4, 642.65, 1749271, 31, 92229, 0
2732, 240, 50, 59, 0, 0, 36.47%, 14, 7, 4, 452.81, 1751344, 31, 92581, 0
2737, 240, 0, 59, 0, 0, 36.47%, 14, 7, 4, 577.74, 1754463, 31, 92835, 0
2742, 241, 55, 59, 0, 0, 36.47%, 14, 7, 4, 563.57, 1757125, 31, 93090, 0
2747, 241, 49, 59, 0, 0, 36.47%, 14, 7, 4, 600.99, 1760120, 31, 93358, 0
2752, 241, 55, 59, 0, 0, 36.47%, 14, 7, 4, 618.61, 1763109, 31, 93651, 0
2757, 241, 56, 59, 0, 0, 36.47%, 14, 7, 4, 652.13, 1766464, 31, 93792, 0
2762, 241, 46, 59, 0, 0, 36.47%, 14, 7, 4, 659.82, 1769845, 31, 93886, 0
2768, 242, 55, 59, 0, 0, 36.47%, 14, 7, 4, 649.19, 1773173, 31, 94142, 0
2773, 242, 55, 59, 0, 0, 36.47%, 14, 7, 4, 634.07, 1776307, 31, 94413, 0
2778, 242, 55, 59, 0, 0, 36.47%, 14, 7, 4, 597.88, 1779331, 31, 94756, 0
2783, 242, 55, 59, 0, 0, 36.47%, 14, 7, 4, 678.85, 1782943, 31, 94873, 0
2788, 243, 57, 59, 0, 0, 36.47%, 14, 7, 4, 523.14, 1785560, 31, 95244, 0
2793, 243, 55, 59, 0, 0, 36.47%, 14, 7, 4, 569.90, 1787611, 31, 95563, 0
2798, 243, 46, 59, 0, 0, 36.47%, 14, 7, 4, 495.96, 1790238, 31, 95778, 0
2803, 243, 46, 59, 0, 0, 36.47%, 14, 7, 4, 539.10, 1792943, 31, 96054, 0
2808, 243, 7, 59, 0, 0, 36.47%, 14, 7, 4, 478.68, 1795295, 31, 96381, 0
2814, 244, 55, 59, 0, 0, 36.47%, 14, 7, 4, 559.38, 1798370, 31, 96565, 0
2819, 244, 46, 59, 0, 0, 36.47%, 14, 7, 4, 530.46, 1801151, 31, 96797, 0
2824, 244, 46, 59, 0, 0, 36.47%, 14, 7, 4, 525.75, 1803786, 31, 96925, 0
2829, 244, 45, 59, 0, 0, 36.47%, 14, 7, 4, 605.46, 1806588, 31, 96997, 0
2834, 244, 56, 59, 0, 0, 36.47%, 14, 7, 4, 452.75, 1808936, 31, 97294, 0
2839, 245, 27, 59, 0, 0, 36.47%, 14, 7, 4, 76.56, 1810462, 31, 97489, 0
2844, 245, 55, 59, 0, 0, 36.47%, 14, 7, 4, 396.73, 1812614, 31, 97645, 0
2849, 245, 53, 59, 0, 0, 36.47%, 14, 7, 4, 590.23, 1815482, 31, 97754, 0
2854, 245, 46, 59, 0, 0, 36.47%, 14, 7, 4, 485.92, 1817857, 31, 98057, 0
2859, 245, 53, 59, 0, 0, 36.47%, 14, 7, 4, 554.79, 1820557, 31, 98174, 0
2865, 245, 55, 59, 0, 0, 36.47%, 14, 7, 4, 562.36, 1822945, 31, 98441, 0
2870, 246, 57, 59, 0, 0, 36.47%, 14, 7, 4, 437.63, 1824878, 31, 98632, 0
2875, 246, 55, 59, 0, 0, 36.47%, 14, 7, 4, 553.31, 1827721, 31, 98866, 0
2880, 246, 51, 59, 0, 0, 36.47%, 14, 7, 4, 615.70, 1830989, 31, 99012, 0
2885, 246, 46, 59, 0, 0, 36.47%, 14, 7, 4, 42.58, 1832976, 31, 99315, 0
2890, 247, 19, 59, 0, 0, 36.47%, 14, 7, 4, 556.56, 1835934, 31, 99484, 0
2895, 247, 55, 59, 0, 0, 36.47%, 14, 7, 4, 520.52, 1838470, 31, 99610, 0
2900, 247, 24, 59, 0, 0, 36.47%, 14, 7, 4, 618.98, 1841396, 31, 99794, 0
2905, 247, 8, 59, 0, 0, 36.47%, 14, 7, 4, 608.84, 1844496, 31, 100038, 0
2910, 247, 46, 59, 0, 0, 36.47%, 14, 7, 4, 615.57, 1847593, 31, 100254, 0
2915, 248, 7, 59, 0, 0, 36.47%, 14, 7, 4, 607.26, 1850607, 31, 100536, 0
2920, 248, 46, 59, 0, 0, 36.47%, 14, 7, 4, 601.60, 1853615, 31, 100828, 0
2925, 248, 46, 59, 0, 0, 36.47%, 14, 7, 4, 644.16, 1856850, 31, 101066, 0
2930, 249, 46, 59, 0, 0, 36.47%, 14, 7, 4, 683.32, 1860317, 31, 101192, 0
2935, 249, 46, 59, 0, 0, 36.47%, 14, 7, 4, 680.23, 1863901, 31, 101388, 0
2941, 249, 46, 59, 0, 0, 36.47%, 14, 7, 4, 488.94, 1866348, 31, 101864, 0
2946, 249, 46, 59, 0, 0, 36.47%, 14, 7, 4, 596.12, 1869388, 31, 102139, 0
2951, 249, 46, 59, 0, 0, 36.47%, 14, 7, 4, 570.62, 1872378, 31, 102477, 0
2956, 250, 55, 59, 0, 0, 36.47%, 14, 7, 4, 638.74, 1875593, 31, 102696, 0
2961, 250, 55, 59, 0, 0, 36.47%, 14, 7, 4, 524.26, 1878066, 31, 103160, 0
2966, 250, 55, 59, 0, 0, 36.47%, 14, 7, 4, 610.22, 1881116, 31, 103326, 0
2971, 250, 46, 59, 0, 0, 36.47%, 14, 7, 4, 669.69, 1884547, 31, 103426, 0
2976, 250, 46, 59, 0, 0, 36.47%, 14, 7, 4, 626.60, 1887612, 31, 103712, 0
2981, 251, 55, 59, 0, 0, 36.47%, 14, 7, 4, 657.20, 1890812, 31, 103936, 0
2986, 251, 55, 59, 0, 0, 36.47%, 14, 7, 4, 619.31, 1893908, 31, 104147, 0
2991, 251, 40, 59, 0, 0, 36.47%, 14, 7, 4, 654.51, 1897344, 31, 104208, 0
2996, 251, 49, 59, 0, 0, 36.47%, 14, 7, 4, 633.22, 1900481, 31, 104366, 0
3001, 252, 55, 59, 0, 0, 36.47%, 14, 7, 4, 601.16, 1903609, 31, 104656, 0
3006, 252, 55, 59, 0, 0, 36.47%, 14, 7, 4, 544.07, 1906374, 31, 104943, 0
3012, 252, 8, 59, 0, 0, 36.47%, 14, 7, 4, 600.59, 1909662, 31, 105073, 0
3017, 253, 55, 59, 0, 0, 36.47%, 14, 7, 4, 646.50, 1912975, 31, 105143, 0
3022, 253, 46, 59, 0, 0, 36.47%, 14, 7, 4, 582.00, 1915973, 31, 105374, 0
3027, 253, 5, 59, 0, 0, 36.47%, 14, 7, 4, 584.10, 1918809, 31, 105713, 0
3032, 253, 24, 59, 0, 0, 36.47%, 14, 7, 4, 669.22, 1922370, 31, 105817, 0
3037, 254, 46, 59, 0, 0, 36.47%, 14, 7, 4, 639.40, 1925525, 31, 106077, 0
3042, 254, 55, 59, 0, 0, 36.47%, 14, 7, 4, 619.49, 1928416, 31, 106427, 0
3047, 254, 46, 59, 0, 0, 36.47%, 14, 7, 4, 628.02, 1931660, 31, 106607, 0
3052, 254, 46, 59, 0, 0, 36.47%, 14, 7, 4, 584.45, 1934467, 31, 106975, 0
3057, 254, 46, 59, 0, 0, 36.47%, 14, 7, 4, 633.12, 1937644, 31, 107227, 0
3062, 254, 5, 59, 0, 0, 36.47%, 14, 7, 4, 530.84, 1940203, 31, 107517, 0
3067, 255, 55, 59, 0, 0, 36.47%, 14, 7, 4, 573.36, 1943195, 31, 107747, 0
3072, 255, 5, 59, 0, 0, 36.47%, 14, 7, 4, 474.44, 1945601, 31, 108160, 0
3077, 255, 46, 59, 0, 0, 36.47%, 14, 7, 4, 452.59, 1948039, 31, 108597, 0
3082, 255, 46, 59, 0, 0, 36.47%, 14, 7, 4, 537.61, 1950902, 31, 108870, 0
3087, 255, 55, 59, 0, 0, 36.47%, 14, 7, 4, 585.57, 1953872, 31, 109160, 0
3093, 255, 57, 59, 0, 0, 36.47%, 14, 7, 4, 550.24, 1956735, 31, 109572, 0
3098, 256, 39, 59, 0, 0, 36.47%, 14, 7, 4, 656.43, 1960262, 31, 109701, 0
3103, 256, 55, 59, 0, 0, 36.47%, 14, 7, 4, 602.45, 1963108, 31, 109974, 0
3108, 256, 46, 59, 0, 0, 36.47%, 14, 7, 4, 614.89, 1966357, 31, 110185, 0
3113, 257, 49, 59, 0, 0, 36.47%, 14, 7, 4, 610.22, 1969303, 31, 110493, 0
3118, 257, 46, 59, 0, 0, 36.47%, 14, 7, 4, 513.44, 1971818, 31, 110775, 0
3123, 257, 46, 59, 0, 0, 36.47%, 14, 7, 4, 582.38, 1974767, 31, 111020, 0
3128, 257, 45, 59, 0, 0, 36.47%, 14, 7, 4, 636.59, 1978019, 31, 111175, 0
3133, 258, 55, 59, 0, 0, 36.47%, 14, 7, 4, 575.03, 1980727, 31, 111335, 0
3138, 258, 13, 59, 0, 0, 36.47%, 14, 7, 4, 627.69, 1983971, 31, 111513, 0
3143, 258, 55, 59, 0, 0, 36.47%, 14, 7, 4, 651.08, 1987222, 31, 111646, 0
3149, 258, 56, 59, 0, 0, 36.47%, 14, 7, 4, 672.26, 1990736, 31, 111760, 0
3154, 259, 24, 59, 0, 0, 36.47%, 14, 7, 4, 602.38, 1993786, 31, 112038, 0
3159, 259, 46, 59, 0, 0, 36.47%, 14, 7, 4, 503.25, 1996546, 31, 112370, 0
3164, 259, 44, 59, 0, 0, 36.47%, 14, 7, 4, 619.30, 1999893, 31, 112537, 0
3169, 259, 46, 59, 0, 0, 36.47%, 14, 7, 4, 604.36, 2003006, 31, 112776, 0
3174, 259, 55, 59, 0, 0, 36.47%, 14, 7, 4, 628.78, 2006093, 31, 112985, 0
3179, 260, 7, 59, 0, 0, 36.47%, 14, 7, 4, 635.10, 2009220, 31, 113111, 0
3184, 260, 55, 59, 0, 0, 36.47%, 14, 7, 4, 653.86, 2012436, 31, 113333, 0
3189, 260, 46, 59, 0, 0, 36.47%, 14, 7, 4, 661.23, 2015855, 31, 113516, 0
3194, 261, 47, 59, 0, 0, 36.47%, 14, 7, 4, 567.85, 2018749, 31, 113704, 0
3199, 261, 46, 59, 0, 0, 36.47%, 14, 7, 4, 625.17, 2021878, 31, 113886, 0
3204, 261, 46, 59, 0, 0, 36.47%, 14, 7, 4, 567.57, 2024768, 31, 114200, 0
3210, 261, 46, 59, 0, 0, 36.47%, 14, 7, 4, 577.68, 2027817, 31, 114498, 0
3215, 261, 46, 59, 0, 0, 36.47%, 14, 7, 4, 605.63, 2030852, 31, 114711, 0
3220, 262, 54, 59, 0, 0, 36.47%, 14, 7, 4, 650.66, 2034124, 31, 114842, 0
3225, 262, 46, 60, 1, 0, 36.47%, 14, 7, 4, 466.11, 2036386, 31, 115156, 0
3230, 262, 46, 60, 1, 0, 36.47%, 14, 7, 4, 616.85, 2039734, 31, 115313, 0
3235, 262, 7, 60, 1, 0, 36.47%, 14, 7, 4, 705.00, 2043202, 31, 115485, 0
3240, 263, 55, 60, 1, 0, 36.47%, 14, 7, 4, 621.02, 2046120, 31, 115667, 0
3245, 263, 59, 60, 1, 0, 36.47%, 14, 7, 4, 328.69, 2047427, 31, 115669, 0
3251, 263, 44, 60, 0, 0, 36.47%, 14, 7, 4, 474.40, 2049843, 31, 116017, 0
3256, 263, 58, 60, 0, 0, 36.47%, 14, 7, 4, 481.90, 2052495, 31, 116337, 0
3261, 263, 44, 60, 0, 0, 36.47%, 14, 7, 4, 592.71, 2055706, 31, 116470, 0
3266, 263, 46, 60, 0, 0, 36.47%, 14, 7, 4, 484.53, 2058172, 31, 116789, 0
3271, 264, 41, 60, 0, 0, 36.47%, 14, 7, 4, 607.91, 2061353, 31, 117002, 0
3276, 264, 55, 60, 0, 0, 36.47%, 14, 7, 4, 620.94, 2064588, 31, 117141, 0
3281, 264, 46, 60, 0, 0, 36.47%, 14, 7, 4, 580.78, 2067467, 31, 117402, 0
3286, 264, 58, 60, 0, 0, 36.47%, 14, 7, 4, 562.14, 2070396, 31, 117588, 0
3292, 264, 36, 60, 0, 0, 36.47%, 14, 7, 4, 465.57, 2072360, 31, 118072, 0
3297, 265, 51, 60, 0, 0, 36.47%, 14, 7, 4, 592.33, 2075496, 31, 118287, 0
3302, 265, 8, 60, 0, 0, 36.47%, 14, 7, 4, 582.45, 2078278, 31, 118539, 0
3307, 265, 46, 60, 0, 0, 36.47%, 14, 7, 4, 514.91, 2080749, 31, 118928, 0
3312, 265, 7, 60, 0, 0, 36.47%, 14, 7, 4, 527.99, 2083192, 31, 119272, 0
3317, 265, 8, 60, 0, 0, 36.47%, 14, 7, 4, 599.51, 2086218, 31, 119508, 0
3322, 266, 60, 61, 1, 0, 36.47%, 14, 7, 4, 354.04, 2087984, 31, 119518, 0
3327, 266, 60, 62, 2, 0, 36.47%, 14, 7, 4, 199.87, 2088862, 31, 119536, 0
3332, 266, 61, 62, 1, 0, 36.47%, 14, 7, 4, 215.46, 2090037, 31, 119596, 0
3337, 266, 61, 62, 1, 0, 36.47%, 14, 7, 4, 174.62, 2090913, 31, 119596, 0
3343, 266, 46, 62, 0, 0, 36.47%, 14, 7, 4, 430.95, 2092981, 31, 119937, 0
3348, 266, 57, 62, 0, 0, 36.47%, 14, 7, 4, 465.75, 2095527, 31, 120245, 0
3353, 266, 61, 62, 0, 0, 36.47%, 14, 7, 4, 289.24, 2096927, 31, 120573, 0
3358, 266, 61, 62, 0, 0, 36.47%, 14, 7, 4, 171.02, 2097776, 31, 120698, 0
3363, 266, 61, 62, 0, 0, 36.47%, 14, 7, 4, 153.64, 2098547, 31, 120721, 0
3368, 266, 61, 62, 0, 0, 36.47%, 14, 7, 4, 167.98, 2099402, 31, 120791, 0
3373, 266, 61, 62, 0, 0, 36.47%, 14, 7, 4, 161.17, 2100209, 31, 120892, 0
3378, 266, 61, 62, 0, 0, 36.47%, 14, 7, 4, 152.19, 2100971, 31, 120952, 0
3383, 266, 61, 63, 1, 0, 37.65%, 14, 7, 4, 161.29, 2101837, 32, 121080, 0
3388, 266, 61, 63, 1, 0, 37.65%, 14, 7, 4, 144.50, 2102562, 32, 121330, 0
3393, 266, 61, 64, 2, 0, 37.65%, 14, 7, 4, 198.63, 2103652, 32, 121898, 0
3398, 266, 61, 64, 2, 0, 37.65%, 14, 7, 4, 213.82, 2104741, 32, 122494, 0
3403, 266, 62, 64, 2, 1, 37.65%, 14, 7, 4, 192.35, 2105740, 32, 122669, 0
3408, 266, 62, 64, 2, 1, 37.65%, 14, 7, 4, 172.21, 2106641, 32, 122695, 0
3413, 266, 62, 64, 2, 1, 37.65%, 14, 7, 4, 175.24, 2107536, 32, 122955, 0
3419, 266, 62, 64, 2, 1, 37.65%, 14, 7, 4, 173.65, 2108398, 32, 123028, 0
3424, 266, 62, 64, 2, 1, 37.65%, 14, 7, 4, 168.97, 2109245, 32, 123134, 0
3429, 266, 62, 64, 2, 1, 37.65%, 14, 7, 4, 157.21, 2110045, 32, 123358, 0
3434, 266, 61, 64, 1, 0, 37.65%, 14, 7, 4, 168.96, 2110883, 32, 123722, 0
3439, 266, 63, 64, 1, 0, 37.65%, 14, 7, 4, 272.65, 2112417, 32, 124064, 0
3444, 266, 63, 65, 2, 0, 37.65%, 14, 7, 4, 277.06, 2113866, 32, 124110, 0
3449, 266, 64, 65, 1, 0, 37.65%, 14, 7, 4, 303.42, 2115404, 32, 124294, 0
3454, 266, 64, 65, 1, 0, 37.65%, 14, 7, 4, 299.58, 2117024, 32, 124429, 0
3459, 266, 54, 65, 0, 0, 37.65%, 14, 7, 4, 334.44, 2118580, 32, 124935, 0
3464, 266, 62, 65, 0, 0, 37.65%, 14, 7, 4, 309.25, 2120106, 32, 125400, 0
3469, 267, 62, 66, 1, 0, 37.65%, 14, 7, 4, 304.07, 2121665, 32, 125860, 0
3474, 267, 60, 66, 1, 0, 37.65%, 14, 7, 4, 328.96, 2123323, 32, 126255, 0
3479, 267, 65, 66, 1, 0, 37.65%, 14, 7, 4, 232.83, 2124373, 32, 126400, 0
3485, 267, 22, 66, 0, 0, 37.65%, 14, 7, 4, 397.30, 2126245, 32, 126610, 0
3490, 267, 62, 66, 0, 0, 37.65%, 14, 7, 4, 308.10, 2127699, 32, 127114, 0
3495, 267, 40, 66, 0, 0, 37.65%, 14, 7, 4, 394.25, 2129468, 32, 127570, 0
3500, 267, 57, 66, 0, 0, 37.65%, 14, 7, 4, 286.72, 2130916, 32, 128008, 0
3505, 267, 62, 66, 0, 0, 37.65%, 14, 7, 4, 302.68, 2132433, 32, 128505, 0
3505, 267, 62, 66, 0, 0, 37.65%, 14, 7, 4, 0.00, 2132457, 32, 128515, 0
3510, 267, 62, 66, 0, 0, 37.65%, 14, 7, 4, 365.57, 2134194, 32, 128930, 0
3515, 267, 61, 66, 0, 0, 37.65%, 14, 7, 4, 276.70, 2135545, 32, 129552, 0
3520, 268, 62, 66, 0, 0, 37.65%, 14, 7, 4, 242.54, 2136643, 32, 129991, 0
3525, 268, 63, 66, 0, 0, 37.65%, 14, 7, 4, 270.17, 2138067, 32, 130438, 0
3530, 268, 62, 66, 0, 0, 37.65%, 14, 7, 4, 368.72, 2139809, 32, 130741, 0
3536, 268, 64, 66, 0, 0, 37.65%, 14, 7, 4, 298.16, 2141117, 32, 131209, 0
3541, 268, 62, 66, 0, 0, 37.65%, 14, 7, 4, 245.02, 2142395, 32, 131572, 0
3546, 268, 27, 66, 0, 0, 37.65%, 14, 7, 4, 265.97, 2143765, 32, 132040, 0
3551, 268, 62, 66, 0, 0, 37.65%, 14, 7, 4, 257.86, 2145090, 32, 132528, 0
3556, 268, 61, 66, 0, 0, 37.65%, 14, 7, 4, 196.86, 2146264, 32, 132909, 0
3561, 268, 61, 66, 0, 0, 37.65%, 14, 7, 4, 262.89, 2147645, 32, 133421, 0
3566, 268, 61, 66, 0, 0, 37.65%, 14, 7, 4, 219.35, 2148681, 32, 133898, 0
3571, 269, 61, 66, 0, 0, 37.65%, 14, 7, 4, 277.71, 2150039, 32, 134246, 0
3576, 269, 61, 66, 0, 0, 37.65%, 14, 7, 4, 381.82, 2151966, 32, 134617, 0
3581, 269, 61, 66, 0, 0, 37.65%, 14, 7, 4, 265.25, 2153169, 32, 135153, 0
3586, 269, 61, 66, 0, 0, 37.65%, 14, 7, 4, 265.43, 2154739, 32, 135690, 0
3591, 269, 24, 66, 0, 0, 37.65%, 14, 7, 4, 325.78, 2156167, 32, 136124, 0
3596, 269, 62, 66, 0, 0, 37.65%, 14, 7, 4, 259.12, 2157411, 32, 136508, 0
3601, 269, 24, 66, 0, 0, 37.65%, 14, 7, 4, 332.52, 2159149, 32, 137043, 0
3606, 269, 61, 66, 0, 0, 37.65%, 14, 7, 4, 285.70, 2160581, 32, 137609, 0
3612, 269, 61, 66, 0, 0, 37.65%, 14, 7, 4, 315.58, 2162238, 32, 138061, 0
3617, 270, 31, 66, 0, 0, 37.65%, 14, 7, 4, 270.72, 2163552, 32, 138307, 0
3622, 270, 62, 66, 0, 0, 37.65%, 14, 7, 4, 245.88, 2164928, 32, 138811, 0
3627, 270, 62, 66, 0, 0, 37.65%, 14, 7, 4, 290.12, 2166399, 32, 139277, 0
3632, 270, 64, 66, 0, 0, 37.65%, 14, 7, 4, 332.82, 2168070, 32, 139672, 0
3637, 270, 37, 66, 0, 0, 37.65%, 14, 7, 4, 350.35, 2169698, 32, 139999, 0
3642, 270, 61, 66, 0, 0, 37.65%, 14, 7, 4, 215.43, 2170636, 32, 140390, 0
3647, 270, 61, 66, 0, 0, 37.65%, 14, 7, 4, 260.45, 2172038, 32, 140768, 0
3652, 270, 61, 66, 0, 0, 37.65%, 14, 7, 4, 348.37, 2173804, 32, 141187, 0
3657, 270, 52, 66, 0, 0, 37.65%, 14, 7, 4, 389.64, 2175650, 32, 141679, 0
3663, 271, 60, 66, 0, 0, 37.65%, 14, 7, 4, 359.95, 2177682, 32, 142046, 0
3668, 271, 61, 66, 0, 0, 37.65%, 14, 7, 4, 243.10, 2178870, 32, 142472, 0
3673, 271, 63, 66, 0, 0, 37.65%, 14, 7, 4, 257.37, 2180147, 32, 142897, 0
3678, 271, 65, 66, 0, 0, 37.65%, 14, 7, 4, 290.42, 2181758, 32, 143297, 0
3683, 271, 61, 66, 0, 0, 37.65%, 14, 7, 4, 322.40, 2183417, 32, 143857, 0
3688, 271, 62, 66, 0, 0, 37.65%, 14, 7, 4, 291.87, 2185048, 32, 144320, 0
3693, 271, 61, 66, 0, 0, 37.65%, 14, 7, 4, 266.37, 2186441, 32, 144774, 0
3698, 271, 61, 66, 0, 0, 37.65%, 14, 7, 4, 236.04, 2187625, 32, 145168, 0
3703, 271, 5, 66, 0, 0, 37.65%, 14, 7, 4, 238.44, 2188805, 32, 145555, 0
3708, 271, 62, 66, 0, 0, 37.65%, 14, 7, 4, 195.62, 2189803, 32, 145950, 0
3714, 272, 58, 66, 0, 0, 37.65%, 14, 7, 4, 288.44, 2191411, 32, 146466, 0
3719, 272, 62, 66, 0, 0, 37.65%, 14, 7, 4, 259.97, 2192791, 32, 146962, 0
3724, 272, 61, 66, 0, 0, 37.65%, 14, 7, 4, 303.55, 2194309, 32, 147373, 0
3729, 272, 62, 66, 0, 0, 37.65%, 14, 7, 4, 341.81, 2196204, 32, 147734, 0
3734, 272, 35, 66, 0, 0, 37.65%, 14, 7, 4, 363.36, 2198016, 32, 148269, 0
3739, 272, 61, 66, 0, 0, 37.65%, 14, 7, 4, 266.51, 2199327, 32, 148792, 0
3744, 272, 62, 66, 0, 0, 37.65%, 14, 7, 4, 312.67, 2200821, 32, 149365, 0
3749, 272, 61, 66, 0, 0, 37.65%, 14, 7, 4, 283.92, 2202500, 32, 149777, 0
3754, 272, 64, 66, 0, 0, 37.65%, 14, 7, 4, 253.79, 2203887, 32, 150093, 0
3759, 273, 56, 66, 0, 0, 37.65%, 14, 7, 4, 359.25, 2205822, 32, 150560, 0
3764, 273, 65, 66, 0, 0, 37.65%, 14, 7, 4, 289.54, 2207228, 32, 151022, 0
3769, 273, 22, 66, 0, 0, 37.65%, 14, 7, 4, 296.39, 2208656, 32, 151488, 0
3775, 273, 33, 66, 0, 0, 37.65%, 14, 7, 4, 337.81, 2210327, 32, 151753, 0
3780, 273, 61, 66, 0, 0, 37.65%, 14, 7, 4, 299.38, 2211789, 32, 152271, 0
3785, 273, 61, 66, 0, 0, 37.65%, 14, 7, 4, 235.19, 2212995, 32, 152645, 0
3790, 273, 58, 66, 0, 0, 37.65%, 14, 7, 4, 236.92, 2214167, 32, 152958, 0
3795, 273, 64, 66, 0, 0, 37.65%, 14, 7, 4, 444.84, 2216619, 32, 153254, 0
3800, 273, 61, 66, 0, 0, 37.65%, 14, 7, 4, 323.32, 2218023, 32, 153724, 0
3805, 274, 61, 66, 0, 0, 37.65%, 14, 7, 4, 298.22, 2219571, 32, 154252, 0
3810, 274, 61, 66, 0, 0, 37.65%, 14, 7, 4, 257.52, 2220770, 32, 154813, 0
3815, 274, 60, 66, 0, 0, 37.65%, 14, 7, 4, 222.11, 2221878, 32, 155095, 0
3820, 274, 7, 66, 0, 0, 37.65%, 14, 7, 4, 345.41, 2223752, 32, 155554, 0
3825, 274, 61, 66, 0, 0, 37.65%, 14, 7, 4, 366.69, 2225719, 32, 155987, 0
3830, 274, 61, 66, 0, 0, 37.65%, 14, 7, 4, 242.69, 2226803, 32, 156356, 0
3835, 274, 61, 66, 0, 0, 37.65%, 14, 7, 4, 310.44, 2228367, 32, 156801, 0
3841, 274, 62, 66, 0, 0, 37.65%, 14, 7, 4, 299.91, 2229749, 32, 157231, 0
3846, 274, 46, 66, 0, 0, 37.65%, 14, 7, 4, 252.75, 2230823, 32, 157616, 0
3851, 274, 64, 66, 0, 0, 37.65%, 14, 7, 4, 319.13, 2232541, 32, 158186, 0
3856, 274, 61, 66, 0, 0, 37.65%, 14, 7, 4, 287.11, 2233995, 32, 158704, 0
3861, 275, 61, 66, 0, 0, 37.65%, 14, 7, 4, 268.85, 2235507, 32, 159064, 0
3866, 275, 62, 66, 0, 0, 37.65%, 14, 7, 4, 241.17, 2236603, 32, 159428, 0
3871, 275, 62, 66, 0, 0, 37.65%, 14, 7, 4, 260.95, 2238018, 32, 159753, 0
3876, 275, 61, 66, 0, 0, 37.65%, 14, 7, 4, 324.99, 2239902, 32, 160158, 0
3881, 275, 61, 66, 0, 0, 37.65%, 14, 7, 4, 310.46, 2241576, 32, 160578, 0
3887, 275, 34, 66, 0, 0, 37.65%, 14, 7, 4, 216.29, 2242554, 32, 160908, 0
3892, 275, 62, 66, 0, 0, 37.65%, 14, 7, 4, 274.12, 2243954, 32, 161309, 0
3897, 275, 53, 66, 0, 0, 37.65%, 14, 7, 4, 326.08, 2245518, 32, 161888, 0
3902, 275, 62, 66, 0, 0, 37.65%, 14, 7, 4, 265.87, 2246952, 32, 162350, 0
3907, 276, 54, 66, 0, 0, 37.65%, 14, 7, 4, 347.89, 2248833, 32, 162821, 0
3912, 276, 62, 66, 0, 0, 37.65%, 14, 7, 4, 279.91, 2250206, 32, 163162, 0
3917, 276, 61, 66, 0, 0, 37.65%, 14, 7, 4, 223.17, 2251309, 32, 163703, 0
3922, 276, 62, 66, 0, 0, 37.65%, 14, 7, 4, 286.03, 2252815, 32, 164125, 0
3927, 276, 0, 66, 0, 0, 37.65%, 14, 7, 4, 410.16, 2255173, 32, 164502, 0
3932, 276, 61, 66, 0, 0, 37.65%, 14, 7, 4, 303.91, 2256578, 32, 164935, 0
3937, 276, 61, 66, 0, 0, 37.65%, 14, 7, 4, 205.89, 2257516, 32, 165363, 0
3942, 276, 61, 66, 0, 0, 37.65%, 14, 7, 4, 261.50, 2258969, 32, 165787, 0
3947, 276, 61, 66, 0, 0, 37.65%, 14, 7, 4, 200.35, 2259912, 32, 166187, 0
3952, 277, 63, 66, 0, 0, 37.65%, 14, 7, 4, 256.95, 2261391, 32, 166503, 0
3957, 277, 61, 66, 0, 0, 37.65%, 14, 7, 4, 246.32, 2262735, 32, 166846, 0
3963, 277, 61, 66, 0, 0, 37.65%, 14, 7, 4, 285.67, 2264263, 32, 167125, 0
3968, 277, 61, 66, 0, 0, 37.65%, 14, 7, 4, 273.28, 2265775, 32, 167652, 0
3973, 277, 37, 66, 0, 0, 37.65%, 15, 7, 4, 336.29, 2267452, 32, 168044, 0
3978, 277, 62, 66, 0, 0, 37.65%, 15, 7, 4, 217.12, 2268510, 32, 168451, 0
3983, 277, 62, 66, 0, 0, 37.65%, 15, 7, 4, 210.02, 2269538, 32, 168823, 0
3988, 277, 62, 66, 0, 0, 37.65%, 15, 7, 4, 187.99, 2270483, 32, 169302, 0
3993, 277, 62, 66, 0, 0, 37.65%, 15, 7, 4, 314.42, 2272142, 32, 169781, 0
3998, 277, 61, 66, 0, 0, 37.65%, 15, 7, 4, 346.24, 2273867, 32, 170221, 0
4003, 278, 64, 66, 0, 0, 37.65%, 15, 7, 4, 306.03, 2275430, 32, 170570, 0
4008, 278, 62, 66, 0, 0, 37.65%, 15, 7, 4, 237.09, 2276620, 32, 170962, 0
4013, 278, 57, 66, 0, 0, 37.65%, 15, 7, 4, 296.31, 2278270, 32, 171534, 0
4018, 278, 60, 66, 0, 0, 37.65%, 15, 7, 4, 344.60, 2280152, 32, 171855, 0
4024, 278, 62, 66, 0, 0, 37.65%, 15, 7, 4, 267.01, 2281425, 32, 172345, 0
4029, 278, 62, 66, 0, 0, 37.65%, 15, 7, 4, 345.77, 2283112, 32, 172715, 0
4034, 278, 62, 66, 0, 0, 37.65%, 15, 7, 4, 327.87, 2284694, 32, 173091, 0
4039, 278, 62, 66, 0, 0, 37.65%, 15, 7, 4, 217.83, 2285744, 32, 173478, 0
4044, 278, 62, 66, 0, 0, 37.65%, 15, 7, 4, 236.12, 2287134, 32, 173842, 0
4049, 278, 61, 66, 0, 0, 37.65%, 15, 7, 4, 222.70, 2288358, 32, 174226, 0
4054, 279, 62, 66, 0, 0, 37.65%, 15, 7, 4, 312.71, 2290036, 32, 174631, 0
4059, 279, 62, 66, 0, 0, 37.65%, 15, 7, 4, 224.14, 2291086, 32, 175098, 0
4064, 279, 61, 66, 0, 0, 37.65%, 15, 7, 4, 217.80, 2292214, 32, 175498, 0
4069, 279, 5, 66, 0, 0, 37.65%, 15, 7, 4, 348.33, 2293852, 32, 175789, 0
4075, 279, 62, 66, 0, 0, 37.65%, 15, 7, 4, 281.85, 2295451, 32, 176116, 0
4080, 279, 62, 66, 0, 0, 37.65%, 15, 7, 4, 302.01, 2296954, 32, 176481, 0
4085, 279, 65, 66, 0, 0, 37.65%, 15, 7, 4, 284.68, 2298223, 32, 176877, 0
4090, 279, 61, 66, 0, 0, 37.65%, 15, 7, 4, 263.37, 2299441, 32, 177360, 0
4095, 279, 62, 66, 0, 0, 37.65%, 15, 7, 4, 261.91, 2300791, 32, 177725, 0
4100, 279, 7, 66, 0, 0, 37.65%, 15, 7, 4, 335.95, 2302253, 32, 178154, 0
4105, 280, 59, 66, 0, 0, 37.65%, 15, 7, 4, 343.38, 2303911, 32, 178689, 0
4110, 280, 62, 66, 0, 0, 37.65%, 15, 7, 4, 372.46, 2305794, 32, 179086, 0
4115, 280, 62, 66, 0, 0, 37.65%, 15, 7, 4, 399.66, 2307893, 32, 179471, 0
4120, 280, 62, 66, 0, 0, 37.65%, 15, 7, 4, 273.38, 2309049, 32, 179817, 0
4126, 280, 62, 66, 0, 0, 37.65%, 15, 7, 4, 314.59, 2310630, 32, 180246, 0
4131, 280, 7, 66, 0, 0, 37.65%, 15, 7, 4, 264.10, 2311906, 32, 180682, 0
4136, 280, 62, 66, 0, 0, 37.65%, 15, 7, 4, 250.16, 2313141, 32, 181030, 0
4141, 280, 62, 66, 0, 0, 37.65%, 15, 7, 4, 271.19, 2314836, 32, 181352, 0
4146, 281, 61, 66, 0, 0, 37.65%, 15, 7, 4, 250.97, 2316228, 32, 181780, 0
4151, 281, 0, 66, 0, 0, 37.65%, 15, 7, 4, 245.43, 2317410, 32, 182287, 0
4156, 281, 61, 66, 0, 0, 37.65%, 15, 7, 4, 242.43, 2318674, 32, 182600, 0
4161, 281, 62, 66, 0, 0, 37.65%, 15, 7, 4, 285.50, 2320313, 32, 182994, 0
4166, 281, 61, 66, 0, 0, 37.65%, 15, 7, 4, 249.37, 2321628, 32, 183501, 0
4171, 281, 61, 66, 0, 0, 37.65%, 15, 7, 4, 296.81, 2323063, 32, 183820, 0
4176, 281, 24, 66, 0, 0, 37.65%, 15, 7, 4, 393.80, 2325041, 32, 184044, 0
4181, 281, 61, 66, 0, 0, 37.65%, 15, 7, 4, 301.45, 2326589, 32, 184454, 0
4186, 281, 62, 66, 0, 0, 37.65%, 15, 7, 4, 176.05, 2327964, 32, 184951, 0
4192, 282, 62, 66, 0, 0, 37.65%, 15, 7, 4, 230.93, 2329237, 32, 185365, 0
4197, 282, 62, 66, 0, 0, 37.65%, 15, 7, 4, 273.71, 2330844, 32, 185887, 0
4202, 282, 61, 66, 0, 0, 37.65%, 15, 7, 4, 241.91, 2332037, 32, 186379, 0
4207, 282, 61, 66, 0, 0, 37.65%, 15, 7, 4, 236.75, 2333329, 32, 186756, 0
4212, 282, 61, 66, 0, 0, 37.65%, 15, 7, 4, 234.08, 2334537, 32, 187246, 0
4217, 282, 61, 66, 0, 0, 37.65%, 15, 7, 4, 253.87, 2335701, 32, 187704, 0
4222, 282, 24, 66, 0, 0, 37.65%, 15, 7, 4, 334.22, 2337511, 32, 188356, 0
4227, 282, 62, 66, 0, 0, 37.65%, 15, 7, 4, 292.08, 2339056, 32, 188855, 0
4232, 282, 63, 66, 0, 0, 37.65%, 15, 7, 4, 367.50, 2340744, 32, 189373, 0
4237, 282, 62, 66, 0, 0, 37.65%, 15, 7, 4, 312.23, 2342217, 32, 189876, 0
4242, 283, 61, 66, 0, 0, 37.65%, 15, 7, 4, 226.85, 2343339, 32, 190344, 0
4247, 283, 62, 66, 0, 0, 37.65%, 15, 7, 4, 211.74, 2344379, 32, 190787, 0
4253, 283, 62, 66, 0, 0, 37.65%, 15, 7, 4, 258.74, 2345757, 32, 191263, 0
4258, 283, 62, 66, 0, 0, 37.65%, 15, 7, 4, 299.10, 2347262, 32, 191947, 0
4263, 283, 62, 66, 0, 0, 37.65%, 15, 7, 4, 305.51, 2348803, 32, 192520, 0
4268, 283, 61, 66, 0, 0, 37.65%, 15, 7, 4, 190.93, 2349862, 32, 193022, 0
4273, 283, 61, 66, 0, 0, 37.65%, 15, 7, 4, 231.36, 2351079, 32, 193570, 0
4278, 283, 61, 66, 0, 0, 37.65%, 15, 7, 4, 226.26, 2352263, 32, 194073, 0
4283, 283, 61, 66, 0, 0, 37.65%, 15, 7, 4, 239.99, 2353455, 32, 194494, 0
4288, 283, 61, 66, 0, 0, 37.65%, 15, 7, 4, 238.83, 2354699, 32, 195058, 0
4293, 283, 62, 66, 0, 0, 37.65%, 15, 7, 4, 238.93, 2355867, 32, 195523, 0
4298, 283, 61, 66, 0, 0, 37.65%, 15, 7, 4, 317.44, 2357631, 32, 195938, 0
4303, 284, 51, 66, 0, 0, 37.65%, 15, 7, 4, 375.33, 2359437, 32, 196426, 0
4308, 284, 50, 66, 0, 0, 37.65%, 15, 7, 4, 318.01, 2360997, 32, 196968, 0
4313, 284, 62, 66, 0, 0, 37.65%, 15, 7, 4, 267.85, 2362504, 32, 197416, 0
4319, 284, 62, 66, 0, 0, 37.65%, 15, 7, 4, 217.09, 2364027, 32, 197926, 0
4324, 284, 62, 66, 0, 0, 37.65%, 15, 7, 4, 267.32, 2365356, 32, 198278, 0
4329, 284, 60, 66, 0, 0, 37.65%, 15, 7, 4, 316.66, 2366985, 32, 198784, 0
4334, 284, 62, 66, 0, 0, 37.65%, 15, 7, 4, 282.48, 2368298, 32, 199247, 0
4339, 284, 61, 66, 0, 0, 37.65%, 15, 7, 4, 308.65, 2369841, 32, 199630, 0
4344, 285, 46, 66, 0, 0, 37.65%, 15, 7, 4, 462.94, 2372461, 32, 199879, 0
4349, 285, 57, 66, 0, 0, 37.65%, 15, 7, 4, 350.85, 2374089, 32, 200401, 0
4354, 285, 61, 66, 0, 0, 37.65%, 15, 7, 4, 320.46, 2375739, 32, 200867, 0
4359, 285, 62, 66, 0, 0, 37.65%, 15, 7, 4, 242.11, 2376925, 32, 201391, 0
4364, 285, 62, 66, 0, 0, 37.65%, 15, 7, 4, 269.49, 2378355, 32, 201911, 0
4369, 285, 61, 66, 0, 0, 37.65%, 15, 7, 4, 246.48, 2379457, 32, 202335, 0
4374, 285, 64, 66, 0, 0, 37.65%, 15, 7, 4, 295.06, 2380905, 32, 202792, 0
4380, 285, 61, 66, 0, 0, 37.65%, 15, 7, 4, 276.13, 2382426, 32, 203179, 0
4385, 285, 61, 66, 0, 0, 37.65%, 15, 7, 4, 363.20, 2384322, 32, 203405, 0
4390, 286, 62, 66, 0, 0, 37.65%, 15, 7, 4, 267.99, 2385604, 32, 203892, 0
4395, 286, 62, 66, 0, 0, 37.65%, 15, 7, 4, 220.00, 2386761, 32, 204279, 0
4400, 286, 61, 66, 0, 0, 37.65%, 15, 7, 4, 224.04, 2387920, 32, 204630, 0
4405, 286, 61, 66, 0, 0, 37.65%, 15, 7, 4, 312.32, 2389699, 32, 205143, 0
4410, 286, 62, 66, 0, 0, 37.65%, 15, 7, 4, 357.18, 2391468, 32, 205500, 0
4415, 286, 62, 66, 0, 0, 37.65%, 15, 7, 4, 159.20, 2392995, 32, 205979, 0
4420, 286, 13, 66, 0, 0, 37.65%, 15, 7, 4, 253.88, 2394289, 32, 206392, 0
4425, 286, 49, 66, 0, 0, 37.65%, 15, 7, 4, 400.90, 2396476, 32, 206704, 0
4430, 286, 64, 66, 0, 0, 37.65%, 15, 7, 4, 351.03, 2398285, 32, 207090, 0
4436, 287, 62, 66, 0, 0, 37.65%, 15, 7, 4, 381.31, 2400445, 32, 207450, 0
4441, 287, 62, 66, 0, 0, 37.65%, 15, 7, 4, 252.87, 2401689, 32, 207898, 0
4446, 287, 62, 66, 0, 0, 37.65%, 15, 7, 4, 203.82, 2402645, 32, 208331, 0
4451, 287, 65, 66, 0, 0, 37.65%, 15, 7, 4, 307.94, 2404119, 32, 208751, 0
4456, 287, 61, 66, 0, 0, 37.65%, 15, 7, 4, 505.70, 2406971, 32, 209076, 0
4461, 287, 62, 66, 0, 0, 37.65%, 15, 7, 4, 339.91, 2408329, 32, 209607, 0
4466, 287, 61, 66, 0, 0, 37.65%, 15, 7, 4, 147.74, 2409569, 32, 210102, 0
4471, 287, 53, 66, 0, 0, 37.65%, 15, 7, 4, 294.48, 2411001, 32, 210459, 0
4476, 288, 61, 66, 0, 0, 37.65%, 15, 7, 4, 386.80, 2413196, 32, 210885, 0
4481, 288, 61, 66, 0, 0, 37.65%, 15, 7, 4, 319.24, 2414793, 32, 211389, 0
4486, 288, 61, 66, 0, 0, 37.65%, 15, 7, 4, 305.86, 2416245, 32, 211909, 0
4492, 288, 62, 66, 0, 0, 37.65%, 15, 7, 4, 305.16, 2418099, 32, 212282, 0
4497, 288, 8, 66, 0, 0, 37.65%, 15, 7, 4, 291.74, 2419500, 32, 212543, 0
4502, 288, 62, 66, 0, 0, 37.65%, 15, 7, 4, 286.71, 2421247, 32, 212927, 0
4507, 288, 61, 66, 0, 0, 37.65%, 15, 7, 4, 258.92, 2422576, 32, 213345, 0
4512, 288, 62, 66, 0, 0, 37.65%, 15, 7, 4, 285.03, 2423924, 32, 213684, 0
4517, 288, 62, 66, 0, 0, 37.65%, 15, 7, 4, 204.63, 2425209, 32, 214191, 0
4522, 288, 62, 66, 0, 0, 37.65%, 15, 7, 4, 224.23, 2426349, 32, 214721, 0
4527, 288, 61, 66, 0, 0, 37.65%, 15, 7, 4, 287.92, 2427971, 32, 215145, 0
4532, 289, 8, 66, 0, 0, 37.65%, 15, 7, 4, 249.23, 2429205, 32, 215586, 0
4538, 289, 61, 66, 0, 0, 37.65%, 15, 7, 4, 247.88, 2430442, 32, 215966, 0
4543, 289, 24, 66, 0, 0, 37.65%, 15, 7, 4, 374.97, 2432462, 32, 216304, 0
4548, 289, 61, 66, 0, 0, 37.65%, 15, 7, 4, 328.81, 2434314, 32, 216694, 0
4553, 289, 62, 66, 0, 0, 37.65%, 15, 7, 4, 260.99, 2435533, 32, 216976, 0
4558, 289, 5, 66, 0, 0, 37.65%, 15, 7, 4, 300.01, 2437054, 32, 217472, 0
4563, 289, 62, 66, 0, 0, 37.65%, 15, 7, 4, 222.63, 2438156, 32, 217945, 0
4568, 289, 62, 66, 0, 0, 37.65%, 15, 7, 4, 222.45, 2439324, 32, 218476, 0
4573, 290, 61, 66, 0, 0, 37.65%, 15, 7, 4, 369.11, 2441343, 32, 218846, 0
4578, 290, 61, 66, 0, 0, 37.65%, 15, 7, 4, 441.10, 2443476, 32, 219186, 0
4583, 290, 64, 66, 0, 0, 37.65%, 15, 7, 4, 279.91, 2444613, 32, 219465, 0
4589, 290, 57, 66, 0, 0, 37.65%, 15, 7, 4, 336.20, 2446360, 32, 219859, 0
4594, 290, 61, 66, 0, 0, 37.65%, 15, 7, 4, 220.81, 2447460, 32, 220297, 0
4599, 290, 62, 66, 0, 0, 37.65%, 15, 7, 4, 308.93, 2449054, 32, 220780, 0
4604, 290, 61, 66, 0, 0, 37.65%, 15, 7, 4, 301.00, 2450492, 32, 221336, 0
4609, 290, 51, 66, 0, 0, 37.65%, 15, 7, 4, 309.80, 2451998, 32, 221828, 0
4614, 290, 62, 66, 0, 0, 37.65%, 15, 7, 4, 290.61, 2453279, 32, 222222, 0
4619, 291, 58, 66, 0, 0, 37.65%, 15, 7, 4, 396.80, 2455176, 32, 222622, 0
4624, 291, 62, 66, 0, 0, 37.65%, 15, 7, 4, 277.07, 2456434, 32, 223194, 0
4629, 291, 61, 66, 0, 0, 37.65%, 15, 7, 4, 258.89, 2457654, 32, 223637, 0
4634, 291, 62, 66, 0, 0, 37.65%, 15, 7, 4, 339.21, 2459360, 32, 223910, 0
4640, 291, 8, 66, 0, 0, 37.65%, 15, 7, 4, 378.76, 2461183, 32, 224192, 0
4645, 291, 62, 66, 0, 0, 37.65%, 15, 7, 4, 280.28, 2462480, 32, 224704, 0
4650, 291, 24, 66, 0, 0, 37.65%, 15, 7, 4, 357.83, 2464226, 32, 225076, 0
4655, 291, 52, 66, 0, 0, 37.65%, 15, 7, 4, 378.25, 2465931, 32, 225521, 0
4660, 292, 54, 66, 0, 0, 37.65%, 15, 7, 4, 331.77, 2467552, 32, 226020, 0
4665, 292, 38, 66, 0, 0, 37.65%, 15, 7, 4, 305.79, 2469207, 32, 226317, 0
4665, 292, 38, 66, 0, 0, 37.65%, 15, 7, 4, 0.00, 2469213, 32, 226317, 0
4670, 292, 52, 66, 0, 0, 37.65%, 15, 7, 4, 478.41, 2471154, 32, 226791, 0
4675, 292, 61, 66, 0, 0, 37.65%, 15, 7, 4, 427.86, 2473247, 32, 227268, 0
4680, 292, 65, 66, 0, 0, 37.65%, 15, 7, 4, 297.74, 2474427, 32, 227636, 0
4685, 292, 24, 66, 0, 0, 37.65%, 15, 7, 4, 266.28, 2475783, 32, 228074, 0
4691, 292, 61, 66, 0, 0, 37.65%, 15, 7, 4, 221.62, 2476811, 32, 228527, 0
4696, 292, 62, 66, 0, 0, 37.65%, 15, 7, 4, 313.85, 2478225, 32, 228944, 0
4701, 292, 52, 66, 0, 0, 37.65%, 15, 7, 4, 298.65, 2479540, 32, 229383, 0
4706, 292, 62, 66, 0, 0, 37.65%, 15, 7, 4, 287.40, 2481078, 32, 229975, 0
4711, 293, 61, 66, 0, 0, 37.65%, 15, 7, 4, 320.33, 2482821, 32, 230354, 0
4716, 293, 65, 66, 0, 0, 37.65%, 15, 7, 4, 273.61, 2484239, 32, 230933, 0
4721, 293, 61, 66, 0, 0, 37.65%, 15, 7, 4, 298.35, 2485907, 32, 231481, 0
4726, 293, 62, 66, 0, 0, 37.65%, 15, 7, 4, 268.54, 2487159, 32, 231940, 0
4731, 293, 5, 66, 0, 0, 37.65%, 15, 7, 4, 389.99, 2488996, 32, 232354, 0
4736, 293, 61, 66, 0, 0, 37.65%, 15, 7, 4, 289.45, 2490489, 32, 232742, 0
4741, 293, 61, 66, 0, 0, 37.65%, 15, 7, 4, 272.31, 2491814, 32, 233214, 0
4746, 293, 61, 66, 0, 0, 37.65%, 15, 7, 4, 263.27, 2493244, 32, 233708, 0
4751, 293, 55, 66, 0, 0, 37.65%, 15, 7, 4, 332.55, 2494900, 32, 234151, 0
4756, 294, 55, 66, 0, 0, 37.65%, 15, 7, 4, 370.33, 2496819, 32, 234474, 0
4762, 294, 62, 66, 0, 0, 37.65%, 15, 7, 4, 391.63, 2498679, 32, 234926, 0
4767, 294, 62, 66, 0, 0, 37.65%, 15, 7, 4, 285.06, 2500046, 32, 235479, 0
4772, 294, 55, 66, 0, 0, 37.65%, 15, 7, 4, 373.98, 2501636, 32, 235766, 0
4777, 294, 62, 66, 0, 0, 37.65%, 15, 7, 4, 410.22, 2503722, 32, 236165, 0
4782, 294, 61, 66, 0, 0, 37.65%, 15, 7, 4, 276.67, 2504930, 32, 236645, 0
4787, 294, 61, 66, 0, 0, 37.65%, 15, 7, 4, 338.41, 2506565, 32, 237058, 0
4792, 295, 61, 67, 1, 0, 37.65%, 15, 7, 4, 427.40, 2508719, 32, 237506, 0
4797, 295, 62, 67, 1, 0, 37.65%, 15, 7, 4, 312.45, 2510007, 32, 237966, 0
4802, 295, 62, 67, 0, 0, 37.65%, 15, 7, 4, 310.61, 2511627, 32, 238246, 0
4807, 295, 51, 67, 0, 0, 37.65%, 15, 7, 4, 285.84, 2512885, 32, 238643, 0
4812, 295, 24, 67, 0, 0, 37.65%, 15, 7, 4, 364.34, 2514708, 32, 239130, 0
4818, 295, 62, 67, 0, 0, 37.65%, 15, 7, 4, 257.56, 2515967, 32, 239631, 0
4823, 295, 62, 67, 0, 0, 37.65%, 15, 7, 4, 273.07, 2517350, 32, 240072, 0
4828, 295, 40, 67, 0, 0, 37.65%, 15, 7, 4, 346.24, 2518978, 32, 240430, 0
4833, 296, 34, 67, 0, 0, 37.65%, 15, 7, 4, 421.55, 2520972, 32, 240770, 0
4838, 296, 61, 67, 0, 0, 37.65%, 15, 7, 4, 293.64, 2522306, 32, 241260, 0
4843, 296, 61, 67, 0, 0, 37.65%, 15, 7, 4, 279.78, 2523679, 32, 241622, 0
4848, 296, 64, 67, 0, 0, 37.65%, 15, 7, 4, 266.62, 2525034, 32, 241951, 0
4853, 296, 61, 67, 0, 0, 37.65%, 15, 7, 4, 346.45, 2526634, 32, 242205, 0
4858, 296, 61, 67, 0, 0, 37.65%, 15, 7, 4, 275.49, 2527852, 32, 242620, 0
4863, 296, 5, 67, 0, 0, 37.65%, 15, 7, 4, 369.66, 2529653, 32, 242909, 0
4868, 296, 62, 67, 0, 0, 37.65%, 15, 7, 4, 298.41, 2531114, 32, 243423, 0
4873, 296, 62, 67, 0, 0, 37.65%, 15, 7, 4, 394.15, 2532877, 32, 243819, 0
4879, 297, 61, 67, 0, 0, 37.65%, 15, 7, 4, 277.02, 2534165, 32, 244265, 0
4884, 297, 61, 67, 0, 0, 37.65%, 15, 7, 4, 271.18, 2535470, 32, 244843, 0
4889, 297, 63, 67, 0, 0, 37.65%, 15, 7, 4, 347.49, 2537312, 32, 245264, 0
4894, 297, 62, 67, 0, 0, 37.65%, 15, 7, 4, 261.54, 2538518, 32, 245705, 0
4899, 297, 57, 67, 0, 0, 37.65%, 15, 7, 4, 299.63, 2539986, 32, 246195, 0
4904, 297, 62, 67, 0, 0, 37.65%, 15, 7, 4, 199.03, 2540910, 32, 246638, 0
4909, 297, 62, 67, 0, 0, 37.65%, 15, 7, 4, 217.01, 2541953, 32, 247057, 0
4914, 297, 62, 67, 0, 0, 37.65%, 15, 7, 4, 305.43, 2543726, 32, 247569, 0
4919, 297, 0, 67, 0, 0, 37.65%, 15, 7, 4, 239.73, 2544932, 32, 248089, 0
4924, 297, 62, 67, 0, 0, 37.65%, 15, 7, 4, 247.19, 2546196, 32, 248434, 0
4929, 297, 62, 67, 0, 0, 37.65%, 15, 7, 4, 215.37, 2547240, 32, 248906, 0
4934, 297, 61, 67, 0, 0, 37.65%, 15, 7, 4, 285.98, 2548673, 32, 249445, 0
4939, 298, 27, 67, 0, 0, 37.65%, 15, 7, 4, 332.05, 2550246, 32, 249798, 0
4944, 298, 62, 67, 0, 0, 37.65%, 15, 7, 4, 234.50, 2551400, 32, 250084, 0
4950, 298, 5, 67, 0, 0, 37.65%, 15, 7, 4, 396.00, 2553682, 32, 250345, 0
4955, 298, 62, 67, 0, 0, 37.65%, 15, 7, 4, 296.62, 2555051, 32, 250846, 0
4960, 298, 61, 67, 0, 0, 37.65%, 15, 7, 4, 240.62, 2556248, 32, 251389, 0
4965, 298, 62, 67, 0, 0, 37.65%, 15, 7, 4, 269.58, 2557656, 32, 251857, 0
4970, 298, 61, 67, 0, 0, 37.65%, 15, 7, 4, 264.03, 2559031, 32, 252251, 0
4975, 298, 61, 67, 0, 0, 37.65%, 15, 7, 4, 308.10, 2560738, 32, 252676, 0
4980, 298, 62, 67, 0, 0, 37.65%, 15, 7, 4, 251.04, 2562055, 32, 253232, 0
4985, 299, 62, 67, 0, 0, 37.65%, 15, 7, 4, 288.57, 2563575, 32, 253675, 0
4990, 299, 62, 67, 0, 0, 37.65%, 15, 7, 4, 299.53, 2565000, 32, 254147, 0
4995, 299, 62, 67, 0, 0, 37.65%, 15, 7, 4, 360.60, 2566820, 32, 254647, 0
5000, 299, 61, 67, 0, 0, 37.65%, 15, 7, 4, 261.27, 2568108, 32, 255173, 0
5005, 299, 57, 67, 0, 0, 37.65%, 15, 7, 4, 325.14, 2569794, 32, 255569, 0
5010, 299, 61, 67, 0, 0, 37.65%, 15, 7, 4, 221.20, 2570876, 32, 256010, 0
5016, 299, 49, 67, 0, 0, 37.65%, 15, 7, 4, 342.55, 2572586, 32, 256413, 0
5021, 299, 61, 67, 0, 0, 37.65%, 15, 7, 4, 233.47, 2573752, 32, 256739, 0
5026, 299, 0, 67, 0, 0, 37.65%, 15, 7, 4, 399.25, 2575799, 32, 257022, 0
5031, 299, 60, 67, 0, 0, 37.65%, 15, 7, 4, 354.79, 2577597, 32, 257393, 0
5036, 300, 62, 67, 0, 0, 37.65%, 15, 7, 4, 250.36, 2578801, 32, 257820, 0
5041, 300, 61, 67, 0, 0, 37.65%, 15, 7, 4, 259.63, 2580278, 32, 258196, 0
5046, 300, 61, 67, 0, 0, 37.65%, 15, 7, 4, 312.78, 2581796, 32, 258711, 0
5051, 300, 66, 67, 0, 0, 37.65%, 15, 7, 4, 344.17, 2583508, 32, 259148, 0
5056, 300, 61, 67, 0, 0, 37.65%, 15, 7, 4, 290.10, 2585052, 32, 259564, 0
5061, 300, 61, 67, 0, 0, 37.65%, 15, 7, 4, 305.58, 2586675, 32, 259935, 0
5066, 300, 61, 67, 0, 0, 37.65%, 15, 7, 4, 276.01, 2588164, 32, 260495, 0
5072, 300, 59, 67, 0, 0, 37.65%, 15, 7, 4, 345.43, 2590029, 32, 260934, 0
5077, 301, 61, 67, 0, 0, 37.65%, 15, 7, 4, 331.13, 2591485, 32, 261335, 0
5082, 301, 61, 67, 0, 0, 37.65%, 15, 7, 4, 281.45, 2593020, 32, 261847, 0
5087, 301, 0, 67, 0, 0, 37.65%, 15, 7, 4, 235.99, 2594213, 32, 262284, 0
5092, 301, 55, 67, 0, 0, 37.65%, 15, 7, 4, 329.08, 2595803, 32, 262760, 0
5097, 301, 61, 67, 0, 0, 37.65%, 15, 7, 4, 276.02, 2597362, 32, 263111, 0
5102, 301, 62, 67, 0, 0, 37.65%, 15, 7, 4, 261.24, 2598527, 32, 263480, 0
5107, 301, 64, 67, 0, 0, 37.65%, 15, 7, 4, 286.90, 2599982, 32, 263768, 0
5112, 301, 62, 67, 0, 0, 37.65%, 15, 7, 4, 206.70, 2600991, 32, 264085, 0
5117, 301, 61, 67, 0, 0, 37.65%, 15, 7, 4, 487.93, 2602613, 32, 264469, 0
5123, 301, 65, 67, 0, 0, 37.65%, 15, 7, 4, 362.47, 2604100, 32, 264842, 0
5128, 301, 31, 67, 0, 0, 37.65%, 15, 7, 4, 273.40, 2605563, 32, 265217, 0
5133, 302, 8, 67, 0, 0, 37.65%, 15, 7, 4, 267.15, 2607128, 32, 265666, 0
5138, 302, 62, 67, 0, 0, 37.65%, 15, 7, 4, 379.80, 2609014, 32, 265953, 0
5143, 302, 61, 67, 0, 0, 37.65%, 15, 7, 4, 311.66, 2610691, 32, 266478, 0
5148, 302, 61, 67, 0, 0, 37.65%, 15, 7, 4, 288.69, 2611976, 32, 267050, 0
5153, 302, 62, 67, 0, 0, 37.65%, 15, 7, 4, 347.89, 2613619, 32, 267643, 0
5158, 302, 61, 67, 0, 0, 37.65%, 15, 7, 4, 357.64, 2615461, 32, 268115, 0
5164, 302, 61, 67, 0, 0, 37.65%, 15, 7, 4, 302.46, 2616917, 32, 268467, 0
5169, 302, 61, 67, 0, 0, 37.65%, 15, 7, 4, 311.47, 2618585, 32, 269006, 0
5174, 302, 62, 67, 0, 0, 37.65%, 15, 7, 4, 262.50, 2619980, 32, 269497, 0
5179, 303, 61, 67, 0, 0, 37.65%, 15, 7, 4, 213.18, 2621103, 32, 269966, 0
5184, 303, 62, 67, 0, 0, 37.65%, 15, 7, 4, 237.31, 2622335, 32, 270300, 0
5189, 303, 58, 67, 0, 0, 37.65%, 15, 7, 4, 336.17, 2623923, 32, 270718, 0
5194, 303, 62, 67, 0, 0, 37.65%, 15, 7, 4, 275.46, 2625275, 32, 271103, 0
5199, 303, 62, 67, 0, 0, 37.65%, 15, 7, 4, 351.00, 2627022, 32, 271539, 0
5204, 303, 0, 67, 0, 0, 37.65%, 15, 7, 4, 341.79, 2628793, 32, 271959, 0
5209, 303, 62, 67, 0, 0, 37.65%, 15, 7, 4, 252.36, 2630090, 32, 272394, 0
5214, 303, 62, 67, 0, 0, 37.65%, 15, 7, 4, 239.01, 2631251, 32, 272809, 0
5219, 303, 62, 67, 0, 0, 37.65%, 15, 7, 4, 223.60, 2632427, 32, 273288, 0
5225, 303, 61, 67, 0, 0, 37.65%, 15, 7, 4, 332.35, 2634187, 32, 273770, 0
5230, 303, 62, 67, 0, 0, 37.65%, 15, 7, 4, 240.82, 2635351, 32, 274219, 0
5235, 304, 62, 67, 0, 0, 37.65%, 15, 7, 4, 247.87, 2636635, 32, 274621, 0
5240, 304, 61, 67, 0, 0, 37.65%, 15, 7, 4, 264.39, 2637930, 32, 275142, 0
5245, 304, 61, 67, 0, 0, 37.65%, 15, 7, 4, 278.10, 2639424, 32, 275595, 0
5250, 304, 62, 67, 0, 0, 37.65%, 15, 7, 4, 305.80, 2640933, 32, 276101, 0
5255, 304, 61, 67, 0, 0, 37.65%, 15, 7, 4, 288.32, 2642350, 32, 276665, 0
5260, 304, 61, 67, 0, 0, 37.65%, 15, 7, 4, 418.69, 2644561, 32, 277104, 0
5265, 304, 0, 67, 0, 0, 37.65%, 15, 7, 4, 372.01, 2646223, 32, 277539, 0
5270, 304, 61, 67, 0, 0, 37.65%, 15, 7, 4, 270.12, 2647534, 32, 278081, 0
5275, 304, 62, 67, 0, 0, 37.65%, 15, 7, 4, 308.50, 2649037, 32, 278494, 0
5280, 304, 62, 67, 0, 0, 37.65%, 15, 7, 4, 304.38, 2650531, 32, 278964, 0
5285, 305, 61, 67, 0, 0, 37.65%, 15, 7, 4, 281.05, 2651931, 32, 279516, 0
5290, 305, 61, 67, 0, 0, 37.65%, 15, 7, 4, 380.44, 2653697, 32, 279883, 0
5296, 305, 60, 67, 0, 0, 37.65%, 15, 7, 4, 243.31, 2654753, 32, 280297, 0
5301, 305, 62, 67, 0, 0, 37.65%, 15, 7, 4, 245.35, 2656065, 32, 280955, 0
5306, 305, 57, 67, 0, 0, 37.65%, 15, 7, 4, 285.50, 2657666, 32, 281424, 0
5311, 305, 8, 67, 0, 0, 37.65%, 15, 7, 4, 323.14, 2659370, 32, 281825, 0
5316, 305, 62, 67, 0, 0, 37.65%, 15, 7, 4, 276.98, 2660680, 32, 282314, 0
5321, 305, 62, 67, 0, 0, 37.65%, 15, 7, 4, 398.52, 2662786, 32, 282813, 0
5326, 305, 61, 67, 0, 0, 37.65%, 15, 7, 4, 309.59, 2664316, 32, 283220, 0
5331, 306, 61, 67, 0, 0, 37.65%, 15, 7, 4, 245.00, 2665512, 32, 283592, 0
5336, 306, 61, 67, 0, 0, 37.65%, 15, 7, 4, 363.32, 2667882, 32, 283881, 0
5341, 306, 60, 67, 0, 0, 37.65%, 15, 7, 4, 280.44, 2669221, 32, 284334, 0
5346, 306, 61, 67, 0, 0, 37.65%, 15, 7, 4, 346.02, 2670976, 32, 284856, 0
5351, 306, 62, 67, 0, 0, 37.65%, 15, 7, 4, 278.61, 2672350, 32, 285361, 0
5357, 306, 62, 67, 0, 0, 37.65%, 15, 7, 4, 387.72, 2674171, 32, 285727, 0
5362, 306, 52, 67, 0, 0, 37.65%, 15, 7, 4, 416.96, 2675999, 32, 286099, 0
5367, 306, 61, 67, 0, 0, 37.65%, 15, 7, 4, 344.67, 2677539, 32, 286697, 0
5372, 306, 61, 67, 0, 0, 37.65%, 15, 7, 4, 261.91, 2678854, 32, 287237, 0
5377, 307, 61, 67, 0, 0, 37.65%, 15, 7, 4, 532.97, 2680521, 32, 287640, 0
5382, 307, 60, 67, 0, 0, 37.65%, 15, 7, 4, 383.41, 2682266, 32, 288142, 0
5387, 307, 61, 67, 0, 0, 37.65%, 15, 7, 4, 301.16, 2683689, 32, 288696, 0
5392, 307, 61, 67, 0, 0, 37.65%, 15, 7, 4, 264.78, 2684976, 32, 289235, 0
5397, 307, 62, 67, 0, 0, 37.65%, 15, 7, 4, 210.46, 2685995, 32, 289615, 0
5402, 307, 64, 67, 0, 0, 37.65%, 15, 7, 4, 284.24, 2687530, 32, 289993, 0
5407, 307, 61, 67, 0, 0, 37.65%, 15, 7, 4, 253.74, 2688901, 32, 290382, 0
5412, 307, 62, 67, 0, 0, 37.65%, 15, 7, 4, 299.67, 2690697, 32, 290783, 0
5417, 307, 50, 67, 0, 0, 37.65%, 15, 7, 4, 368.07, 2692394, 32, 291306, 0
5423, 307, 61, 67, 0, 0, 37.65%, 15, 7, 4, 285.75, 2693748, 32, 291779, 0
5428, 308, 56, 67, 0, 0, 37.65%, 15, 7, 4, 334.52, 2695391, 32, 292216, 0
5433, 308, 62, 67, 0, 0, 37.65%, 15, 7, 4, 284.21, 2697067, 32, 292477, 0
5438, 308, 62, 67, 0, 0, 37.65%, 15, 7, 4, 224.73, 2698223, 32, 292992, 0
5443, 308, 61, 67, 0, 0, 37.65%, 15, 7, 4, 207.92, 2699315, 32, 293445, 0
5448, 308, 62, 67, 0, 0, 37.65%, 15, 7, 4, 437.57, 2701743, 32, 293746, 0
5453, 308, 62, 67, 0, 0, 37.65%, 15, 7, 4, 323.13, 2703199, 32, 294246, 0
5458, 308, 0, 67, 0, 0, 37.65%, 15, 7, 4, 261.48, 2704400, 32, 294685, 0
5464, 308, 62, 67, 0, 0, 37.65%, 15, 7, 4, 315.43, 2705953, 32, 295133, 0
5469, 309, 22, 67, 0, 0, 37.65%, 15, 7, 4, 367.18, 2708125, 32, 295421, 0
5474, 309, 7, 67, 0, 0, 37.65%, 15, 7, 4, 395.24, 2710447, 32, 295768, 0
5479, 309, 60, 67, 0, 0, 37.65%, 15, 7, 4, 283.96, 2711721, 32, 296327, 0
5484, 309, 61, 67, 0, 0, 37.65%, 15, 7, 4, 233.64, 2712927, 32, 296781, 0
5489, 309, 54, 67, 0, 0, 37.65%, 15, 7, 4, 430.00, 2715323, 32, 297171, 0
5494, 309, 62, 67, 0, 0, 37.65%, 15, 7, 4, 320.16, 2716899, 32, 297729, 0
5499, 309, 61, 67, 0, 0, 37.65%, 15, 7, 4, 221.31, 2717927, 32, 298111, 0
5504, 309, 61, 67, 0, 0, 37.65%, 15, 7, 4, 263.51, 2719315, 32, 298637, 0
5509, 310, 24, 67, 0, 0, 37.65%, 15, 7, 4, 285.62, 2720922, 32, 299094, 0
5514, 310, 63, 67, 0, 0, 37.65%, 15, 7, 4, 249.45, 2722075, 32, 299370, 0
5520, 310, 62, 67, 0, 0, 37.65%, 15, 7, 4, 402.28, 2724169, 32, 299910, 0
5525, 310, 61, 67, 0, 0, 37.65%, 15, 7, 4, 377.32, 2725938, 32, 300465, 0
5530, 310, 62, 67, 0, 0, 37.65%, 15, 7, 4, 381.44, 2727736, 32, 300913, 0
5535, 310, 61, 67, 0, 0, 37.65%, 15, 7, 4, 299.67, 2729201, 32, 301361, 0
5540, 310, 61, 67, 0, 0, 37.65%, 15, 7, 4, 374.39, 2730851, 32, 301695, 0
5545, 310, 61, 67, 0, 0, 37.65%, 15, 7, 4, 281.38, 2732138, 32, 302218, 0
5550, 310, 61, 67, 0, 0, 37.65%, 15, 7, 4, 318.65, 2733759, 32, 302709, 0
5555, 311, 61, 67, 0, 0, 37.65%, 15, 7, 4, 245.83, 2734941, 32, 303225, 0
5561, 311, 62, 67, 0, 0, 37.65%, 15, 7, 4, 297.84, 2736423, 32, 303672, 0
5566, 311, 62, 67, 0, 0, 37.65%, 15, 7, 4, 274.56, 2737743, 32, 304196, 0
5571, 311, 62, 67, 0, 0, 37.65%, 15, 7, 4, 242.78, 2738909, 32, 304539, 0
5576, 311, 61, 67, 0, 0, 37.65%, 15, 7, 4, 195.34, 2740591, 32, 304948, 0
5581, 311, 61, 67, 0, 0, 37.65%, 15, 7, 4, 338.52, 2742553, 32, 305384, 0
5586, 311, 50, 67, 0, 0, 37.65%, 15, 7, 4, 446.10, 2744858, 32, 305834, 0
5591, 311, 63, 67, 0, 0, 37.65%, 15, 7, 4, 297.84, 2746253, 32, 306276, 0
5596, 311, 62, 67, 0, 0, 37.65%, 15, 7, 4, 328.00, 2747999, 32, 306718, 0
5601, 312, 63, 67, 0, 0, 37.65%, 15, 7, 4, 264.48, 2749111, 32, 307051, 0
5607, 312, 62, 67, 0, 0, 37.65%, 15, 7, 4, 305.25, 2750728, 32, 307486, 0
5612, 312, 61, 67, 0, 0, 37.65%, 15, 7, 4, 272.45, 2752034, 32, 307874, 0
5617, 312, 35, 67, 0, 0, 37.65%, 15, 7, 4, 237.76, 2753187, 32, 308264, 0
5622, 312, 61, 67, 0, 0, 37.65%, 15, 7, 4, 323.85, 2754825, 32, 308623, 0
5627, 312, 24, 67, 0, 0, 37.65%, 15, 7, 4, 333.59, 2756507, 32, 309057, 0
5632, 312, 62, 67, 0, 0, 37.65%, 15, 7, 4, 334.06, 2758333, 32, 309559, 0
5637, 312, 0, 67, 0, 0, 37.65%, 15, 7, 4, 378.25, 2760044, 32, 309945, 0
5642, 312, 61, 68, 1, 0, 37.65%, 15, 7, 4, 314.27, 2761445, 32, 310427, 0
5647, 313, 62, 68, 1, 0, 37.65%, 15, 7, 4, 319.01, 2763185, 32, 310867, 0
5652, 313, 67, 68, 1, 0, 37.65%, 15, 7, 4, 319.87, 2764849, 32, 311127, 0
5657, 313, 67, 68, 1, 0, 37.65%, 15, 7, 4, 199.26, 2765693, 32, 311127, 0
5662, 313, 67, 69, 2, 0, 37.65%, 15, 7, 4, 137.08, 2766302, 32, 311163, 0
5667, 313, 68, 69, 1, 0, 37.65%, 15, 7, 4, 157.14, 2767101, 32, 311199, 0
5673, 313, 68, 69, 1, 0, 37.65%, 15, 7, 4, 151.14, 2767912, 32, 311210, 0
5678, 313, 56, 69, 0, 0, 37.65%, 15, 7, 4, 439.14, 2769335, 32, 311640, 0
5683, 313, 62, 69, 0, 0, 37.65%, 15, 7, 4, 383.32, 2771487, 32, 312021, 0
5688, 313, 48, 69, 0, 0, 37.65%, 15, 7, 4, 422.95, 2773656, 32, 312410, 0
5693, 313, 0, 69, 0, 0, 37.65%, 15, 7, 4, 342.49, 2775456, 32, 312853, 0
5698, 313, 5, 69, 0, 0, 37.65%, 15, 7, 4, 397.45, 2777339, 32, 313305, 0
5703, 313, 53, 69, 0, 0, 37.65%, 15, 7, 4, 376.52, 2779087, 32, 313768, 0
5708, 314, 61, 70, 1, 0, 37.65%, 15, 7, 4, 381.29, 2781029, 32, 314241, 0
5713, 314, 58, 70, 1, 0, 37.65%, 15, 7, 4, 304.31, 2782513, 32, 314919, 0
5718, 314, 69, 70, 1, 0, 37.65%, 15, 7, 4, 250.05, 2783814, 32, 314981, 0
5723, 314, 62, 70, 0, 0, 37.65%, 15, 7, 4, 217.97, 2784812, 32, 315131, 0
5728, 314, 68, 70, 0, 0, 37.65%, 15, 7, 4, 180.31, 2785799, 32, 315325, 0
5734, 314, 62, 70, 0, 0, 37.65%, 15, 7, 4, 258.31, 2787264, 32, 315848, 0
5739, 314, 61, 70, 0, 0, 37.65%, 15, 7, 4, 358.84, 2789068, 32, 316184, 0
5744, 314, 62, 70, 0, 0, 37.65%, 15, 7, 4, 291.88, 2790489, 32, 316664, 0
5749, 314, 61, 70, 0, 0, 37.65%, 15, 7, 4, 259.61, 2792004, 32, 317038, 0
5754, 314, 62, 70, 0, 0, 37.65%, 15, 7, 4, 213.82, 2793096, 32, 317336, 0
5759, 314, 55, 70, 0, 0, 37.65%, 15, 7, 4, 315.98, 2794641, 32, 317633, 0
5764, 314, 61, 70, 0, 0, 37.65%, 15, 7, 4, 284.03, 2796238, 32, 318034, 0
5769, 314, 61, 70, 0, 0, 37.65%, 15, 7, 4, 254.17, 2797453, 32, 318469, 0
5774, 315, 70, 71, 1, 0, 37.65%, 15, 7, 4, 259.42, 2798876, 32, 318696, 0
5780, 315, 70, 71, 1, 0, 37.65%, 15, 7, 4, 192.08, 2799786, 32, 318696, 0
5785, 315, 61, 71, 0, 0, 37.65%, 15, 7, 4, 280.99, 2801261, 32, 319160, 0
5790, 315, 62, 71, 0, 0, 37.65%, 15, 7, 4, 226.76, 2802334, 32, 319617, 0
5795, 315, 0, 71, 0, 0, 37.65%, 15, 7, 4, 280.58, 2803631, 32, 320026, 0
5800, 315, 8, 71, 0, 0, 37.65%, 15, 7, 4, 258.67, 2804708, 32, 320170, 0
5805, 315, 65, 71, 0, 0, 37.65%, 15, 7, 4, 269.81, 2806158, 32, 320704, 0
5810, 315, 0, 71, 0, 0, 37.65%, 15, 7, 4, 271.59, 2807603, 32, 321005, 0
5815, 315, 61, 71, 0, 0, 37.65%, 15, 7, 4, 289.90, 2809474, 32, 321331, 0
5820, 315, 7, 71, 0, 0, 37.65%, 15, 7, 4, 356.44, 2811488, 32, 321652, 0
5825, 315, 61, 71, 0, 0, 37.65%, 15, 7, 4, 342.13, 2813058, 32, 322012, 0
5830, 315, 61, 71, 0, 0, 37.65%, 15, 7, 4, 273.84, 2814419, 32, 322614, 0
5835, 315, 62, 71, 0, 0, 37.65%, 15, 7, 4, 240.55, 2815622, 32, 323142, 0
5841, 316, 7, 71, 0, 0, 37.65%, 15, 7, 4, 296.82, 2817199, 32, 323604, 0
5846, 316, 61, 71, 0, 0, 37.65%, 15, 7, 4, 385.49, 2819260, 32, 323854, 0
5851, 316, 61, 71, 0, 0, 37.65%, 15, 7, 4, 287.99, 2820438, 32, 324279, 0
5856, 316, 61, 71, 0, 0, 37.65%, 15, 7, 4, 288.24, 2821905, 32, 324556, 0
5861, 316, 61, 71, 0, 0, 37.65%, 15, 7, 4, 287.37, 2823342, 32, 324852, 0
5866, 316, 53, 71, 0, 0, 37.65%, 15, 7, 4, 513.19, 2825806, 32, 325139, 0
5871, 316, 62, 71, 0, 0, 37.65%, 15, 7, 4, 515.58, 2828278, 32, 325327, 0
5876, 316, 10, 71, 0, 0, 37.65%, 15, 7, 4, 345.00, 2829724, 32, 325750, 0
5882, 317, 61, 71, 0, 0, 37.65%, 15, 7, 4, 290.49, 2831345, 32, 326145, 0
5887, 317, 61, 71, 0, 0, 37.65%, 15, 7, 4, 386.40, 2833172, 32, 326453, 0
5892, 317, 62, 71, 0, 0, 37.65%, 15, 7, 4, 266.20, 2834384, 32, 326896, 0
5897, 317, 60, 71, 0, 0, 37.65%, 15, 7, 4, 330.40, 2836220, 32, 327310, 0
5902, 317, 61, 71, 0, 0, 37.65%, 15, 7, 4, 343.59, 2838018, 32, 327736, 0
5907, 317, 61, 71, 0, 0, 37.65%, 15, 7, 4, 308.43, 2839633, 32, 328204, 0
5912, 317, 61, 71, 0, 0, 37.65%, 15, 7, 4, 379.25, 2841492, 32, 328634, 0
5917, 317, 64, 71, 0, 0, 37.65%, 15, 7, 4, 302.47, 2842806, 32, 329197, 0
5922, 317, 49, 71, 0, 0, 37.65%, 15, 7, 4, 372.59, 2844532, 32, 329577, 0
5927, 317, 61, 71, 0, 0, 37.65%, 15, 7, 4, 306.80, 2846162, 32, 330014, 0
5933, 318, 62, 71, 0, 0, 37.65%, 15, 7, 4, 378.74, 2848090, 32, 330416, 0
5938, 318, 61, 71, 0, 0, 37.65%, 15, 7, 4, 218.42, 2849570, 32, 330994, 0
5943, 318, 0, 71, 0, 0, 37.65%, 15, 7, 4, 239.59, 2850760, 32, 331489, 0
5948, 318, 64, 71, 0, 0, 37.65%, 15, 7, 4, 286.39, 2852210, 32, 331993, 0
5953, 318, 62, 71, 0, 0, 37.65%, 15, 7, 4, 236.11, 2853416, 32, 332413, 0
5958, 318, 62, 71, 0, 0, 37.65%, 15, 7, 4, 240.33, 2854792, 32, 332739, 0
5963, 318, 61, 71, 0, 0, 37.65%, 15, 7, 4, 319.48, 2856254, 32, 333161, 0
5968, 318, 61, 71, 0, 0, 37.65%, 15, 7, 4, 276.92, 2857533, 32, 333487, 0
5973, 318, 61, 71, 0, 0, 37.65%, 15, 7, 4, 375.69, 2859519, 32, 333754, 0
5978, 318, 62, 71, 0, 0, 37.65%, 15, 7, 4, 275.13, 2860732, 32, 334369, 0
5983, 318, 61, 71, 0, 0, 37.65%, 15, 7, 4, 276.56, 2862271, 32, 334849, 0
5988, 318, 68, 71, 0, 0, 37.65%, 15, 7, 4, 299.54, 2863974, 32, 335252, 0
5994, 319, 61, 71, 0, 0, 37.65%, 15, 7, 4, 424.66, 2865996, 32, 335528, 0
5999, 319, 50, 71, 0, 0, 37.65%, 15, 7, 4, 319.05, 2867476, 32, 336102, 0
6004, 319, 62, 71, 0, 0, 37.65%, 15, 7, 4, 260.19, 2868738, 32, 336533, 0
6009, 319, 67, 71, 0, 0, 37.65%, 15, 7, 4, 224.86, 2869834, 32, 337078, 0
6014, 319, 63, 71, 0, 0, 37.65%, 15, 7, 4, 349.47, 2871758, 32, 337594, 0
6019, 319, 62, 71, 0, 0, 37.65%, 15, 7, 4, 287.33, 2873207, 32, 338067, 0
6024, 319, 0, 71, 0, 0, 37.65%, 15, 7, 4, 340.81, 2874998, 32, 338387, 0
6029, 319, 61, 71, 0, 0, 37.65%, 15, 7, 4, 270.03, 2876462, 32, 338799, 0
6034, 319, 62, 71, 0, 0, 37.65%, 15, 7, 4, 332.67, 2878368, 32, 339145, 0
6039, 320, 62, 71, 0, 0, 37.65%, 15, 7, 4, 260.03, 2880246, 32, 339399, 0
6045, 320, 64, 71, 0, 0, 37.65%, 15, 7, 4, 299.69, 2881766, 32, 339905, 0
6050, 320, 61, 71, 0, 0, 37.65%, 15, 7, 4, 259.40, 2883076, 32, 340316, 0
6055, 320, 62, 71, 0, 0, 37.65%, 15, 7, 4, 476.75, 2885437, 32, 340605, 0
6060, 320, 62, 71, 0, 0, 37.65%, 15, 7, 4, 296.90, 2886720, 32, 341168, 0
6065, 320, 61, 71, 0, 0, 37.65%, 15, 7, 4, 276.99, 2888078, 32, 341432, 0
6070, 320, 61, 71, 0, 0, 37.65%, 15, 7, 4, 239.04, 2889184, 32, 341820, 0
6075, 320, 24, 71, 0, 0, 37.65%, 15, 7, 4, 325.74, 2890708, 32, 342336, 0
6080, 320, 61, 71, 0, 0, 37.65%, 15, 7, 4, 285.80, 2892258, 32, 342659, 0
6085, 320, 61, 71, 0, 0, 37.65%, 15, 7, 4, 161.87, 2893747, 32, 343057, 0
6091, 320, 62, 71, 0, 0, 37.65%, 15, 7, 4, 269.82, 2895310, 32, 343396, 0
6096, 320, 8, 71, 0, 0, 37.65%, 15, 7, 4, 297.06, 2896925, 32, 343781, 0
6101, 321, 58, 71, 0, 0, 37.65%, 15, 7, 4, 262.52, 2898447, 32, 344134, 0
6106, 321, 61, 71, 0, 0, 37.65%, 15, 7, 4, 250.49, 2899842, 32, 344541, 0
6111, 321, 61, 71, 0, 0, 37.65%, 15, 7, 4, 276.53, 2901268, 32, 345052, 0
6116, 321, 65, 71, 0, 0, 37.65%, 15, 7, 4, 229.93, 2902322, 32, 345450, 0
6121, 321, 49, 71, 0, 0, 37.65%, 15, 7, 4, 311.70, 2903843, 32, 345959, 0
6126, 321, 62, 71, 0, 0, 37.65%, 15, 7, 4, 421.20, 2905844, 32, 346329, 0
6131, 321, 61, 71, 0, 0, 37.65%, 15, 7, 4, 350.09, 2907491, 32, 346799, 0
6136, 321, 62, 71, 0, 0, 37.65%, 15, 7, 4, 253.71, 2908728, 32, 347057, 0
6142, 321, 62, 71, 0, 0, 37.65%, 15, 7, 4, 254.35, 2909968, 32, 347554, 0
6147, 321, 70, 71, 0, 0, 37.65%, 15, 7, 4, 270.78, 2911345, 32, 347907, 0
6152, 321, 62, 71, 0, 0, 37.65%, 15, 7, 4, 331.65, 2913018, 32, 348319, 0
6157, 322, 66, 71, 0, 0, 37.65%, 15, 7, 4, 482.86, 2915485, 32, 348701, 0
6162, 322, 61, 71, 0, 0, 37.65%, 15, 7, 4, 520.97, 2918090, 32, 348935, 0
6167, 322, 62, 71, 0, 0, 37.65%, 15, 7, 4, 398.61, 2919874, 32, 349340, 0
6172, 322, 63, 71, 0, 0, 37.65%, 15, 7, 4, 328.76, 2921400, 32, 349630, 0
6177, 322, 67, 71, 0, 0, 37.65%, 15, 7, 4, 213.62, 2922462, 32, 350063, 0
6182, 322, 62, 71, 0, 0, 37.65%, 15, 7, 4, 257.73, 2923867, 32, 350517, 0
6188, 322, 62, 71, 0, 0, 37.65%, 15, 7, 4, 250.00, 2925082, 32, 350964, 0
6193, 322, 64, 71, 0, 0, 37.65%, 15, 7, 4, 264.61, 2926362, 32, 351312, 0
6198, 322, 61, 71, 0, 0, 37.65%, 15, 7, 4, 174.77, 2927470, 32, 351672, 0
6203, 322, 62, 71, 0, 0, 37.65%, 15, 7, 4, 294.76, 2929168, 32, 352056, 0
6208, 322, 61, 71, 0, 0, 37.65%, 15, 7, 4, 242.53, 2930482, 32, 352440, 0
6213, 323, 61, 71, 0, 0, 37.65%, 15, 7, 4, 294.28, 2932214, 32, 352881, 0
6218, 323, 61, 71, 0, 0, 37.65%, 15, 7, 4, 256.88, 2933424, 32, 353369, 0
6224, 323, 61, 71, 0, 0, 37.65%, 15, 7, 4, 244.41, 2934676, 32, 353816, 0
6229, 323, 55, 71, 0, 0, 37.65%, 15, 7, 4, 369.98, 2936566, 32, 354182, 0
6234, 323, 62, 71, 0, 0, 37.65%, 15, 7, 4, 341.20, 2938208, 32, 354611, 0
6239, 323, 62, 71, 0, 0, 37.65%, 15, 7, 4, 225.28, 2939160, 32, 354996, 0
6244, 323, 63, 71, 0, 0, 37.65%, 15, 7, 4, 358.56, 2941263, 32, 355357, 0
6249, 323, 64, 71, 0, 0, 37.65%, 15, 7, 4, 316.70, 2942868, 32, 355663, 0
6254, 323, 62, 71, 0, 0, 37.65%, 15, 7, 4, 328.98, 2944546, 32, 355942, 0
6259, 323, 62, 71, 0, 0, 37.65%, 15, 7, 4, 353.66, 2946355, 32, 356244, 0
6264, 323, 62, 71, 0, 0, 37.65%, 15, 7, 4, 238.52, 2947356, 32, 356597, 0
6269, 323, 10, 71, 0, 0, 37.65%, 15, 7, 4, 212.60, 2948347, 32, 357045, 0
6274, 324, 71, 72, 1, 0, 37.65%, 15, 7, 4, 317.14, 2950152, 32, 357392, 0
6279, 324, 71, 72, 1, 0, 37.65%, 15, 7, 4, 143.84, 2950646, 32, 357392, 0
6284, 324, 71, 72, 1, 0, 37.65%, 15, 7, 4, 127.56, 2951335, 32, 357401, 0
6289, 324, 62, 72, 0, 0, 37.65%, 15, 7, 4, 171.10, 2952199, 32, 357775, 0
6295, 324, 67, 72, 0, 0, 37.65%, 15, 7, 4, 369.76, 2953888, 32, 358145, 0
6300, 324, 65, 72, 0, 0, 37.65%, 15, 7, 4, 297.74, 2955118, 32, 358535, 0
6305, 324, 5, 72, 0, 0, 37.65%, 15, 7, 4, 357.14, 2956725, 32, 359029, 0
6310, 324, 61, 72, 0, 0, 37.65%, 15, 7, 4, 349.35, 2958314, 32, 359404, 0
6315, 324, 62, 72, 0, 0, 37.65%, 15, 7, 4, 261.21, 2959525, 32, 359897, 0
6320, 324, 67, 72, 0, 0, 37.65%, 15, 7, 4, 261.19, 2961051, 32, 360364, 0
6325, 324, 62, 72, 0, 0, 37.65%, 15, 7, 4, 207.73, 2962003, 32, 360626, 0
6330, 324, 7, 72, 0, 0, 37.65%, 15, 7, 4, 397.24, 2964094, 32, 361177, 0
6335, 324, 62, 72, 0, 0, 37.65%, 15, 7, 4, 277.80, 2965343, 32, 361514, 0
6341, 324, 69, 72, 0, 0, 37.65%, 15, 7, 4, 188.48, 2966257, 32, 361932, 0
6346, 325, 67, 72, 0, 0, 37.65%, 15, 7, 4, 275.36, 2967706, 32, 362299, 0
6351, 325, 24, 72, 0, 0, 37.65%, 15, 7, 4, 224.09, 2968797, 32, 362726, 0
6356, 325, 64, 72, 0, 0, 37.65%, 15, 7, 4, 238.40, 2970121, 32, 363089, 0
6361, 325, 71, 72, 0, 0, 37.65%, 15, 7, 4, 224.54, 2971317, 32, 363595, 0
6366, 325, 61, 72, 0, 0, 37.65%, 15, 7, 4, 281.44, 2972899, 32, 364033, 0
6371, 325, 24, 72, 0, 0, 37.65%, 15, 7, 4, 322.38, 2974641, 32, 364468, 0
6376, 325, 50, 72, 0, 0, 37.65%, 15, 7, 4, 328.61, 2976267, 32, 365001, 0
6381, 325, 61, 72, 0, 0, 37.65%, 15, 7, 4, 273.19, 2977561, 32, 365337, 0
6386, 325, 62, 72, 0, 0, 37.65%, 15, 7, 4, 316.50, 2979247, 32, 365752, 0
6392, 325, 62, 72, 0, 0, 37.65%, 15, 7, 4, 348.16, 2981254, 32, 366173, 0
6397, 325, 61, 72, 0, 0, 37.65%, 15, 7, 4, 319.62, 2982781, 32, 366731, 0
6402, 326, 61, 72, 0, 0, 37.65%, 15, 7, 4, 337.52, 2984205, 32, 367050, 0
6407, 326, 64, 72, 0, 0, 37.65%, 15, 7, 4, 286.43, 2985431, 32, 367501, 0
6412, 326, 5, 72, 0, 0, 37.65%, 15, 7, 4, 395.10, 2987394, 32, 367939, 0
6417, 326, 61, 72, 0, 0, 37.65%, 15, 7, 4, 325.61, 2989021, 32, 368279, 0
6422, 326, 61, 72, 0, 0, 37.65%, 15, 7, 4, 332.36, 2990631, 32, 368765, 0
6427, 326, 61, 72, 0, 0, 37.65%, 15, 7, 4, 263.21, 2991772, 32, 369200, 0
6432, 326, 61, 72, 0, 0, 37.65%, 15, 7, 4, 310.25, 2993259, 32, 369607, 0
6437, 326, 61, 72, 0, 0, 37.65%, 15, 7, 4, 347.05, 2995019, 32, 369928, 0
6442, 326, 61, 72, 0, 0, 37.65%, 15, 7, 4, 341.09, 2996594, 32, 370359, 0
6448, 326, 62, 72, 0, 0, 37.65%, 15, 7, 4, 551.54, 2998270, 32, 370971, 0
6453, 326, 65, 72, 0, 0, 37.65%, 15, 7, 4, 294.13, 2999267, 32, 371346, 0
6458, 326, 61, 72, 0, 0, 37.65%, 15, 7, 4, 324.27, 3001027, 32, 371726, 0
6463, 327, 61, 73, 1, 0, 37.65%, 15, 7, 4, 371.82, 3003032, 32, 372192, 0
6468, 327, 62, 73, 1, 0, 37.65%, 15, 7, 4, 254.82, 3004278, 32, 372637, 0
6473, 327, 62, 73, 1, 0, 37.65%, 15, 7, 4, 198.91, 3005277, 32, 372995, 0
6478, 327, 61, 73, 1, 0, 37.65%, 15, 7, 4, 297.06, 3006795, 32, 373294, 0
6483, 327, 62, 73, 1, 0, 37.65%, 15, 7, 4, 393.98, 3009061, 32, 373572, 0
6489, 327, 60, 73, 1, 0, 37.65%, 15, 7, 4, 266.97, 3010267, 32, 374129, 0
6494, 327, 61, 73, 0, 0, 37.65%, 15, 7, 4, 307.76, 3011897, 32, 374484, 0
6499, 327, 37, 73, 0, 0, 37.65%, 15, 7, 4, 346.93, 3013451, 32, 374762, 0
6504, 327, 61, 73, 0, 0, 37.65%, 15, 7, 4, 426.30, 3015693, 32, 375120, 0
6509, 327, 62, 73, 0, 0, 37.65%, 15, 7, 4, 300.64, 3017095, 32, 375631, 0
6514, 327, 23, 73, 0, 0, 37.65%, 15, 7, 4, 314.41, 3018781, 32, 376060, 0
6519, 327, 70, 73, 0, 0, 37.65%, 15, 7, 4, 278.59, 3020060, 32, 376448, 0
6524, 328, 64, 73, 0, 0, 37.65%, 15, 7, 4, 310.19, 3021527, 32, 376834, 0
6529, 328, 62, 73, 0, 0, 37.65%, 15, 7, 4, 253.94, 3022801, 32, 377334, 0
6534, 328, 61, 73, 0, 0, 37.65%, 15, 7, 4, 264.27, 3024457, 32, 377610, 0
6539, 328, 62, 73, 0, 0, 37.65%, 15, 7, 4, 278.56, 3026030, 32, 378003, 0
6544, 328, 61, 73, 0, 0, 37.65%, 15, 7, 4, 223.13, 3027021, 32, 378371, 0
6549, 328, 61, 73, 0, 0, 37.65%, 15, 7, 4, 325.55, 3028947, 32, 378727, 0
6555, 328, 61, 73, 0, 0, 37.65%, 15, 7, 4, 292.60, 3030446, 32, 379346, 0
6560, 328, 62, 73, 0, 0, 37.65%, 15, 7, 4, 210.48, 3031457, 32, 379788, 0
6565, 328, 61, 73, 0, 0, 37.65%, 15, 7, 4, 231.39, 3032727, 32, 380277, 0
6570, 328, 0, 73, 0, 0, 37.65%, 15, 7, 4, 285.07, 3034326, 32, 380637, 0
6575, 328, 8, 73, 0, 0, 37.65%, 15, 7, 4, 238.42, 3035503, 32, 381039, 0
6580, 328, 64, 73, 0, 0, 37.65%, 15, 7, 4, 267.55, 3036918, 32, 381506, 0
6585, 328, 62, 73, 0, 0, 37.65%, 15, 7, 4, 418.79, 3039269, 32, 381790, 0
6590, 328, 22, 73, 0, 0, 37.65%, 15, 7, 4, 237.90, 3040225, 32, 382214, 0
6595, 328, 24, 73, 0, 0, 37.65%, 15, 7, 4, 294.42, 3041658, 32, 382628, 0
6600, 329, 62, 73, 0, 0, 37.65%, 15, 7, 4, 239.25, 3042787, 32, 383165, 0
6605, 329, 58, 73, 0, 0, 37.65%, 15, 7, 4, 255.69, 3044221, 32, 383637, 0
6610, 329, 61, 73, 0, 0, 37.65%, 15, 7, 4, 313.05, 3046043, 32, 384075, 0
6615, 329, 61, 73, 0, 0, 37.65%, 15, 7, 4, 318.79, 3047607, 32, 384569, 0
6621, 329, 61, 73, 0, 0, 37.65%, 15, 7, 4, 292.71, 3049013, 32, 384953, 0
6626, 329, 61, 73, 0, 0, 37.65%, 15, 7, 4, 327.96, 3050721, 32, 385362, 0
6631, 329, 62, 73, 0, 0, 37.65%, 15, 7, 4, 304.74, 3052293, 32, 385805, 0
6636, 329, 61, 73, 0, 0, 37.65%, 15, 7, 4, 319.04, 3053849, 32, 386079, 0
6641, 329, 54, 73, 0, 0, 37.65%, 15, 7, 4, 375.38, 3055724, 32, 386497, 0
6646, 329, 62, 73, 0, 0, 37.65%, 15, 7, 4, 268.76, 3057069, 32, 386933, 0
6651, 330, 62, 73, 0, 0, 37.65%, 15, 7, 4, 337.87, 3058727, 32, 387444, 0
6656, 330, 61, 73, 0, 0, 37.65%, 15, 7, 4, 221.63, 3059701, 32, 387859, 0
6661, 330, 69, 73, 0, 0, 37.65%, 15, 7, 4, 291.09, 3061211, 32, 388101, 0
6666, 330, 64, 73, 0, 0, 37.65%, 15, 7, 4, 302.96, 3062915, 32, 388481, 0
6672, 330, 68, 73, 0, 0, 37.65%, 15, 7, 4, 208.20, 3063975, 32, 388687, 0
6677, 330, 61, 73, 0, 0, 37.65%, 15, 7, 4, 204.46, 3064849, 32, 388905, 0
6682, 330, 61, 73, 0, 0, 37.65%, 15, 7, 4, 234.12, 3066109, 32, 389341, 0
6687, 330, 24, 73, 0, 0, 37.65%, 15, 7, 4, 404.88, 3068091, 32, 389721, 0
6692, 330, 70, 73, 0, 0, 37.65%, 15, 7, 4, 247.23, 3069226, 32, 390185, 0
6697, 330, 61, 73, 0, 0, 37.65%, 15, 7, 4, 222.66, 3070403, 32, 390557, 0
6702, 330, 70, 73, 0, 0, 37.65%, 15, 7, 4, 243.42, 3071999, 32, 390819, 0
6707, 330, 62, 73, 0, 0, 37.65%, 15, 7, 4, 252.89, 3073323, 32, 391238, 0
6712, 330, 61, 73, 0, 0, 37.65%, 15, 7, 4, 247.29, 3074559, 32, 391686, 0
6717, 330, 52, 73, 0, 0, 37.65%, 15, 7, 4, 269.25, 3075871, 32, 392239, 0
6723, 331, 62, 73, 0, 0, 37.65%, 15, 7, 4, 226.02, 3077065, 32, 392614, 0
6728, 331, 64, 73, 0, 0, 37.65%, 15, 7, 4, 268.05, 3078453, 32, 392970, 0
6733, 331, 70, 73, 0, 0, 37.65%, 15, 7, 4, 254.43, 3079920, 32, 393230, 0
6738, 331, 61, 73, 0, 0, 37.65%, 15, 7, 4, 316.72, 3081495, 32, 393435, 0
6743, 331, 62, 73, 0, 0, 37.65%, 15, 7, 4, 319.29, 3083191, 32, 393872, 0
6748, 331, 61, 73, 0, 0, 37.65%, 15, 7, 4, 407.16, 3085127, 32, 394144, 0
6753, 331, 64, 73, 0, 0, 37.65%, 15, 7, 4, 342.66, 3086847, 32, 394432, 0
6758, 331, 62, 73, 0, 0, 37.65%, 15, 7, 4, 290.64, 3088471, 32, 394767, 0
6763, 331, 5, 73, 0, 0, 37.65%, 15, 7, 4, 260.50, 3089627, 32, 395238, 0
6768, 331, 61, 73, 0, 0, 37.65%, 15, 7, 4, 264.50, 3091054, 32, 395572, 0
6773, 331, 61, 73, 0, 0, 37.65%, 15, 7, 4, 256.17, 3092437, 32, 396099, 0
6778, 331, 62, 73, 0, 0, 37.65%, 15, 7, 4, 210.53, 3093511, 32, 396574, 0
6783, 332, 41, 73, 0, 0, 37.65%, 15, 7, 4, 306.80, 3095412, 32, 397046, 0
6789, 332, 61, 73, 0, 0, 37.65%, 15, 7, 4, 256.21, 3096608, 32, 397472, 0
6794, 332, 62, 73, 0, 0, 37.65%, 15, 7, 4, 386.11, 3098531, 32, 397874, 0
6799, 332, 63, 73, 0, 0, 37.65%, 15, 7, 4, 342.42, 3100151, 32, 398432, 0
6804, 332, 67, 73, 0, 0, 37.65%, 15, 7, 4, 239.88, 3101417, 32, 398737, 0
6809, 332, 61, 73, 0, 0, 37.65%, 15, 7, 4, 242.26, 3102883, 32, 399225, 0
6814, 332, 62, 73, 0, 0, 37.65%, 15, 7, 4, 273.86, 3104291, 32, 399655, 0
6819, 332, 67, 73, 0, 0, 37.65%, 15, 7, 4, 246.49, 3105492, 32, 399975, 0
6824, 332, 5, 73, 0, 0, 37.65%, 15, 7, 4, 315.63, 3106795, 32, 400337, 0
6829, 332, 62, 73, 0, 0, 37.65%, 15, 7, 4, 228.85, 3107827, 32, 400794, 0
6835, 332, 68, 73, 0, 0, 37.65%, 15, 7, 4, 184.27, 3108835, 32, 401105, 0
6840, 332, 62, 73, 0, 0, 37.65%, 15, 7, 4, 255.84, 3110306, 32, 401585, 0
6845, 332, 50, 73, 0, 0, 37.65%, 15, 7, 4, 348.31, 3112107, 32, 402071, 0
6850, 332, 62, 73, 0, 0, 37.65%, 15, 7, 4, 316.90, 3113583, 32, 402593, 0
6855, 333, 61, 73, 0, 0, 37.65%, 15, 7, 4, 329.00, 3115111, 32, 403115, 0
6855, 333, 61, 73, 0, 0, 37.65%, 15, 7, 4, 0.00, 3115123, 32, 403119, 0
6860, 333, 62, 73, 0, 0, 37.65%, 15, 7, 4, 220.34, 3116279, 32, 403481, 0
6865, 333, 62, 73, 0, 0, 37.65%, 15, 7, 4, 267.83, 3117696, 32, 403976, 0
6870, 333, 64, 73, 0, 0, 37.65%, 15, 7, 4, 324.32, 3119429, 32, 404408, 0
6875, 333, 62, 73, 0, 0, 37.65%, 15, 7, 4, 251.14, 3120720, 32, 404915, 0
6880, 333, 68, 73, 0, 0, 37.65%, 15, 7, 4, 302.68, 3122693, 32, 405206, 0
6885, 333, 62, 73, 0, 0, 37.65%, 15, 7, 4, 244.46, 3123843, 32, 405790, 0
6891, 333, 61, 73, 0, 0, 37.65%, 15, 7, 4, 224.07, 3125011, 32, 406093, 0
6896, 333, 62, 73, 0, 0, 37.65%, 15, 7, 4, 273.38, 3126376, 32, 406550, 0
6901, 333, 61, 73, 0, 0, 37.65%, 15, 7, 4, 199.53, 3127446, 32, 406905, 0
6906, 333, 62, 73, 0, 0, 37.65%, 15, 7, 4, 275.39, 3128789, 32, 407364, 0
6911, 333, 61, 73, 0, 0, 37.65%, 15, 7, 4, 298.66, 3130519, 32, 407908, 0
6916, 333, 62, 73, 0, 0, 37.65%, 15, 7, 4, 281.26, 3132091, 32, 408476, 0
6921, 334, 61, 73, 0, 0, 37.65%, 15, 7, 4, 264.44, 3133659, 32, 408874, 0
6926, 334, 68, 73, 0, 0, 37.65%, 15, 7, 4, 266.66, 3135254, 32, 409346, 0
6931, 334, 71, 73, 0, 0, 37.65%, 15, 7, 4, 350.97, 3137024, 32, 409750, 0
6936, 334, 61, 73, 0, 0, 37.65%, 15, 7, 4, 206.42, 3137853, 32, 410142, 0
6941, 334, 62, 73, 0, 0, 37.65%, 15, 7, 4, 251.53, 3139198, 32, 410477, 0
6946, 334, 61, 73, 0, 0, 37.65%, 15, 7, 4, 193.58, 3140098, 32, 410833, 0
6952, 334, 62, 73, 0, 0, 37.65%, 15, 7, 4, 216.62, 3141243, 32, 411278, 0
6957, 334, 62, 73, 0, 0, 37.65%, 15, 7, 4, 377.87, 3142598, 32, 411729, 0
6962, 334, 61, 73, 0, 0, 37.65%, 15, 7, 4, 276.42, 3143669, 32, 412022, 0
6967, 334, 62, 73, 0, 0, 37.65%, 15, 7, 4, 202.36, 3144603, 32, 412509, 0
6972, 334, 64, 73, 0, 0, 37.65%, 15, 7, 4, 267.71, 3146209, 32, 412829, 0
6977, 334, 61, 73, 0, 0, 37.65%, 15, 7, 4, 295.83, 3147827, 32, 413173, 0
6982, 334, 62, 73, 0, 0, 37.65%, 15, 7, 4, 224.93, 3148965, 32, 413547, 0
6987, 334, 62, 73, 0, 0, 37.65%, 15, 7, 4, 281.92, 3150384, 32, 413904, 0
6992, 335, 62, 73, 0, 0, 37.65%, 15, 7, 4, 294.79, 3151881, 32, 414494, 0
6997, 335, 61, 73, 0, 0, 37.65%, 15, 7, 4, 250.49, 3153055, 32, 414929, 0
7003, 335, 61, 73, 0, 0, 37.65%, 15, 7, 4, 240.18, 3154259, 32, 415527, 0
7008, 335, 61, 73, 0, 0, 37.65%, 15, 7, 4, 228.26, 3155469, 32, 415902, 0
7013, 335, 61, 73, 0, 0, 37.65%, 15, 7, 4, 398.93, 3157533, 32, 416227, 0
7018, 335, 61, 73, 0, 0, 37.65%, 15, 7, 4, 283.84, 3158795, 32, 416718, 0
7023, 335, 63, 73, 0, 0, 37.65%, 15, 7, 4, 250.96, 3160009, 32, 417244, 0
7028, 335, 62, 73, 0, 0, 37.65%, 15, 7, 4, 209.46, 3161077, 32, 417580, 0
7033, 335, 61, 73, 0, 0, 37.65%, 15, 7, 4, 284.31, 3162641, 32, 418003, 0
7038, 335, 24, 73, 0, 0, 37.65%, 15, 7, 4, 367.46, 3164499, 32, 418533, 0
7043, 335, 62, 73, 0, 0, 37.65%, 15, 7, 4, 250.98, 3165659, 32, 419023, 0
7048, 335, 62, 73, 0, 0, 37.65%, 15, 7, 4, 266.33, 3167195, 32, 419552, 0
7053, 335, 65, 73, 0, 0, 37.65%, 15, 7, 4, 272.78, 3168616, 32, 420079, 0
7059, 335, 62, 73, 0, 0, 37.65%, 15, 7, 4, 275.57, 3170163, 32, 420489, 0
7064, 335, 68, 73, 0, 0, 37.65%, 15, 7, 4, 218.50, 3171217, 32, 420890, 0
7069, 336, 61, 73, 0, 0, 37.65%, 15, 7, 4, 340.31, 3173121, 32, 421150, 0
7074, 336, 62, 73, 0, 0, 37.65%, 15, 7, 4, 286.23, 3174585, 32, 421584, 0
7079, 336, 62, 73, 0, 0, 37.65%, 15, 7, 4, 273.57, 3176022, 32, 421889, 0
7084, 336, 32, 73, 0, 0, 37.65%, 15, 7, 4, 350.89, 3178043, 32, 422333, 0
7089, 336, 0, 73, 0, 0, 37.65%, 15, 7, 4, 423.54, 3179981, 32, 422644, 0
7094, 336, 62, 73, 0, 0, 37.65%, 15, 7, 4, 384.62, 3181530, 32, 422963, 0
7099, 336, 65, 73, 0, 0, 37.65%, 15, 7, 4, 272.01, 3182644, 32, 423476, 0
7104, 336, 61, 73, 0, 0, 37.65%, 15, 7, 4, 292.95, 3184174, 32, 423943, 0
7110, 336, 61, 73, 0, 0, 37.65%, 15, 7, 4, 249.10, 3185519, 32, 424174, 0
7115, 336, 69, 73, 0, 0, 37.65%, 15, 7, 4, 245.34, 3186719, 32, 424526, 0
7120, 336, 61, 73, 0, 0, 37.65%, 15, 7, 4, 263.24, 3188054, 32, 424681, 0
7125, 336, 62, 73, 0, 0, 37.65%, 15, 7, 4, 291.81, 3189555, 32, 425268, 0
7130, 336, 71, 73, 0, 0, 37.65%, 15, 7, 4, 247.39, 3190970, 32, 425744, 0
7135, 337, 61, 73, 0, 0, 37.65%, 15, 7, 4, 324.91, 3192773, 32, 426094, 0
7140, 337, 62, 73, 0, 0, 37.65%, 15, 7, 4, 226.64, 3193787, 32, 426618, 0
7145, 337, 61, 73, 0, 0, 37.65%, 15, 7, 4, 333.57, 3195405, 32, 427032, 0
7150, 337, 62, 73, 0, 0, 37.65%, 15, 7, 4, 271.96, 3196884, 32, 427432, 0
7155, 337, 61, 73, 0, 0, 37.65%, 15, 7, 4, 298.40, 3198223, 32, 427795, 0
7160, 337, 62, 73, 0, 0, 37.65%, 15, 7, 4, 312.42, 3199951, 32, 428179, 0
7166, 337, 61, 73, 0, 0, 37.65%, 15, 7, 4, 305.23, 3201561, 32, 428711, 0
7171, 337, 36, 73, 0, 0, 37.65%, 15, 7, 4, 481.91, 3203866, 32, 428966, 0
7176, 337, 61, 73, 0, 0, 37.65%, 15, 7, 4, 579.28, 3205223, 32, 429437, 0
7181, 337, 65, 73, 0, 0, 37.65%, 15, 7, 4, 332.26, 3206511, 32, 430025, 0
7186, 338, 47, 73, 0, 0, 37.65%, 15, 7, 4, 270.69, 3207809, 32, 430343, 0
7191, 338, 62, 73, 0, 0, 37.65%, 15, 7, 4, 322.22, 3209405, 32, 430727, 0
7196, 338, 62, 73, 0, 0, 37.65%, 15, 7, 4, 234.87, 3210469, 32, 431196, 0
7201, 338, 62, 73, 0, 0, 37.65%, 15, 7, 4, 237.56, 3211777, 32, 431505, 0
7206, 338, 36, 73, 0, 0, 37.65%, 15, 7, 4, 343.58, 3213457, 32, 431886, 0
7211, 338, 61, 73, 0, 0, 37.65%, 15, 7, 4, 311.37, 3215103, 32, 432230, 0
7217, 338, 68, 73, 0, 0, 37.65%, 15, 7, 4, 240.01, 3216457, 32, 432481, 0
7222, 338, 62, 73, 0, 0, 37.65%, 15, 7, 4, 243.50, 3217545, 32, 432695, 0
7227, 338, 62, 73, 0, 0, 37.65%, 15, 7, 4, 259.89, 3218751, 32, 433263, 0
7232, 338, 62, 73, 0, 0, 37.65%, 15, 7, 4, 230.30, 3219965, 32, 433822, 0
7237, 338, 62, 73, 0, 0, 37.65%, 15, 7, 4, 218.11, 3221123, 32, 434269, 0
7242, 338, 43, 73, 0, 0, 37.65%, 15, 7, 4, 297.28, 3222618, 32, 434642, 0
7247, 339, 71, 73, 0, 0, 37.65%, 15, 7, 4, 364.02, 3224282, 32, 435058, 0
7252, 339, 61, 73, 0, 0, 37.65%, 15, 7, 4, 288.73, 3225601, 32, 435418, 0
7258, 339, 62, 73, 0, 0, 37.65%, 15, 7, 4, 211.56, 3226603, 32, 435836, 0
7263, 339, 61, 73, 0, 0, 37.65%, 15, 7, 4, 260.72, 3227897, 32, 436147, 0
7268, 339, 62, 73, 0, 0, 37.65%, 15, 7, 4, 203.06, 3228895, 32, 436421, 0
7273, 339, 24, 73, 0, 0, 37.65%, 15, 7, 4, 362.21, 3230553, 32, 436770, 0
7278, 339, 61, 73, 0, 0, 37.65%, 15, 7, 4, 227.76, 3231693, 32, 437266, 0
7283, 339, 65, 73, 0, 0, 37.65%, 15, 7, 4, 294.65, 3233281, 32, 437775, 0
7288, 339, 68, 73, 0, 0, 37.65%, 15, 7, 4, 274.24, 3234674, 32, 438259, 0
7293, 339, 62, 73, 0, 0, 37.65%, 15, 7, 4, 250.26, 3235769, 32, 438587, 0
7298, 339, 8, 73, 0, 0, 37.65%, 15, 7, 4, 481.78, 3238020, 32, 438889, 0
7303, 339, 61, 73, 0, 0, 37.65%, 15, 7, 4, 355.50, 3239576, 32, 439402, 0
7308, 339, 62, 73, 0, 0, 37.65%, 15, 7, 4, 349.56, 3241196, 32, 439860, 0
7313, 340, 62, 73, 0, 0, 37.65%, 15, 7, 4, 300.01, 3242703, 32, 440317, 0
7319, 340, 68, 73, 0, 0, 37.65%, 15, 7, 4, 265.32, 3244087, 32, 440753, 0
7324, 340, 62, 73, 0, 0, 37.65%, 15, 7, 4, 400.27, 3246011, 32, 441104, 0
7329, 340, 62, 73, 0, 0, 37.65%, 15, 7, 4, 227.66, 3247145, 32, 441510, 0
7334, 340, 52, 73, 0, 0, 37.65%, 15, 7, 4, 251.03, 3248243, 32, 441859, 0
7339, 340, 62, 73, 0, 0, 37.65%, 15, 7, 4, 243.19, 3249543, 32, 442464, 0
7344, 340, 62, 73, 0, 0, 37.65%, 15, 7, 4, 246.49, 3250733, 32, 442830, 0
7349, 340, 61, 73, 0, 0, 37.65%, 15, 7, 4, 257.70, 3252031, 32, 443183, 0
7354, 340, 62, 73, 0, 0, 37.65%, 15, 7, 4, 226.27, 3253127, 32, 443478, 0
7359, 340, 61, 73, 0, 0, 37.65%, 15, 7, 4, 385.97, 3255415, 32, 443930, 0
7364, 340, 40, 73, 0, 0, 37.65%, 15, 7, 4, 448.91, 3257539, 32, 444400, 0
7369, 340, 64, 73, 0, 0, 37.65%, 15, 7, 4, 372.03, 3259350, 32, 444843, 0
7375, 340, 34, 73, 0, 0, 37.65%, 15, 7, 4, 276.42, 3260767, 32, 445369, 0
7380, 341, 62, 73, 0, 0, 37.65%, 15, 7, 4, 193.98, 3261638, 32, 445732, 0
7385, 341, 68, 73, 0, 0, 37.65%, 15, 7, 4, 204.38, 3262697, 32, 445993, 0
7390, 341, 61, 73, 0, 0, 37.65%, 15, 7, 4, 467.95, 3263705, 32, 446309, 0
7395, 341, 61, 73, 0, 0, 37.65%, 15, 7, 4, 293.23, 3264935, 32, 446766, 0
7400, 341, 64, 73, 0, 0, 37.65%, 15, 7, 4, 268.25, 3266121, 32, 447108, 0
7405, 341, 62, 73, 0, 0, 37.65%, 15, 7, 4, 276.43, 3267602, 32, 447605, 0
7410, 341, 62, 73, 0, 0, 37.65%, 15, 7, 4, 259.43, 3268983, 32, 448083, 0
7415, 341, 61, 73, 0, 0, 37.65%, 15, 7, 4, 286.89, 3270468, 32, 448390, 0
7421, 341, 62, 73, 0, 0, 37.65%, 15, 7, 4, 223.52, 3271471, 32, 448854, 0
7426, 341, 5, 73, 0, 0, 37.65%, 15, 7, 4, 476.44, 3273146, 32, 449219, 0
7431, 341, 61, 73, 0, 0, 37.65%, 15, 7, 4, 313.86, 3274579, 32, 449687, 0
7436, 341, 0, 73, 0, 0, 37.65%, 15, 7, 4, 255.58, 3275721, 32, 450063, 0
7441, 341, 54, 73, 0, 0, 37.65%, 15, 7, 4, 356.14, 3277435, 32, 450454, 0
7446, 342, 62, 73, 0, 0, 37.65%, 15, 7, 4, 289.89, 3278837, 32, 450843, 0
7451, 342, 59, 73, 0, 0, 37.65%, 15, 7, 4, 347.92, 3280387, 32, 451236, 0
7456, 342, 62, 73, 0, 0, 37.65%, 15, 7, 4, 300.68, 3281767, 32, 451681, 0
7461, 342, 61, 73, 0, 0, 37.65%, 15, 7, 4, 231.07, 3282843, 32, 452112, 0
7466, 342, 62, 73, 0, 0, 37.65%, 15, 7, 4, 189.34, 3283787, 32, 452528, 0
7472, 342, 62, 73, 0, 0, 37.65%, 15, 7, 4, 294.24, 3285374, 32, 453000, 0
7477, 342, 62, 73, 0, 0, 37.65%, 15, 7, 4, 191.63, 3286760, 32, 453427, 0
7482, 342, 61, 73, 0, 0, 37.65%, 15, 7, 4, 372.86, 3288886, 32, 453754, 0
7487, 342, 61, 73, 0, 0, 37.65%, 15, 7, 4, 272.03, 3290180, 32, 454346, 0
7492, 342, 8, 73, 0, 0, 37.65%, 15, 7, 4, 243.05, 3291343, 32, 454742, 0
7497, 342, 5, 73, 0, 0, 37.65%, 15, 7, 4, 313.13, 3292830, 32, 455199, 0
7502, 342, 62, 73, 0, 0, 37.65%, 15, 7, 4, 286.22, 3294287, 32, 455582, 0
7507, 342, 62, 73, 0, 0, 37.65%, 15, 7, 4, 252.29, 3295433, 32, 455988, 0
7512, 343, 61, 73, 0, 0, 37.65%, 15, 7, 4, 356.04, 3296995, 32, 456260, 0
7517, 343, 62, 73, 0, 0, 37.65%, 15, 7, 4, 275.50, 3298308, 32, 456771, 0
7522, 343, 62, 73, 0, 0, 37.65%, 15, 7, 4, 291.61, 3299791, 32, 457173, 0
7527, 343, 0, 73, 0, 0, 37.65%, 15, 7, 4, 309.04, 3301210, 32, 457589, 0
7533, 343, 61, 73, 0, 0, 37.65%, 15, 7, 4, 377.95, 3303087, 32, 458049, 0
7538, 343, 61, 73, 0, 0, 37.65%, 15, 7, 4, 334.20, 3304701, 32, 458510, 0
7543, 343, 61, 73, 0, 0, 37.65%, 15, 7, 4, 244.50, 3305806, 32, 458928, 0
7548, 343, 58, 73, 0, 0, 37.65%, 15, 7, 4, 329.61, 3307654, 32, 459368, 0
7553, 343, 62, 73, 0, 0, 37.65%, 15, 7, 4, 268.09, 3309030, 32, 459658, 0
7558, 343, 62, 73, 0, 0, 37.65%, 15, 7, 4, 209.04, 3310003, 32, 460122, 0
7563, 343, 62, 73, 0, 0, 37.65%, 15, 7, 4, 284.01, 3311309, 32, 460510, 0
7569, 344, 5, 73, 0, 0, 37.65%, 15, 7, 4, 492.21, 3313963, 32, 460853, 0
7574, 344, 51, 73, 0, 0, 37.65%, 15, 7, 4, 377.23, 3315613, 32, 461428, 0
7579, 344, 65, 73, 0, 0, 37.65%, 15, 7, 4, 324.97, 3317401, 32, 461842, 0
7584, 344, 62, 73, 0, 0, 37.65%, 15, 7, 4, 311.15, 3319215, 32, 462177, 0
7589, 344, 61, 73, 0, 0, 37.65%, 15, 7, 4, 250.80, 3320354, 32, 462578, 0
7594, 344, 7, 73, 0, 0, 37.65%, 15, 7, 4, 278.31, 3321644, 32, 463050, 0
7599, 344, 62, 73, 0, 0, 37.65%, 15, 7, 4, 251.33, 3323086, 32, 463585, 0
7604, 344, 61, 73, 0, 0, 37.65%, 15, 7, 4, 250.59, 3324427, 32, 463885, 0
7609, 344, 61, 73, 0, 0, 37.65%, 15, 7, 4, 250.74, 3325690, 32, 464287, 0
7614, 344, 62, 73, 0, 0, 37.65%, 15, 7, 4, 275.96, 3327470, 32, 464589, 0
7619, 344, 61, 73, 0, 0, 37.65%, 15, 7, 4, 284.55, 3328688, 32, 465009, 0
7624, 344, 61, 73, 0, 0, 37.65%, 15, 7, 4, 271.69, 3330021, 32, 465538, 0
7630, 344, 61, 73, 0, 0, 37.65%, 15, 7, 4, 269.97, 3331239, 32, 465968, 0
7635, 345, 69, 73, 0, 0, 37.65%, 15, 7, 4, 322.48, 3332703, 32, 466340, 0
7640, 345, 62, 73, 0, 0, 37.65%, 15, 7, 4, 278.82, 3334057, 32, 466824, 0
7645, 345, 62, 73, 0, 0, 37.65%, 15, 7, 4, 305.61, 3335705, 32, 467374, 0
7650, 345, 68, 73, 0, 0, 37.65%, 15, 7, 4, 257.39, 3337066, 32, 467955, 0
7655, 345, 62, 73, 0, 0, 37.65%, 15, 7, 4, 274.71, 3338336, 32, 468352, 0
7660, 345, 62, 73, 0, 0, 37.65%, 15, 7, 4, 249.25, 3339539, 32, 468815, 0
7665, 345, 62, 73, 0, 0, 37.65%, 15, 7, 4, 216.36, 3340533, 32, 469315, 0
7670, 345, 62, 73, 0, 0, 37.65%, 15, 7, 4, 317.61, 3342093, 32, 469817, 0
7675, 345, 62, 73, 0, 0, 37.65%, 15, 7, 4, 223.50, 3343213, 32, 470304, 0
7681, 345, 61, 73, 0, 0, 37.65%, 15, 7, 4, 345.35, 3345175, 32, 470663, 0
7686, 345, 10, 73, 0, 0, 37.65%, 15, 7, 4, 394.12, 3347028, 32, 471058, 0
7691, 345, 62, 73, 0, 0, 37.65%, 15, 7, 4, 289.20, 3348227, 32, 471475, 0
7696, 345, 61, 73, 0, 0, 37.65%, 15, 7, 4, 322.76, 3349957, 32, 471773, 0
7701, 346, 61, 73, 0, 0, 37.65%, 15, 7, 4, 272.54, 3351195, 32, 472242, 0
7706, 346, 67, 73, 0, 0, 37.65%, 15, 7, 4, 239.92, 3352601, 32, 472708, 0
7711, 346, 51, 73, 0, 0, 37.65%, 15, 7, 4, 261.50, 3353795, 32, 473127, 0
7716, 346, 62, 73, 0, 0, 37.65%, 15, 7, 4, 185.24, 3355371, 32, 473632, 0
7721, 346, 62, 73, 0, 0, 37.65%, 15, 7, 4, 192.30, 3356327, 32, 474105, 0
7726, 346, 7, 73, 0, 0, 37.65%, 15, 7, 4, 336.26, 3357883, 32, 474587, 0
7732, 346, 62, 73, 0, 0, 37.65%, 15, 7, 4, 271.96, 3359313, 32, 475034, 0
7737, 346, 0, 73, 0, 0, 37.65%, 15, 7, 4, 263.80, 3360461, 32, 475368, 0
7742, 346, 62, 73, 0, 0, 37.65%, 15, 7, 4, 291.39, 3361849, 32, 475744, 0
7747, 346, 50, 73, 0, 0, 37.65%, 15, 7, 4, 246.75, 3362897, 32, 476180, 0
7752, 346, 7, 73, 0, 0, 37.65%, 15, 7, 4, 387.36, 3364767, 32, 476558, 0
7757, 346, 61, 73, 0, 0, 37.65%, 15, 7, 4, 303.34, 3366293, 32, 476931, 0
7762, 346, 8, 73, 0, 0, 37.65%, 15, 7, 4, 235.36, 3367333, 32, 477277, 0
7767, 347, 62, 73, 0, 0, 37.65%, 15, 7, 4, 358.15, 3369238, 32, 477668, 0
7773, 347, 62, 73, 0, 0, 37.65%, 15, 7, 4, 314.07, 3370995, 32, 478014, 0
7778, 347, 62, 73, 0, 0, 37.65%, 15, 7, 4, 309.33, 3372529, 32, 478530, 0
7783, 347, 61, 73, 0, 0, 37.65%, 15, 7, 4, 289.68, 3373948, 32, 478905, 0
7788, 347, 62, 73, 0, 0, 37.65%, 15, 7, 4, 280.82, 3375258, 32, 479373, 0
7793, 347, 62, 73, 0, 0, 37.65%, 15, 7, 4, 250.27, 3376421, 32, 479841, 0
7798, 347, 62, 73, 0, 0, 37.65%, 15, 7, 4, 242.49, 3377765, 32, 480243, 0
7803, 347, 64, 73, 0, 0, 37.65%, 15, 7, 4, 292.12, 3379307, 32, 480657, 0
7808, 347, 62, 73, 0, 0, 37.65%, 15, 7, 4, 367.35, 3381115, 32, 480974, 0
7813, 347, 10, 73, 0, 0, 37.65%, 15, 7, 4, 235.54, 3382109, 32, 481362, 0
7818, 347, 5, 73, 0, 0, 37.65%, 15, 7, 4, 259.95, 3383373, 32, 481736, 0
7823, 347, 61, 73, 0, 0, 37.65%, 15, 7, 4, 267.99, 3384763, 32, 482337, 0
7829, 347, 62, 73, 0, 0, 37.65%, 15, 7, 4, 263.42, 3386218, 32, 482752, 0
7834, 347, 38, 73, 0, 0, 37.65%, 15, 7, 4, 235.61, 3387295, 32, 483165, 0
7839, 347, 61, 73, 0, 0, 37.65%, 15, 7, 4, 230.73, 3388549, 32, 483474, 0
7844, 348, 4, 73, 0, 0, 37.65%, 15, 7, 4, 393.43, 3390556, 32, 483906, 0
7849, 348, 5, 73, 0, 0, 37.65%, 15, 7, 4, 239.54, 3391635, 32, 484245, 0
7854, 348, 0, 73, 0, 0, 37.65%, 15, 7, 4, 231.09, 3392749, 32, 484662, 0
7859, 348, 62, 73, 0, 0, 37.65%, 15, 7, 4, 296.99, 3394234, 32, 485058, 0
7864, 348, 8, 73, 0, 0, 37.65%, 15, 7, 4, 441.46, 3396221, 32, 485426, 0
7869, 348, 64, 73, 0, 0, 37.65%, 15, 7, 4, 303.63, 3397643, 32, 485685, 0
7874, 348, 61, 73, 0, 0, 37.65%, 15, 7, 4, 356.13, 3399769, 32, 485994, 0
7879, 348, 62, 73, 0, 0, 37.65%, 15, 7, 4, 361.84, 3401531, 32, 486448, 0
7884, 348, 65, 73, 0, 0, 37.65%, 15, 7, 4, 360.57, 3403260, 32, 487032, 0
7889, 348, 49, 73, 0, 0, 37.65%, 15, 7, 4, 253.62, 3404707, 32, 487573, 0
7895, 349, 0, 73, 0, 0, 37.65%, 15, 7, 4, 255.47, 3405853, 32, 487870, 0
7900, 349, 67, 73, 0, 0, 37.65%, 15, 7, 4, 218.14, 3407053, 32, 488398, 0
7905, 349, 62, 73, 0, 0, 37.65%, 15, 7, 4, 189.49, 3408006, 32, 488871, 0
7910, 349, 61, 73, 0, 0, 37.65%, 15, 7, 4, 277.17, 3409322, 32, 489341, 0
7915, 349, 0, 73, 0, 0, 37.65%, 15, 7, 4, 342.81, 3410809, 32, 489790, 0
7920, 349, 34, 73, 0, 0, 37.65%, 15, 7, 4, 488.74, 3413220, 32, 490172, 0
7925, 349, 61, 73, 0, 0, 37.65%, 15, 7, 4, 301.26, 3414645, 32, 490641, 0
7930, 349, 62, 73, 0, 0, 37.65%, 15, 7, 4, 309.47, 3416329, 32, 491116, 0
7935, 349, 62, 73, 0, 0, 37.65%, 15, 7, 4, 225.88, 3417569, 32, 491420, 0
7940, 349, 62, 73, 0, 0, 37.65%, 15, 7, 4, 233.12, 3418813, 32, 491834, 0
7946, 349, 49, 73, 0, 0, 37.65%, 15, 7, 4, 271.00, 3419941, 32, 492227, 0
7951, 349, 52, 73, 0, 0, 37.65%, 15, 7, 4, 242.52, 3421065, 32, 492550, 0
7956, 349, 65, 73, 0, 0, 37.65%, 15, 7, 4, 314.12, 3422731, 32, 493060, 0
7961, 350, 60, 73, 0, 0, 37.65%, 15, 7, 4, 316.73, 3424486, 32, 493514, 0
7966, 350, 61, 73, 0, 0, 37.65%, 15, 7, 4, 236.34, 3425707, 32, 494071, 0
7971, 350, 61, 73, 0, 0, 37.65%, 15, 7, 4, 455.79, 3428182, 32, 494322, 0
7976, 350, 61, 73, 0, 0, 37.65%, 15, 7, 4, 255.65, 3429277, 32, 494793, 0
7982, 350, 62, 73, 0, 0, 37.65%, 15, 7, 4, 216.90, 3430271, 32, 495240, 0
7987, 350, 62, 73, 0, 0, 37.65%, 15, 7, 4, 239.02, 3431535, 32, 495724, 0
7992, 350, 62, 73, 0, 0, 37.65%, 15, 7, 4, 257.88, 3432757, 32, 496147, 0
7997, 350, 62, 73, 0, 0, 37.65%, 15, 7, 4, 266.31, 3434055, 32, 496530, 0
8002, 350, 54, 73, 0, 0, 37.65%, 15, 7, 4, 302.86, 3435398, 32, 497059, 0
8007, 350, 62, 73, 0, 0, 37.65%, 15, 7, 4, 290.73, 3437178, 32, 497431, 0
8012, 350, 62, 73, 0, 0, 37.65%, 15, 7, 4, 289.92, 3438441, 32, 497931, 0
8017, 350, 70, 73, 0, 0, 37.65%, 15, 7, 4, 241.53, 3439575, 32, 498451, 0
8022, 350, 61, 73, 0, 0, 37.65%, 15, 7, 4, 191.79, 3440489, 32, 498895, 0
8027, 351, 5, 73, 0, 0, 37.65%, 15, 7, 4, 332.72, 3442343, 32, 499351, 0
8032, 351, 62, 73, 0, 0, 37.65%, 15, 7, 4, 277.66, 3443900, 32, 499860, 0
8037, 351, 62, 73, 0, 0, 37.65%, 15, 7, 4, 238.63, 3444995, 32, 500232, 0
8042, 351, 61, 73, 0, 0, 37.65%, 15, 7, 4, 252.25, 3446264, 32, 500650, 0
8048, 351, 68, 73, 0, 0, 37.65%, 15, 7, 4, 238.49, 3447573, 32, 501132, 0
8053, 351, 61, 73, 0, 0, 37.65%, 15, 7, 4, 303.15, 3449235, 32, 501507, 0
8058, 351, 41, 73, 0, 0, 37.65%, 15, 7, 4, 293.28, 3450634, 32, 501936, 0
8063, 351, 61, 73, 0, 0, 37.65%, 15, 7, 4, 260.60, 3451996, 32, 502312, 0
8068, 351, 60, 73, 0, 0, 37.65%, 15, 7, 4, 375.63, 3454261, 32, 502532, 0
8073, 351, 68, 73, 0, 0, 37.65%, 15, 7, 4, 256.32, 3455418, 32, 503014, 0
8078, 351, 62, 73, 0, 0, 37.65%, 15, 7, 4, 280.49, 3456877, 32, 503377, 0
8083, 351, 5, 73, 0, 0, 37.65%, 15, 7, 4, 294.93, 3458415, 32, 503861, 0
8088, 352, 62, 73, 0, 0, 37.65%, 15, 7, 4, 266.89, 3460023, 32, 504273, 0
8093, 352, 68, 73, 0, 0, 37.65%, 15, 7, 4, 192.30, 3460976, 32, 504653, 0
8098, 352, 62, 73, 0, 0, 37.65%, 15, 7, 4, 199.33, 3461955, 32, 505062, 0
8103, 352, 68, 73, 0, 0, 37.65%, 15, 7, 4, 196.69, 3462937, 32, 505388, 0
8108, 352, 61, 73, 0, 0, 37.65%, 15, 7, 4, 215.53, 3463897, 32, 505733, 0
8113, 352, 61, 73, 0, 0, 37.65%, 15, 7, 4, 199.06, 3465019, 32, 506062, 0
8119, 352, 65, 73, 0, 0, 37.65%, 15, 7, 4, 267.68, 3466486, 32, 506508, 0
8124, 352, 16, 73, 0, 0, 37.65%, 15, 7, 4, 277.45, 3467829, 32, 506962, 0
8129, 352, 68, 73, 0, 0, 37.65%, 15, 7, 4, 271.31, 3469361, 32, 507332, 0
8134, 352, 61, 73, 0, 0, 37.65%, 15, 7, 4, 342.92, 3470915, 32, 507808, 0
8139, 352, 61, 73, 0, 0, 37.65%, 15, 7, 4, 310.09, 3472467, 32, 508064, 0
8144, 352, 5, 73, 0, 0, 37.65%, 15, 7, 4, 256.51, 3473629, 32, 508481, 0
8149, 352, 62, 73, 0, 0, 37.65%, 15, 7, 4, 207.95, 3474759, 32, 509004, 0
8154, 352, 62, 73, 0, 0, 37.65%, 15, 7, 4, 270.98, 3476271, 32, 509355, 0
8159, 352, 61, 73, 0, 0, 37.65%, 15, 7, 4, 263.64, 3477557, 32, 509944, 0
8164, 353, 61, 73, 0, 0, 37.65%, 15, 7, 4, 277.34, 3479224, 32, 510336, 0
8169, 353, 62, 73, 0, 0, 37.65%, 15, 7, 4, 302.12, 3480907, 32, 510732, 0
8175, 353, 62, 73, 0, 0, 37.65%, 15, 7, 4, 259.41, 3482378, 32, 511188, 0
8180, 353, 62, 73, 0, 0, 37.65%, 15, 7, 4, 208.29, 3483343, 32, 511668, 0
8185, 353, 61, 73, 0, 0, 37.65%, 15, 7, 4, 250.80, 3484574, 32, 512050, 0
8190, 353, 50, 73, 0, 0, 37.65%, 15, 7, 4, 359.78, 3486113, 32, 512341, 0
8195, 353, 62, 73, 0, 0, 37.65%, 15, 7, 4, 244.79, 3487291, 32, 512766, 0
8200, 353, 62, 73, 0, 0, 37.65%, 15, 7, 4, 217.96, 3488415, 32, 513184, 0
8205, 353, 62, 73, 0, 0, 37.65%, 15, 7, 4, 188.99, 3489420, 32, 513458, 0
8210, 353, 62, 73, 0, 0, 37.65%, 15, 7, 4, 177.50, 3490298, 32, 513910, 0
8215, 353, 64, 73, 0, 0, 37.65%, 15, 7, 4, 288.53, 3491903, 32, 514282, 0
8220, 353, 8, 73, 0, 0, 37.65%, 15, 7, 4, 306.70, 3493452, 32, 514702, 0
8226, 353, 62, 73, 0, 0, 37.65%, 15, 7, 4, 283.61, 3494835, 32, 515270, 0
8231, 353, 64, 73, 0, 0, 37.65%, 15, 7, 4, 317.07, 3496569, 32, 515742, 0
8236, 354, 67, 73, 0, 0, 37.65%, 15, 7, 4, 345.68, 3498539, 32, 516200, 0
8241, 354, 61, 73, 0, 0, 37.65%, 15, 7, 4, 252.88, 3499627, 32, 516722, 0
8246, 354, 62, 73, 0, 0, 37.65%, 15, 7, 4, 226.96, 3500691, 32, 517239, 0
8251, 354, 61, 73, 0, 0, 37.65%, 15, 7, 4, 198.27, 3501719, 32, 517712, 0
8256, 354, 5, 73, 0, 0, 37.65%, 15, 7, 4, 248.44, 3502981, 32, 518277, 0
8261, 354, 62, 73, 0, 0, 37.65%, 15, 7, 4, 276.72, 3504511, 32, 518802, 0
8266, 354, 70, 73, 0, 0, 37.65%, 15, 7, 4, 166.94, 3505715, 32, 519032, 0
8271, 354, 61, 73, 0, 0, 37.65%, 15, 7, 4, 257.82, 3507257, 32, 519543, 0
8277, 354, 62, 73, 0, 0, 37.65%, 15, 7, 4, 334.48, 3509161, 32, 519957, 0
8282, 354, 62, 73, 0, 0, 37.65%, 15, 7, 4, 245.44, 3510327, 32, 520477, 0
8287, 354, 62, 73, 0, 0, 37.65%, 15, 7, 4, 300.05, 3511691, 32, 520808, 0
8292, 354, 61, 73, 0, 0, 37.65%, 15, 7, 4, 324.54, 3513083, 32, 521183, 0
8297, 354, 62, 73, 0, 0, 37.65%, 15, 7, 4, 272.99, 3514494, 32, 521733, 0
8302, 355, 62, 73, 0, 0, 37.65%, 15, 7, 4, 378.47, 3516356, 32, 522208, 0
8307, 355, 24, 73, 0, 0, 37.65%, 15, 7, 4, 389.15, 3518271, 32, 522611, 0
8312, 355, 62, 73, 0, 0, 37.65%, 15, 7, 4, 290.22, 3519683, 32, 523059, 0
8317, 355, 62, 73, 0, 0, 37.65%, 15, 7, 4, 207.53, 3520955, 32, 523561, 0
8323, 355, 61, 73, 0, 0, 37.65%, 15, 7, 4, 279.13, 3522479, 32, 523927, 0
8328, 355, 61, 73, 0, 0, 37.65%, 15, 7, 4, 228.27, 3523583, 32, 524412, 0
8333, 355, 5, 73, 0, 0, 37.65%, 15, 7, 4, 374.67, 3525261, 32, 524895, 0
8338, 355, 69, 73, 0, 0, 37.65%, 15, 7, 4, 294.73, 3526715, 32, 525401, 0
8343, 355, 62, 73, 0, 0, 37.65%, 15, 7, 4, 343.32, 3528590, 32, 525840, 0
8348, 355, 62, 73, 0, 0, 37.65%, 15, 7, 4, 285.98, 3529825, 32, 526334, 0
8353, 355, 62, 73, 0, 0, 37.65%, 15, 7, 4, 309.51, 3531189, 32, 526803, 0
8358, 355, 62, 73, 0, 0, 37.65%, 15, 7, 4, 235.78, 3532347, 32, 527378, 0
8363, 356, 60, 73, 0, 0, 37.65%, 15, 7, 4, 271.45, 3533880, 32, 527673, 0
8368, 356, 61, 73, 0, 0, 37.65%, 15, 7, 4, 263.39, 3535258, 32, 528189, 0
8373, 356, 68, 73, 0, 0, 37.65%, 15, 7, 4, 235.69, 3536543, 32, 528703, 0
8378, 356, 0, 73, 0, 0, 37.65%, 15, 7, 4, 348.32, 3538545, 32, 529053, 0
8384, 356, 61, 73, 0, 0, 37.65%, 15, 7, 4, 308.74, 3540091, 32, 529542, 0
8389, 356, 62, 73, 0, 0, 37.65%, 15, 7, 4, 304.63, 3541725, 32, 529940, 0
8394, 356, 37, 73, 0, 0, 37.65%, 15, 7, 4, 381.64, 3543538, 32, 530307, 0
8399, 356, 62, 73, 0, 0, 37.65%, 15, 7, 4, 328.60, 3545059, 32, 530779, 0
8404, 356, 5, 73, 0, 0, 37.65%, 15, 7, 4, 341.92, 3546499, 32, 531097, 0
8409, 356, 62, 73, 0, 0, 37.65%, 15, 7, 4, 314.43, 3548269, 32, 531599, 0
8414, 356, 62, 73, 0, 0, 37.65%, 15, 7, 4, 245.13, 3549433, 32, 531942, 0
8419, 357, 62, 73, 0, 0, 37.65%, 15, 7, 4, 218.15, 3550467, 32, 532316, 0
8424, 357, 24, 73, 0, 0, 37.65%, 15, 7, 4, 282.22, 3551670, 32, 532609, 0
8430, 357, 61, 73, 0, 0, 37.65%, 15, 7, 4, 319.40, 3553363, 32, 533018, 0
8435, 357, 61, 73, 0, 0, 37.65%, 15, 7, 4, 302.75, 3554740, 32, 533582, 0
8440, 357, 7, 73, 0, 0, 37.65%, 15, 7, 4, 258.90, 3555927, 32, 534118, 0
8445, 357, 62, 73, 0, 0, 37.65%, 15, 7, 4, 267.83, 3557191, 32, 534599, 0
8450, 357, 62, 73, 0, 0, 37.65%, 15, 7, 4, 336.84, 3559205, 32, 534984, 0
8455, 357, 62, 73, 0, 0, 37.65%, 15, 7, 4, 299.21, 3560472, 32, 535478, 0
8460, 357, 9, 73, 0, 0, 37.65%, 15, 7, 4, 370.08, 3561989, 32, 535804, 0
8465, 357, 67, 73, 0, 0, 37.65%, 15, 7, 4, 302.74, 3563537, 32, 536072, 0
8470, 357, 61, 73, 0, 0, 37.65%, 15, 7, 4, 233.24, 3564549, 32, 536478, 0
8475, 357, 24, 73, 0, 0, 37.65%, 15, 7, 4, 313.97, 3566338, 32, 536903, 0
8480, 358, 1, 73, 0, 0, 37.65%, 15, 7, 4, 236.96, 3567463, 32, 537350, 0
8485, 358, 62, 73, 0, 0, 37.65%, 15, 7, 4, 341.04, 3569439, 32, 537769, 0
8490, 358, 70, 73, 0, 0, 37.65%, 15, 7, 4, 299.14, 3571087, 32, 538291, 0
8496, 358, 62, 73, 0, 0, 37.65%, 15, 7, 4, 331.01, 3572697, 32, 538771, 0
8501, 358, 62, 73, 0, 0, 37.65%, 15, 7, 4, 244.38, 3573835, 32, 539271, 0
8506, 358, 61, 73, 0, 0, 37.65%, 15, 7, 4, 244.40, 3575007, 32, 539688, 0
8511, 358, 68, 73, 0, 0, 37.65%, 15, 7, 4, 372.04, 3577327, 32, 540005, 0
8516, 358, 34, 73, 0, 0, 37.65%, 15, 7, 4, 367.82, 3578985, 32, 540407, 0
8521, 358, 61, 73, 0, 0, 37.65%, 15, 7, 4, 404.18, 3581071, 32, 540727, 0
8526, 358, 62, 73, 0, 0, 37.65%, 15, 7, 4, 492.61, 3583623, 32, 541099, 0
8531, 359, 61, 73, 0, 0, 37.65%, 15, 7, 4, 337.05, 3585175, 32, 541451, 0
8536, 359, 62, 73, 0, 0, 37.65%, 15, 7, 4, 232.17, 3586255, 32, 541902, 0
8541, 359, 60, 73, 0, 0, 37.65%, 15, 7, 4, 232.96, 3587527, 32, 542285, 0
8546, 359, 55, 73, 0, 0, 37.65%, 15, 7, 4, 528.05, 3590481, 32, 542399, 0
8551, 359, 61, 73, 0, 0, 37.65%, 15, 7, 4, 413.36, 3592371, 32, 542556, 0
8557, 359, 62, 73, 0, 0, 37.65%, 15, 7, 4, 293.27, 3593729, 32, 543027, 0
8562, 359, 62, 73, 0, 0, 37.65%, 15, 7, 4, 258.16, 3595104, 32, 543557, 0
8567, 359, 62, 73, 0, 0, 37.65%, 15, 7, 4, 274.58, 3596540, 32, 543987, 0
8572, 359, 62, 73, 0, 0, 37.65%, 15, 7, 4, 223.35, 3597637, 32, 544522, 0
8577, 359, 62, 73, 0, 0, 37.65%, 15, 7, 4, 222.82, 3598859, 32, 545014, 0
8582, 359, 61, 73, 0, 0, 37.65%, 15, 7, 4, 328.17, 3600445, 32, 545455, 0
8587, 359, 59, 73, 0, 0, 37.65%, 15, 7, 4, 249.93, 3601627, 32, 545991, 0
8592, 360, 67, 73, 0, 0, 37.65%, 15, 7, 4, 217.05, 3602819, 32, 546382, 0
8597, 360, 70, 73, 0, 0, 37.65%, 15, 7, 4, 245.36, 3604103, 32, 546773, 0
8602, 360, 70, 73, 0, 0, 37.65%, 15, 7, 4, 200.68, 3605135, 32, 547179, 0
8607, 360, 61, 73, 0, 0, 37.65%, 15, 7, 4, 351.15, 3607148, 32, 547633, 0
8612, 360, 62, 73, 0, 0, 37.65%, 15, 7, 4, 217.26, 3608073, 32, 548095, 0
8617, 360, 64, 73, 0, 0, 37.65%, 15, 7, 4, 228.67, 3609389, 32, 548678, 0
8622, 360, 62, 73, 0, 0, 37.65%, 15, 7, 4, 220.93, 3610617, 32, 549102, 0
8627, 360, 67, 73, 0, 0, 37.65%, 15, 7, 4, 279.44, 3612087, 32, 549569, 0
8632, 360, 62, 73, 0, 0, 37.65%, 15, 7, 4, 323.64, 3613847, 32, 549997, 0
8637, 360, 62, 73, 0, 0, 37.65%, 15, 7, 4, 343.29, 3615691, 32, 550454, 0
8642, 360, 8, 73, 0, 0, 37.65%, 15, 7, 4, 276.33, 3616919, 32, 550858, 0
8648, 360, 62, 73, 0, 0, 37.65%, 15, 7, 4, 293.38, 3618409, 32, 551327, 0
8653, 360, 5, 73, 0, 0, 37.65%, 15, 7, 4, 268.94, 3619695, 32, 551724, 0
8658, 360, 62, 73, 0, 0, 37.65%, 15, 7, 4, 238.76, 3620889, 32, 552187, 0
8663, 361, 61, 73, 0, 0, 37.65%, 15, 7, 4, 275.83, 3622403, 32, 552522, 0
8668, 361, 62, 73, 0, 0, 37.65%, 15, 7, 4, 245.02, 3623741, 32, 552869, 0
8673, 361, 61, 73, 0, 0, 37.65%, 15, 7, 4, 236.81, 3625017, 32, 553297, 0
8678, 361, 24, 73, 0, 0, 37.65%, 15, 7, 4, 258.45, 3626181, 32, 553606, 0
8683, 361, 0, 73, 0, 0, 37.65%, 15, 7, 4, 286.35, 3627641, 32, 554049, 0
8688, 361, 67, 73, 0, 0, 37.65%, 15, 7, 4, 275.82, 3629176, 32, 554490, 0
8693, 361, 61, 73, 0, 0, 37.65%, 15, 7, 4, 206.46, 3630129, 32, 554798, 0
8698, 361, 62, 73, 0, 0, 37.65%, 15, 7, 4, 221.74, 3631255, 32, 555238, 0
8703, 361, 69, 73, 0, 0, 37.65%, 15, 7, 4, 220.09, 3632397, 32, 555725, 0
8709, 361, 61, 73, 0, 0, 37.65%, 15, 7, 4, 280.80, 3633712, 32, 556076, 0
8714, 361, 62, 73, 0, 0, 37.65%, 15, 7, 4, 268.14, 3635321, 32, 556424, 0
8719, 361, 50, 73, 0, 0, 37.65%, 15, 7, 4, 312.88, 3636984, 32, 556867, 0
8724, 361, 69, 73, 0, 0, 37.65%, 15, 7, 4, 234.35, 3638285, 32, 557295, 0
8729, 362, 0, 73, 0, 0, 37.65%, 15, 7, 4, 276.77, 3639937, 32, 557631, 0
8734, 362, 62, 73, 0, 0, 37.65%, 15, 7, 4, 462.53, 3642903, 32, 557802, 0
8739, 362, 62, 73, 0, 0, 37.65%, 15, 7, 4, 297.93, 3644159, 32, 558317, 0
8744, 362, 62, 73, 0, 0, 37.65%, 15, 7, 4, 249.21, 3645303, 32, 558793, 0
8750, 362, 62, 73, 0, 0, 37.65%, 15, 7, 4, 201.00, 3646318, 32, 559200, 0
8755, 362, 67, 73, 0, 0, 37.65%, 15, 7, 4, 196.42, 3647317, 32, 559517, 0
8760, 362, 39, 73, 0, 0, 37.65%, 15, 7, 4, 315.67, 3648788, 32, 559822, 0
8765, 362, 62, 73, 0, 0, 37.65%, 15, 7, 4, 267.06, 3650121, 32, 560376, 0
8770, 362, 62, 73, 0, 0, 37.65%, 15, 7, 4, 245.25, 3651351, 32, 561009, 0
8775, 362, 61, 73, 0, 0, 37.65%, 15, 7, 4, 321.37, 3653207, 32, 561544, 0
8780, 362, 62, 73, 0, 0, 37.65%, 15, 7, 4, 271.73, 3654588, 32, 561964, 0
8785, 362, 71, 73, 0, 0, 37.65%, 15, 7, 4, 205.10, 3655615, 32, 562342, 0
8790, 363, 5, 73, 0, 0, 37.65%, 15, 7, 4, 434.73, 3657723, 32, 562692, 0
8795, 363, 62, 73, 0, 0, 37.65%, 15, 7, 4, 323.19, 3659231, 32, 563065, 0
8800, 363, 62, 73, 0, 0, 37.65%, 15, 7, 4, 321.24, 3660859, 32, 563614, 0
8805, 363, 61, 73, 0, 0, 37.65%, 15, 7, 4, 239.51, 3661969, 32, 563940, 0
8810, 363, 62, 73, 0, 0, 37.65%, 15, 7, 4, 200.20, 3662993, 32, 564354, 0
8815, 363, 7, 73, 0, 0, 37.65%, 15, 7, 4, 243.90, 3664123, 32, 564705, 0
8820, 363, 62, 73, 0, 0, 37.65%, 15, 7, 4, 306.49, 3665833, 32, 565217, 0
8825, 363, 61, 73, 0, 0, 37.65%, 15, 7, 4, 278.52, 3667268, 32, 565651, 0
8831, 363, 62, 73, 0, 0, 37.65%, 15, 7, 4, 344.87, 3668871, 32, 566046, 0
8836, 363, 62, 73, 0, 0, 37.65%, 15, 7, 4, 250.28, 3669981, 32, 566616, 0
8841, 363, 68, 73, 0, 0, 37.65%, 15, 7, 4, 228.41, 3671147, 32, 567075, 0
8846, 363, 61, 73, 0, 0, 37.65%, 15, 7, 4, 294.00, 3672849, 32, 567541, 0
8851, 363, 62, 73, 0, 0, 37.65%, 15, 7, 4, 300.76, 3674200, 32, 567981, 0
8856, 364, 62, 73, 0, 0, 37.65%, 15, 7, 4, 188.03, 3675034, 32, 568413, 0
8861, 364, 52, 73, 0, 0, 37.65%, 15, 7, 4, 332.18, 3676553, 32, 568833, 0
8866, 364, 29, 73, 0, 0, 37.65%, 15, 7, 4, 292.54, 3677942, 32, 569431, 0
8871, 364, 62, 73, 0, 0, 37.65%, 15, 7, 4, 414.88, 3679967, 32, 569701, 0
8873, 364, 62, 73, 0, 0, 37.65%, 15, 7, 4, 369.43, 3680289, 32, 569868, 0
