# relative_time, cycles_done, cur_item, corpus_count, pending_total, pending_favs, map_size, saved_crashes, saved_hangs, max_depth, execs_per_sec, total_execs, edges_found, total_crashes, servers_count
60, 20, 7, 25, 1, 0, 30.59%, 14, 0, 2, 669.29, 46838, 26, 182, 0
66, 21, 22, 25, 1, 0, 30.59%, 14, 0, 2, 694.16, 50349, 26, 212, 0
71, 22, 5, 25, 0, 0, 30.59%, 14, 0, 2, 720.05, 53983, 26, 221, 0
76, 24, 0, 25, 0, 0, 30.59%, 14, 0, 2, 750.52, 57769, 26, 247, 0
81, 25, 5, 25, 0, 0, 30.59%, 14, 0, 2, 766.18, 61764, 26, 270, 0
86, 26, 24, 26, 1, 0, 30.59%, 14, 0, 2, 752.28, 65702, 26, 283, 0
91, 27, 7, 26, 0, 0, 30.59%, 15, 0, 2, 734.02, 69419, 26, 305, 0
96, 29, 0, 26, 0, 0, 30.59%, 15, 0, 2, 701.18, 72899, 26, 319, 0
101, 30, 7, 26, 0, 0, 30.59%, 15, 0, 2, 681.83, 76387, 26, 326, 0
106, 31, 5, 26, 0, 0, 30.59%, 15, 0, 2, 724.80, 80102, 26, 332, 0
112, 33, 7, 26, 0, 0, 30.59%, 15, 0, 2, 738.77, 83955, 26, 335, 0
117, 34, 3, 26, 0, 0, 30.59%, 15, 0, 2, 720.68, 87594, 26, 346, 0
122, 35, 5, 26, 0, 0, 30.59%, 15, 0, 2, 720.13, 91219, 26, 350, 0
127, 37, 7, 26, 0, 0, 30.59%, 15, 0, 2, 734.55, 94909, 26, 358, 0
132, 38, 7, 26, 0, 0, 30.59%, 15, 0, 2, 747.29, 98669, 26, 364, 0
137, 39, 5, 26, 0, 0, 30.59%, 15, 0, 2, 720.28, 102283, 26, 381, 0
142, 41, 7, 26, 0, 0, 30.59%, 15, 0, 2, 739.69, 105991, 26, 400, 0
147, 42, 8, 26, 0, 0, 30.59%, 15, 0, 2, 743.81, 109877, 26, 425, 0
152, 43, 5, 26, 0, 0, 30.59%, 15, 0, 2, 757.78, 113759, 26, 448, 0
157, 44, 7, 27, 0, 0, 30.59%, 15, 0, 2, 744.66, 117629, 26, 478, 0
162, 45, 6, 27, 0, 0, 30.59%, 15, 0, 2, 763.03, 121483, 26, 484, 0
168, 47, 6, 27, 0, 0, 30.59%, 15, 0, 2, 759.42, 125413, 26, 508, 0
173, 48, 6, 27, 0, 0, 30.59%, 15, 0, 2, 757.42, 129223, 26, 511, 0
178, 49, 7, 27, 0, 0, 30.59%, 15, 0, 2, 668.12, 132651, 26, 518, 0
183, 51, 25, 27, 0, 0, 30.59%, 15, 0, 2, 667.64, 136021, 26, 526, 0
188, 52, 7, 27, 0, 0, 30.59%, 15, 0, 2, 732.47, 139671, 26, 534, 0
193, 53, 24, 27, 0, 0, 30.59%, 15, 0, 2, 748.37, 143493, 26, 553, 0
198, 54, 25, 27, 0, 0, 30.59%, 15, 0, 2, 690.66, 147053, 26, 568, 0
203, 55, 5, 27, 0, 0, 30.59%, 15, 0, 2, 673.04, 150401, 26, 594, 0
208, 57, 5, 27, 0, 0, 30.59%, 15, 0, 2, 708.87, 153937, 26, 611, 0
213, 58, 25, 27, 0, 0, 30.59%, 15, 0, 2, 705.47, 157474, 26, 620, 0
218, 59, 5, 27, 0, 0, 30.59%, 15, 0, 2, 747.68, 161387, 26, 632, 0
223, 60, 7, 28, 0, 0, 30.59%, 15, 0, 2, 729.96, 165083, 26, 643, 0
229, 62, 8, 28, 0, 0, 30.59%, 15, 0, 2, 735.88, 168825, 26, 651, 0
234, 63, 24, 28, 0, 0, 30.59%, 15, 0, 2, 749.19, 172591, 26, 667, 0
239, 64, 5, 28, 0, 0, 30.59%, 15, 0, 2, 723.54, 176337, 26, 681, 0
244, 65, 5, 28, 0, 0, 30.59%, 15, 0, 2, 753.61, 180161, 26, 697, 0
249, 67, 7, 28, 0, 0, 30.59%, 15, 0, 2, 730.22, 183829, 26, 709, 0
254, 68, 6, 28, 0, 0, 30.59%, 15, 1, 2, 754.38, 186872, 26, 723, 0
259, 69, 5, 28, 0, 0, 30.59%, 15, 1, 2, 727.49, 190538, 26, 753, 0
264, 70, 5, 28, 0, 0, 30.59%, 15, 1, 2, 747.57, 194321, 26, 761, 0
269, 71, 10, 28, 0, 0, 30.59%, 15, 1, 2, 747.85, 198205, 26, 776, 0
274, 72, 25, 28, 0, 0, 30.59%, 15, 1, 2, 733.42, 201898, 26, 794, 0
279, 74, 6, 28, 0, 0, 30.59%, 15, 1, 2, 732.44, 205599, 26, 814, 0
285, 75, 7, 30, 1, 0, 30.59%, 15, 1, 2, 735.53, 209437, 26, 832, 0
290, 76, 6, 30, 0, 0, 30.59%, 15, 1, 2, 729.43, 213099, 26, 852, 0
295, 77, 7, 30, 0, 0, 30.59%, 15, 1, 2, 706.62, 216668, 26, 867, 0
300, 78, 7, 30, 0, 0, 30.59%, 15, 1, 2, 702.74, 220268, 26, 879, 0
305, 80, 7, 30, 0, 0, 30.59%, 15, 1, 2, 710.99, 223860, 26, 892, 0
310, 81, 6, 30, 0, 0, 30.59%, 15, 1, 2, 725.22, 227699, 26, 907, 0
315, 82, 20, 30, 0, 0, 30.59%, 15, 1, 2, 668.21, 230931, 26, 923, 0
320, 83, 5, 30, 0, 0, 30.59%, 15, 1, 2, 729.08, 234599, 26, 937, 0
325, 84, 7, 30, 0, 0, 30.59%, 15, 1, 2, 691.95, 238032, 26, 962, 0
330, 85, 6, 30, 0, 0, 30.59%, 15, 1, 2, 624.31, 241151, 26, 989, 0
336, 86, 9, 30, 0, 0, 30.59%, 15, 1, 2, 606.25, 244151, 26, 1005, 0
341, 87, 8, 30, 0, 0, 30.59%, 15, 1, 2, 696.84, 247705, 26, 1014, 0
346, 88, 6, 30, 0, 0, 30.59%, 15, 1, 2, 695.11, 251293, 26, 1039, 0
351, 90, 1, 30, 0, 0, 30.59%, 15, 1, 2, 715.97, 255052, 26, 1046, 0
356, 91, 8, 30, 0, 0, 30.59%, 15, 1, 2, 701.18, 258646, 26, 1065, 0
361, 92, 12, 30, 0, 0, 30.59%, 15, 1, 2, 689.87, 261982, 26, 1076, 0
366, 93, 4, 30, 0, 0, 30.59%, 15, 1, 2, 734.58, 265721, 26, 1087, 0
371, 94, 8, 30, 0, 0, 30.59%, 15, 1, 2, 713.71, 269196, 26, 1089, 0
376, 96, 6, 30, 0, 0, 30.59%, 15, 1, 2, 722.32, 272824, 26, 1098, 0
381, 97, 5, 30, 0, 0, 30.59%, 15, 1, 2, 695.21, 276478, 26, 1112, 0
387, 98, 5, 30, 0, 0, 30.59%, 15, 1, 2, 658.47, 280017, 26, 1123, 0
392, 99, 0, 30, 0, 0, 30.59%, 15, 1, 2, 707.18, 283674, 26, 1148, 0
397, 101, 8, 30, 0, 0, 30.59%, 15, 1, 2, 729.20, 287493, 26, 1159, 0
402, 102, 28, 30, 0, 0, 30.59%, 15, 1, 2, 701.59, 290978, 26, 1176, 0
407, 103, 6, 30, 0, 0, 30.59%, 15, 1, 2, 704.61, 294568, 26, 1194, 0
412, 104, 5, 30, 0, 0, 30.59%, 15, 1, 2, 748.96, 298396, 26, 1198, 0
417, 105, 17, 31, 0, 0, 30.59%, 15, 1, 2, 745.73, 302130, 26, 1239, 0
422, 106, 30, 31, 0, 0, 30.59%, 15, 1, 2, 759.00, 306099, 26, 1277, 0
427, 107, 24, 31, 0, 0, 30.59%, 15, 1, 2, 751.73, 309864, 26, 1306, 0
433, 109, 7, 31, 0, 0, 30.59%, 15, 1, 2, 708.74, 313583, 26, 1338, 0
438, 110, 7, 31, 0, 0, 30.59%, 15, 1, 2, 702.38, 317040, 26, 1368, 0
443, 111, 7, 31, 0, 0, 30.59%, 15, 1, 2, 744.73, 320822, 26, 1384, 0
448, 112, 28, 31, 0, 0, 30.59%, 15, 1, 2, 744.00, 324611, 26, 1415, 0
453, 113, 7, 31, 0, 0, 30.59%, 15, 1, 2, 741.92, 328341, 26, 1437, 0
458, 114, 5, 31, 0, 0, 30.59%, 15, 1, 2, 753.68, 332139, 26, 1456, 0
463, 115, 8, 31, 0, 0, 30.59%, 15, 1, 2, 711.78, 335694, 26, 1481, 0
468, 117, 6, 31, 0, 0, 30.59%, 15, 1, 2, 641.23, 338897, 26, 1518, 0
473, 118, 24, 31, 0, 0, 30.59%, 15, 1, 2, 711.93, 342519, 26, 1548, 0
478, 119, 24, 31, 0, 0, 30.59%, 15, 1, 2, 757.29, 346369, 26, 1572, 0
483, 120, 4, 31, 0, 0, 30.59%, 15, 1, 2, 731.45, 349941, 26, 1591, 0
488, 121, 7, 32, 0, 0, 30.59%, 15, 1, 2, 744.65, 353678, 26, 1615, 0
493, 122, 5, 32, 0, 0, 30.59%, 15, 1, 2, 738.48, 357423, 26, 1641, 0
498, 123, 8, 32, 0, 0, 30.59%, 15, 1, 2, 763.20, 361413, 26, 1669, 0
503, 124, 7, 32, 0, 0, 30.59%, 15, 1, 2, 707.12, 364970, 26, 1710, 0
508, 125, 5, 32, 0, 0, 30.59%, 15, 1, 2, 723.55, 368531, 26, 1735, 0
513, 126, 0, 32, 0, 0, 30.59%, 15, 1, 2, 740.10, 372298, 26, 1774, 0
518, 127, 24, 32, 0, 0, 30.59%, 15, 1, 2, 753.14, 376081, 26, 1799, 0
523, 128, 6, 32, 0, 0, 30.59%, 15, 1, 2, 764.35, 379979, 26, 1818, 0
529, 130, 7, 32, 0, 0, 30.59%, 15, 1, 2, 726.11, 383723, 26, 1833, 0
534, 131, 24, 32, 0, 0, 30.59%, 15, 1, 2, 704.70, 387256, 26, 1852, 0
539, 132, 0, 32, 0, 0, 30.59%, 15, 1, 2, 717.45, 390867, 26, 1872, 0
544, 133, 6, 32, 0, 0, 30.59%, 15, 1, 2, 731.03, 394545, 26, 1898, 0
549, 134, 31, 32, 0, 0, 30.59%, 15, 1, 2, 654.17, 398084, 26, 1922, 0
554, 135, 5, 32, 0, 0, 30.59%, 15, 1, 2, 691.21, 401591, 26, 1943, 0
559, 136, 7, 32, 0, 0, 30.59%, 15, 1, 2, 720.02, 405384, 26, 1973, 0
564, 137, 28, 32, 0, 0, 30.59%, 15, 1, 2, 749.01, 409299, 26, 2013, 0
569, 138, 24, 32, 0, 0, 30.59%, 15, 1, 2, 762.44, 413104, 26, 2036, 0
574, 139, 14, 32, 0, 0, 30.59%, 15, 1, 2, 750.78, 416828, 26, 2060, 0
579, 141, 24, 32, 0, 0, 30.59%, 15, 1, 2, 758.40, 420644, 26, 2085, 0
584, 142, 12, 32, 0, 0, 30.59%, 15, 1, 2, 766.40, 424488, 26, 2110, 0
589, 143, 6, 32, 0, 0, 30.59%, 15, 1, 2, 767.72, 428319, 26, 2149, 0
595, 144, 5, 32, 0, 0, 30.59%, 15, 1, 2, 702.22, 432398, 26, 2174, 0
600, 145, 34, 42, 10, 0, 31.76%, 15, 1, 2, 641.01, 435694, 27, 2179, 0
605, 145, 41, 42, 8, 0, 31.76%, 16, 1, 2, 624.22, 438855, 27, 2191, 0
610, 145, 39, 42, 6, 0, 31.76%, 16, 1, 2, 630.78, 442182, 27, 2221, 0
615, 145, 40, 42, 5, 0, 31.76%, 16, 1, 2, 668.61, 445606, 27, 2232, 0
620, 145, 36, 42, 3, 0, 31.76%, 16, 1, 2, 682.87, 449242, 27, 2253, 0
625, 145, 37, 42, 2, 0, 31.76%, 16, 1, 2, 662.50, 452595, 27, 2276, 0
630, 145, 5, 42, 1, 0, 31.76%, 16, 1, 2, 704.92, 456171, 27, 2310, 0
635, 146, 36, 43, 1, 0, 31.76%, 16, 1, 2, 710.27, 459859, 27, 2356, 0
640, 146, 33, 43, 1, 0, 31.76%, 16, 1, 2, 742.68, 463595, 27, 2374, 0
646, 147, 36, 44, 1, 0, 31.76%, 16, 1, 2, 730.41, 467273, 27, 2423, 0
651, 147, 44, 45, 1, 0, 31.76%, 16, 1, 2, 726.47, 470899, 27, 2468, 0
656, 147, 36, 45, 0, 0, 31.76%, 16, 1, 2, 696.27, 474519, 27, 2494, 0
661, 147, 36, 45, 0, 0, 31.76%, 16, 1, 2, 702.22, 478052, 27, 2555, 0
666, 148, 36, 46, 1, 0, 31.76%, 16, 1, 2, 719.60, 481654, 27, 2606, 0
671, 148, 36, 46, 1, 0, 31.76%, 16, 1, 2, 696.92, 485132, 27, 2667, 0
676, 148, 36, 46, 1, 0, 31.76%, 16, 1, 2, 716.69, 488777, 27, 2700, 0
681, 149, 39, 46, 1, 0, 31.76%, 16, 1, 2, 712.45, 492449, 27, 2771, 0
686, 149, 36, 46, 1, 0, 31.76%, 16, 1, 2, 719.68, 496079, 27, 2807, 0
691, 150, 7, 46, 1, 0, 31.76%, 16, 1, 2, 710.28, 499699, 27, 2868, 0
696, 150, 36, 46, 0, 0, 31.76%, 16, 1, 2, 710.68, 503291, 27, 2925, 0
701, 151, 36, 46, 0, 0, 31.76%, 16, 1, 2, 701.75, 506798, 27, 2996, 0
706, 151, 36, 46, 0, 0, 31.76%, 16, 1, 2, 711.14, 510557, 27, 3051, 0
711, 151, 24, 46, 0, 0, 31.76%, 16, 1, 2, 728.71, 514224, 27, 3085, 0
716, 152, 36, 46, 0, 0, 31.76%, 16, 1, 2, 713.27, 517835, 27, 3137, 0
721, 152, 36, 46, 0, 0, 31.76%, 16, 1, 2, 719.09, 521443, 27, 3192, 0
727, 153, 46, 47, 1, 1, 36.47%, 16, 1, 2, 616.20, 524793, 31, 3340, 0
732, 153, 46, 47, 0, 0, 36.47%, 16, 1, 2, 593.97, 528008, 31, 3484, 0
737, 154, 0, 48, 1, 0, 36.47%, 16, 1, 2, 710.63, 531695, 31, 3541, 0
742, 154, 33, 48, 0, 0, 36.47%, 16, 1, 2, 639.59, 534834, 31, 3666, 0
747, 154, 0, 48, 0, 0, 36.47%, 16, 1, 2, 706.65, 538601, 31, 3744, 0
752, 154, 36, 48, 0, 0, 36.47%, 16, 1, 2, 638.30, 541759, 31, 3871, 0
757, 155, 36, 48, 0, 0, 36.47%, 16, 1, 2, 706.89, 545539, 31, 3913, 0
762, 155, 36, 48, 0, 0, 36.47%, 16, 1, 2, 717.36, 549113, 31, 3978, 0
768, 156, 34, 48, 0, 0, 36.47%, 16, 1, 2, 709.94, 552903, 31, 4041, 0
773, 156, 36, 48, 0, 0, 36.47%, 16, 1, 2, 680.54, 556260, 31, 4077, 0
778, 157, 36, 48, 0, 0, 36.47%, 16, 1, 2, 640.68, 559359, 31, 4156, 0
783, 157, 46, 48, 0, 0, 36.47%, 16, 1, 2, 623.63, 562588, 31, 4336, 0
788, 157, 31, 48, 0, 0, 36.47%, 16, 1, 2, 649.75, 565798, 31, 4497, 0
793, 158, 0, 48, 0, 0, 36.47%, 16, 1, 2, 696.72, 569488, 31, 4566, 0
798, 158, 36, 48, 0, 0, 36.47%, 16, 1, 2, 633.03, 572512, 31, 4859, 0
803, 158, 36, 48, 0, 0, 36.47%, 16, 1, 2, 713.60, 576154, 31, 4903, 0
808, 158, 34, 48, 0, 0, 36.47%, 16, 1, 2, 667.63, 579503, 31, 4970, 0
813, 159, 7, 48, 0, 0, 36.47%, 16, 1, 2, 690.57, 582938, 31, 5023, 0
818, 159, 24, 48, 0, 0, 36.47%, 16, 1, 2, 709.14, 586551, 31, 5068, 0
823, 160, 36, 48, 0, 0, 36.47%, 16, 1, 2, 675.43, 589856, 31, 5275, 0
828, 160, 5, 48, 0, 0, 36.47%, 16, 1, 2, 720.23, 593485, 31, 5309, 0
833, 160, 41, 48, 0, 0, 36.47%, 16, 1, 2, 501.64, 595937, 31, 5528, 0
839, 160, 24, 48, 0, 0, 36.47%, 16, 1, 2, 607.31, 599274, 31, 5592, 0
844, 161, 36, 48, 0, 0, 36.47%, 16, 1, 2, 640.34, 602541, 31, 5650, 0
849, 161, 36, 48, 0, 0, 36.47%, 16, 1, 2, 533.06, 605277, 31, 5807, 0
854, 161, 0, 48, 0, 0, 36.47%, 16, 1, 2, 538.71, 608162, 31, 5995, 0
859, 162, 46, 49, 1, 0, 36.47%, 16, 1, 2, 595.30, 611294, 31, 6200, 0
864, 162, 35, 49, 0, 0, 36.47%, 16, 1, 2, 655.05, 614630, 31, 6264, 0
869, 162, 41, 49, 0, 0, 36.47%, 16, 1, 2, 598.48, 617792, 31, 6369, 0
874, 162, 0, 49, 0, 0, 36.47%, 16, 1, 2, 703.19, 621437, 31, 6422, 0
879, 163, 36, 49, 0, 0, 36.47%, 16, 1, 2, 660.72, 624745, 31, 6508, 0
884, 163, 5, 49, 0, 0, 36.47%, 16, 1, 2, 702.35, 628348, 31, 6564, 0
889, 163, 41, 49, 0, 0, 36.47%, 16, 1, 2, 670.15, 631589, 31, 6719, 0
894, 164, 49, 50, 1, 0, 36.47%, 16, 1, 2, 639.89, 634685, 31, 6948, 0
899, 164, 46, 50, 0, 0, 36.47%, 16, 2, 2, 698.74, 637294, 31, 7086, 0
905, 164, 36, 50, 0, 0, 36.47%, 16, 3, 2, 715.62, 640179, 31, 7219, 0
910, 165, 5, 50, 0, 0, 36.47%, 16, 3, 2, 697.51, 643832, 31, 7273, 0
915, 165, 36, 50, 0, 0, 36.47%, 16, 4, 2, 512.49, 646215, 31, 7434, 0
920, 165, 46, 50, 0, 0, 36.47%, 16, 4, 2, 616.75, 649537, 31, 7528, 0
925, 165, 46, 50, 0, 0, 36.47%, 16, 4, 2, 664.50, 652826, 31, 7699, 0
930, 166, 49, 50, 0, 0, 36.47%, 16, 4, 2, 668.54, 656407, 31, 7777, 0
935, 166, 36, 50, 0, 0, 36.47%, 16, 4, 2, 637.80, 659616, 31, 8024, 0
940, 166, 43, 50, 0, 0, 36.47%, 16, 4, 2, 643.78, 662883, 31, 8206, 0
945, 167, 8, 50, 0, 0, 36.47%, 16, 4, 2, 700.71, 666496, 31, 8317, 0
950, 167, 49, 50, 0, 0, 36.47%, 16, 4, 2, 718.12, 670163, 31, 8383, 0
955, 167, 46, 50, 0, 0, 36.47%, 16, 4, 2, 647.63, 673576, 31, 8479, 0
961, 168, 41, 50, 0, 0, 36.47%, 16, 4, 2, 668.42, 677101, 31, 8562, 0
966, 168, 5, 50, 0, 0, 36.47%, 16, 4, 2, 710.08, 680658, 31, 8625, 0
971, 169, 46, 50, 0, 0, 36.47%, 16, 4, 2, 727.33, 684361, 31, 8677, 0
976, 169, 36, 50, 0, 0, 36.47%, 16, 4, 2, 739.20, 688150, 31, 8791, 0
981, 169, 36, 50, 0, 0, 36.47%, 16, 4, 2, 735.17, 691849, 31, 8854, 0
986, 170, 0, 50, 0, 0, 36.47%, 16, 4, 2, 709.82, 695339, 31, 8899, 0
991, 170, 35, 50, 0, 0, 36.47%, 16, 4, 2, 689.52, 698818, 31, 8938, 0
996, 171, 36, 50, 0, 0, 36.47%, 16, 4, 2, 653.59, 701923, 31, 9153, 0
1001, 171, 36, 50, 0, 0, 36.47%, 16, 4, 2, 707.04, 705503, 31, 9224, 0
1006, 171, 46, 50, 0, 0, 36.47%, 16, 4, 2, 724.24, 709228, 31, 9283, 0
1011, 172, 49, 50, 0, 0, 36.47%, 16, 4, 2, 717.06, 712681, 31, 9446, 0
1016, 172, 43, 50, 0, 0, 36.47%, 16, 4, 2, 700.36, 716247, 31, 9580, 0
1021, 172, 46, 50, 0, 0, 36.47%, 16, 4, 2, 675.77, 719649, 31, 9753, 0
1027, 172, 36, 50, 0, 0, 36.47%, 16, 4, 2, 706.11, 723342, 31, 9845, 0
1032, 173, 34, 50, 0, 0, 36.47%, 16, 4, 2, 723.98, 727051, 31, 9889, 0
1037, 173, 36, 50, 0, 0, 36.47%, 16, 4, 2, 707.48, 730575, 31, 9963, 0
1042, 174, 36, 50, 0, 0, 36.47%, 16, 4, 2, 726.30, 734308, 31, 10021, 0
1047, 174, 6, 50, 0, 0, 36.47%, 16, 4, 2, 705.48, 737825, 31, 10143, 0
1052, 174, 36, 50, 0, 0, 36.47%, 16, 4, 2, 704.88, 741347, 31, 10189, 0
1057, 175, 7, 50, 0, 0, 36.47%, 16, 4, 2, 690.62, 744835, 31, 10329, 0
1062, 175, 5, 50, 0, 0, 36.47%, 16, 4, 2, 688.25, 748259, 31, 10493, 0
1067, 175, 49, 50, 0, 0, 36.47%, 16, 4, 2, 666.97, 751540, 31, 10682, 0
1072, 176, 49, 50, 0, 0, 36.47%, 16, 4, 2, 659.74, 755007, 31, 10833, 0
1077, 176, 5, 50, 0, 0, 36.47%, 16, 4, 2, 713.71, 758683, 31, 10907, 0
1082, 176, 36, 50, 0, 0, 36.47%, 16, 4, 2, 695.59, 762026, 31, 11060, 0
1087, 177, 36, 50, 0, 0, 36.47%, 16, 4, 2, 676.00, 765379, 31, 11215, 0
1092, 177, 7, 50, 0, 0, 36.47%, 16, 4, 2, 742.95, 769186, 31, 11259, 0
1097, 177, 5, 50, 0, 0, 36.47%, 16, 4, 2, 669.97, 772507, 31, 11398, 0
1102, 178, 46, 51, 0, 0, 36.47%, 16, 4, 2, 515.70, 775016, 31, 11781, 0
1108, 178, 50, 51, 0, 0, 36.47%, 16, 4, 2, 678.35, 778764, 31, 11851, 0
1113, 178, 5, 51, 0, 0, 36.47%, 16, 4, 2, 667.50, 782173, 31, 12023, 0
1118, 179, 46, 52, 1, 0, 36.47%, 16, 4, 2, 644.16, 785445, 31, 12253, 0
1123, 179, 51, 52, 0, 0, 36.47%, 16, 4, 2, 492.83, 787764, 31, 12587, 0
1128, 179, 36, 52, 0, 0, 36.47%, 16, 4, 2, 597.25, 790948, 31, 12901, 0
1133, 179, 36, 52, 0, 0, 36.47%, 16, 4, 2, 624.44, 794197, 31, 13111, 0
1138, 179, 5, 52, 0, 0, 36.47%, 16, 4, 2, 672.52, 797573, 31, 13286, 0
1143, 180, 49, 52, 0, 0, 36.47%, 16, 4, 2, 595.10, 800445, 31, 13641, 0
1148, 180, 46, 52, 0, 0, 36.47%, 16, 4, 2, 673.48, 803966, 31, 13762, 0
1153, 180, 46, 52, 0, 0, 36.47%, 16, 4, 2, 552.95, 806892, 31, 14148, 0
1158, 180, 42, 52, 0, 0, 36.47%, 16, 4, 2, 577.55, 809906, 31, 14444, 0
1163, 181, 49, 52, 0, 0, 36.47%, 16, 4, 2, 554.50, 812729, 31, 14866, 0
1168, 181, 46, 52, 0, 0, 36.47%, 16, 4, 2, 606.61, 815803, 31, 15153, 0
1174, 181, 46, 52, 0, 0, 36.47%, 16, 4, 2, 596.89, 818597, 31, 15589, 0
1179, 181, 7, 52, 0, 0, 36.47%, 16, 4, 2, 652.27, 822167, 31, 15799, 0
1184, 181, 36, 52, 0, 0, 36.47%, 16, 4, 2, 615.11, 825197, 31, 16083, 0
1189, 182, 46, 52, 0, 0, 36.47%, 17, 4, 2, 639.03, 828251, 31, 16300, 0
1194, 182, 36, 52, 0, 0, 36.47%, 17, 4, 2, 660.98, 831696, 31, 16463, 0
1199, 182, 46, 52, 0, 0, 36.47%, 17, 4, 2, 621.48, 834862, 31, 16782, 0
1204, 182, 46, 52, 0, 0, 36.47%, 17, 4, 2, 630.86, 838118, 31, 16997, 0
1209, 182, 36, 52, 0, 0, 36.47%, 17, 4, 2, 660.32, 841400, 31, 17209, 0
1214, 183, 35, 53, 0, 0, 36.47%, 17, 4, 2, 672.78, 844859, 31, 17291, 0
1219, 183, 22, 53, 0, 0, 36.47%, 17, 4, 2, 586.38, 847799, 31, 17653, 0
1224, 183, 36, 53, 0, 0, 36.47%, 17, 4, 2, 622.10, 850910, 31, 17871, 0
1230, 183, 41, 53, 0, 0, 36.47%, 17, 4, 2, 717.01, 854719, 31, 17918, 0
1235, 184, 7, 53, 0, 0, 36.47%, 17, 4, 2, 707.39, 858365, 31, 18061, 0
1240, 184, 36, 53, 0, 0, 36.47%, 17, 4, 2, 631.69, 861321, 31, 18400, 0
1245, 184, 6, 53, 0, 0, 36.47%, 17, 4, 2, 577.38, 864393, 31, 18745, 0
1250, 184, 7, 53, 0, 0, 36.47%, 17, 4, 2, 665.27, 867659, 31, 19012, 0
1255, 184, 36, 53, 0, 0, 36.47%, 17, 4, 2, 658.85, 870920, 31, 19193, 0
1260, 184, 46, 53, 0, 0, 36.47%, 17, 4, 2, 563.92, 873730, 31, 19575, 0
1265, 185, 5, 53, 0, 0, 36.47%, 17, 4, 2, 576.81, 876788, 31, 19794, 0
1270, 185, 12, 53, 0, 0, 36.47%, 17, 4, 2, 597.57, 879833, 31, 19990, 0
1275, 185, 0, 53, 0, 0, 36.47%, 17, 4, 2, 534.04, 882482, 31, 20380, 0
1281, 185, 24, 53, 0, 0, 36.47%, 17, 4, 2, 602.65, 885698, 31, 20593, 0
1286, 186, 46, 53, 0, 0, 36.47%, 17, 5, 2, 457.58, 887963, 31, 20864, 0
1291, 186, 46, 53, 0, 0, 36.47%, 17, 5, 2, 551.51, 890874, 31, 21258, 0
1296, 186, 0, 53, 0, 0, 36.47%, 17, 5, 2, 654.55, 894342, 31, 21352, 0
1301, 186, 0, 53, 0, 0, 36.47%, 17, 5, 2, 668.65, 897855, 31, 21397, 0
1306, 187, 50, 53, 0, 0, 36.47%, 17, 5, 2, 646.79, 901327, 31, 21464, 0
1311, 187, 41, 53, 0, 0, 36.47%, 17, 5, 2, 540.63, 903907, 31, 21871, 0
1316, 187, 24, 53, 0, 0, 36.47%, 17, 5, 2, 560.71, 906798, 31, 22086, 0
1321, 187, 49, 53, 0, 0, 36.47%, 17, 5, 2, 623.81, 909986, 31, 22301, 0
1326, 188, 5, 53, 0, 0, 36.47%, 17, 5, 2, 616.60, 913007, 31, 22535, 0
1331, 188, 50, 53, 0, 0, 36.47%, 17, 5, 2, 607.54, 916081, 31, 22867, 0
1336, 188, 46, 53, 0, 0, 36.47%, 17, 5, 2, 720.63, 919029, 31, 23220, 0
1342, 188, 0, 53, 0, 0, 36.47%, 17, 5, 2, 706.60, 922631, 31, 23314, 0
1347, 188, 36, 53, 0, 0, 36.47%, 17, 5, 2, 668.29, 925748, 31, 23532, 0
1352, 189, 46, 53, 0, 0, 36.47%, 17, 5, 2, 581.88, 928695, 31, 23881, 0
1357, 189, 50, 53, 0, 0, 36.47%, 17, 5, 2, 603.18, 931838, 31, 24121, 0
1362, 189, 46, 53, 0, 0, 36.47%, 17, 5, 2, 485.69, 934213, 31, 24620, 0
1367, 189, 46, 53, 0, 0, 36.47%, 17, 5, 2, 654.01, 937770, 31, 24781, 0
1372, 189, 46, 53, 0, 0, 36.47%, 17, 5, 2, 592.16, 940537, 31, 25183, 0
1377, 190, 46, 53, 0, 0, 36.47%, 17, 5, 2, 648.64, 943880, 31, 25416, 0
1382, 190, 46, 53, 0, 0, 36.47%, 17, 5, 2, 624.57, 947176, 31, 25649, 0
1388, 190, 36, 53, 0, 0, 36.47%, 17, 5, 2, 642.39, 950567, 31, 25854, 0
1393, 190, 10, 53, 0, 0, 36.47%, 17, 5, 2, 602.96, 953520, 31, 26113, 0
1398, 190, 8, 53, 0, 0, 36.47%, 17, 5, 2, 621.46, 956676, 31, 26267, 0
1403, 191, 46, 53, 0, 0, 36.47%, 17, 5, 2, 670.31, 960180, 31, 26440, 0
1408, 191, 11, 53, 0, 0, 36.47%, 17, 5, 2, 707.96, 963760, 31, 26529, 0
1413, 191, 46, 53, 0, 0, 36.47%, 17, 5, 2, 623.36, 966670, 31, 26869, 0
1418, 191, 7, 53, 0, 0, 36.47%, 17, 5, 2, 631.89, 969964, 31, 27088, 0
1423, 191, 36, 53, 0, 0, 36.47%, 17, 5, 2, 597.54, 972934, 31, 27346, 0
1428, 192, 36, 53, 0, 0, 36.47%, 17, 5, 2, 621.78, 975998, 31, 27588, 0
1433, 192, 42, 53, 0, 0, 36.47%, 17, 5, 2, 671.47, 979449, 31, 27716, 0
1438, 192, 36, 53, 0, 0, 36.47%, 17, 5, 2, 551.43, 982245, 31, 28055, 0
1443, 192, 46, 53, 0, 0, 36.47%, 17, 5, 2, 584.87, 985431, 31, 28268, 0
1448, 193, 6, 53, 0, 0, 36.47%, 17, 5, 2, 639.98, 988699, 31, 28442, 0
1454, 193, 40, 53, 0, 0, 36.47%, 17, 5, 2, 653.92, 991951, 31, 28680, 0
1459, 193, 36, 53, 0, 0, 36.47%, 17, 5, 2, 690.28, 995535, 31, 28787, 0
1464, 193, 36, 53, 0, 0, 36.47%, 17, 5, 2, 624.74, 998573, 31, 29086, 0
1469, 194, 46, 53, 0, 0, 36.47%, 17, 5, 2, 568.84, 1001493, 31, 29344, 0
1474, 194, 46, 53, 0, 0, 36.47%, 17, 5, 2, 612.95, 1004665, 31, 29549, 0
1479, 194, 36, 53, 0, 0, 36.47%, 17, 5, 2, 582.23, 1007359, 31, 29961, 0
1484, 194, 32, 53, 0, 0, 36.47%, 17, 5, 2, 705.63, 1011106, 31, 30060, 0
1489, 194, 46, 53, 0, 0, 36.47%, 17, 5, 2, 631.32, 1014350, 31, 30264, 0
1494, 195, 46, 53, 0, 0, 36.47%, 17, 5, 2, 655.46, 1017718, 31, 30411, 0
1499, 195, 36, 53, 0, 0, 36.47%, 17, 5, 2, 621.76, 1020591, 31, 30734, 0
1504, 195, 46, 53, 0, 0, 36.47%, 17, 5, 2, 661.34, 1023986, 31, 30849, 0
1509, 195, 36, 53, 0, 0, 36.47%, 17, 5, 2, 649.32, 1027070, 31, 31114, 0
1514, 196, 46, 53, 0, 0, 36.47%, 17, 5, 2, 646.06, 1030346, 31, 31211, 0
1519, 196, 46, 53, 0, 0, 36.47%, 17, 5, 2, 599.37, 1033238, 31, 31479, 0
1525, 196, 48, 53, 0, 0, 36.47%, 17, 5, 2, 607.86, 1036285, 31, 31695, 0
1530, 196, 46, 53, 0, 0, 36.47%, 17, 5, 2, 641.81, 1039642, 31, 31882, 0
1535, 197, 46, 54, 1, 0, 36.47%, 17, 5, 2, 684.95, 1042664, 31, 32212, 0
1540, 197, 46, 54, 0, 0, 36.47%, 17, 5, 2, 620.82, 1045890, 31, 32328, 0
1545, 197, 6, 54, 0, 0, 36.47%, 17, 5, 2, 646.16, 1048884, 31, 32646, 0
1550, 197, 46, 54, 0, 0, 36.47%, 17, 5, 2, 630.66, 1052215, 31, 32881, 0
1555, 197, 36, 54, 0, 0, 36.47%, 17, 5, 2, 624.83, 1055247, 31, 33185, 0
1560, 197, 6, 54, 0, 0, 36.47%, 17, 5, 2, 581.48, 1058343, 31, 33470, 0
1565, 198, 36, 54, 0, 0, 36.47%, 17, 5, 2, 597.94, 1061507, 31, 33795, 0
1571, 198, 36, 54, 0, 0, 36.47%, 17, 5, 2, 617.29, 1064617, 31, 34162, 0
1576, 198, 46, 54, 0, 0, 36.47%, 17, 5, 2, 644.97, 1068038, 31, 34321, 0
1581, 198, 46, 54, 0, 0, 36.47%, 17, 5, 2, 655.66, 1071404, 31, 34495, 0
1586, 198, 46, 54, 0, 0, 36.47%, 17, 5, 2, 587.94, 1074158, 31, 34854, 0
1591, 199, 46, 54, 0, 0, 36.47%, 17, 5, 2, 526.03, 1076858, 31, 35200, 0
1596, 199, 24, 54, 0, 0, 36.47%, 17, 5, 2, 541.84, 1079706, 31, 35536, 0
1601, 199, 46, 54, 0, 0, 36.47%, 17, 5, 2, 608.60, 1082825, 31, 35769, 0
1606, 199, 46, 54, 0, 0, 36.47%, 17, 5, 2, 622.73, 1085940, 31, 35914, 0
1611, 200, 46, 54, 0, 0, 36.47%, 17, 5, 2, 670.97, 1089342, 31, 36055, 0
1616, 200, 36, 54, 0, 0, 36.47%, 17, 5, 2, 632.06, 1092433, 31, 36276, 0
1621, 200, 46, 54, 0, 0, 36.47%, 17, 5, 2, 528.96, 1095089, 31, 36668, 0
1626, 200, 8, 54, 0, 0, 36.47%, 17, 5, 2, 542.94, 1097674, 31, 36991, 0
1631, 200, 36, 54, 0, 0, 36.47%, 17, 5, 2, 650.75, 1101084, 31, 37203, 0
1636, 200, 46, 54, 0, 0, 36.47%, 17, 5, 2, 479.33, 1103806, 31, 37425, 0
1642, 200, 39, 54, 0, 0, 36.47%, 17, 5, 2, 210.80, 1106229, 31, 37580, 0
1647, 201, 36, 54, 0, 0, 36.47%, 17, 5, 2, 557.21, 1109475, 31, 37696, 0
1652, 201, 24, 54, 0, 0, 36.47%, 17, 5, 2, 530.80, 1112203, 31, 38157, 0
1657, 201, 36, 54, 0, 0, 36.47%, 17, 5, 2, 570.84, 1115171, 31, 38416, 0
1662, 201, 46, 54, 0, 0, 36.47%, 17, 5, 2, 642.48, 1118577, 31, 38498, 0
1667, 201, 46, 54, 0, 0, 36.47%, 17, 5, 2, 601.51, 1121623, 31, 38858, 0
1672, 202, 46, 54, 0, 0, 36.47%, 17, 5, 2, 604.36, 1124547, 31, 39120, 0
1677, 202, 36, 54, 0, 0, 36.47%, 17, 5, 2, 508.49, 1127148, 31, 39537, 0
1682, 202, 50, 54, 0, 0, 36.47%, 17, 5, 2, 493.25, 1129771, 31, 39990, 0
1688, 202, 46, 54, 0, 0, 36.47%, 17, 5, 2, 616.68, 1133032, 31, 40260, 0
1693, 202, 36, 54, 0, 0, 36.47%, 17, 5, 2, 623.86, 1136221, 31, 40549, 0
1698, 202, 0, 54, 0, 0, 36.47%, 17, 5, 2, 567.43, 1139088, 31, 40902, 0
1703, 203, 45, 54, 0, 0, 36.47%, 17, 5, 2, 572.62, 1142014, 31, 41170, 0
1708, 203, 36, 54, 0, 0, 36.47%, 17, 5, 2, 556.92, 1144654, 31, 41508, 0
1713, 203, 46, 54, 0, 0, 36.47%, 17, 5, 2, 551.07, 1147483, 31, 41884, 0
1718, 203, 36, 54, 0, 0, 36.47%, 17, 5, 2, 652.57, 1150833, 31, 42048, 0
1723, 204, 6, 54, 0, 0, 36.47%, 17, 5, 2, 612.00, 1153906, 31, 42318, 0
1728, 204, 46, 54, 0, 0, 36.47%, 17, 5, 2, 622.38, 1156993, 31, 42634, 0
1733, 204, 39, 54, 0, 0, 36.47%, 17, 5, 2, 556.91, 1159867, 31, 42765, 0
1738, 204, 36, 54, 0, 0, 36.47%, 17, 5, 2, 569.99, 1162871, 31, 42960, 0
1743, 204, 46, 54, 0, 0, 36.47%, 17, 5, 2, 546.54, 1165645, 31, 43380, 0
1749, 205, 36, 54, 0, 0, 36.47%, 17, 5, 2, 662.65, 1169317, 31, 43500, 0
1754, 205, 36, 54, 0, 0, 36.47%, 17, 5, 2, 651.41, 1172513, 31, 43599, 0
1759, 205, 7, 54, 0, 0, 36.47%, 17, 5, 2, 591.89, 1175206, 31, 43847, 0
1764, 205, 46, 54, 0, 0, 36.47%, 17, 5, 2, 636.39, 1178431, 31, 43980, 0
1769, 205, 46, 54, 0, 0, 36.47%, 17, 5, 2, 621.31, 1181614, 31, 44122, 0
1774, 206, 46, 54, 0, 0, 36.47%, 17, 5, 2, 523.57, 1184015, 31, 44421, 0
1779, 206, 41, 54, 0, 0, 36.47%, 17, 5, 2, 597.37, 1186988, 31, 44494, 0
1784, 206, 46, 54, 0, 0, 36.47%, 17, 5, 2, 594.89, 1189940, 31, 44763, 0
1784, 206, 46, 54, 0, 0, 36.47%, 17, 5, 2, 0.00, 1189962, 31, 44765, 0
1789, 206, 8, 54, 0, 0, 36.47%, 17, 5, 2, 488.39, 1192612, 31, 45099, 0
1794, 206, 46, 54, 0, 0, 36.47%, 17, 5, 2, 576.12, 1195822, 31, 45286, 0
1799, 207, 23, 54, 0, 0, 36.47%, 17, 5, 2, 634.90, 1199112, 31, 45453, 0
1804, 207, 36, 54, 0, 0, 36.47%, 17, 5, 2, 640.77, 1202361, 31, 45633, 0
1809, 207, 36, 54, 0, 0, 36.47%, 17, 5, 2, 608.92, 1205636, 31, 45854, 0
1814, 207, 36, 54, 0, 0, 36.47%, 17, 5, 2, 573.88, 1208515, 31, 46210, 0
1819, 207, 36, 54, 0, 0, 36.47%, 17, 5, 2, 628.23, 1211836, 31, 46346, 0
1824, 208, 36, 54, 0, 0, 36.47%, 17, 5, 2, 615.28, 1214892, 31, 46402, 0
1830, 208, 46, 54, 0, 0, 36.47%, 17, 5, 2, 545.50, 1217546, 31, 46677, 0
1835, 208, 46, 54, 0, 0, 36.47%, 17, 5, 2, 651.10, 1220777, 31, 46887, 0
1840, 208, 6, 54, 0, 0, 36.47%, 17, 5, 2, 617.64, 1223910, 31, 47135, 0
1845, 209, 46, 54, 0, 0, 36.47%, 17, 5, 2, 687.37, 1227577, 31, 47202, 0
1850, 209, 46, 54, 0, 0, 36.47%, 17, 5, 2, 616.54, 1230637, 31, 47390, 0
1855, 209, 46, 54, 0, 0, 36.47%, 17, 5, 2, 641.55, 1233858, 31, 47572, 0
1860, 209, 0, 54, 0, 0, 36.47%, 17, 5, 2, 586.43, 1236837, 31, 47768, 0
1865, 209, 36, 54, 0, 0, 36.47%, 17, 5, 2, 601.12, 1239930, 31, 48077, 0
1870, 209, 36, 54, 0, 0, 36.47%, 17, 5, 2, 602.48, 1242756, 31, 48358, 0
1875, 210, 46, 54, 0, 0, 36.47%, 17, 5, 2, 535.56, 1245513, 31, 48804, 0
1880, 210, 33, 54, 0, 0, 36.47%, 17, 5, 2, 581.79, 1248580, 31, 49114, 0
1885, 210, 50, 54, 0, 0, 36.47%, 17, 5, 2, 648.10, 1251941, 31, 49321, 0
1890, 210, 5, 54, 0, 0, 36.47%, 17, 5, 2, 606.94, 1254894, 31, 49663, 0
1896, 211, 48, 54, 0, 0, 36.47%, 17, 5, 2, 666.94, 1258428, 31, 49807, 0
1901, 211, 46, 54, 0, 0, 36.47%, 17, 5, 2, 705.69, 1262159, 31, 49925, 0
1906, 211, 24, 54, 0, 0, 36.47%, 17, 5, 2, 704.08, 1265656, 31, 50040, 0
1911, 211, 49, 54, 0, 0, 36.47%, 17, 5, 2, 678.15, 1268996, 31, 50187, 0
1916, 211, 46, 54, 0, 0, 36.47%, 17, 5, 2, 668.02, 1272403, 31, 50345, 0
1921, 212, 46, 54, 0, 0, 36.47%, 17, 5, 2, 631.98, 1275382, 31, 50674, 0
1926, 212, 48, 55, 0, 0, 36.47%, 17, 5, 2, 697.76, 1278959, 31, 50722, 0
1931, 212, 50, 55, 0, 0, 36.47%, 17, 5, 2, 662.76, 1282226, 31, 50965, 0
1936, 212, 46, 55, 0, 0, 36.47%, 17, 5, 2, 617.69, 1285243, 31, 51292, 0
1941, 213, 8, 55, 0, 0, 36.47%, 17, 5, 2, 658.21, 1288639, 31, 51456, 0
1946, 213, 53, 55, 0, 0, 36.47%, 17, 5, 2, 565.76, 1291413, 31, 51831, 0
1951, 213, 36, 55, 0, 0, 36.47%, 17, 5, 2, 595.82, 1294271, 31, 52204, 0
1957, 213, 36, 55, 0, 0, 36.47%, 17, 5, 2, 633.20, 1297661, 31, 52324, 0
1962, 213, 36, 55, 0, 0, 36.47%, 17, 5, 2, 652.15, 1301072, 31, 52430, 0
1967, 214, 7, 55, 0, 0, 36.47%, 17, 5, 2, 668.88, 1304572, 31, 52592, 0
1972, 214, 7, 55, 0, 0, 36.47%, 17, 5, 2, 665.29, 1308057, 31, 52776, 0
1977, 214, 36, 55, 0, 0, 36.47%, 17, 5, 2, 670.74, 1311456, 31, 52930, 0
1982, 214, 36, 55, 0, 0, 36.47%, 17, 5, 2, 629.67, 1314695, 31, 53025, 0
1987, 215, 46, 55, 0, 0, 36.47%, 17, 5, 2, 545.77, 1317507, 31, 53271, 0
1992, 215, 48, 55, 0, 0, 36.47%, 17, 5, 2, 594.97, 1320445, 31, 53552, 0
1997, 215, 46, 55, 0, 0, 36.47%, 17, 5, 2, 606.34, 1323596, 31, 53677, 0
2003, 215, 46, 55, 0, 0, 36.47%, 17, 5, 2, 575.43, 1326425, 31, 53918, 0
2008, 215, 46, 55, 0, 0, 36.47%, 17, 5, 2, 515.99, 1329083, 31, 54296, 0
2013, 215, 46, 55, 0, 0, 36.47%, 17, 5, 2, 567.39, 1332111, 31, 54592, 0
2018, 216, 36, 55, 0, 0, 36.47%, 17, 5, 2, 543.61, 1334908, 31, 54758, 0
2023, 216, 46, 55, 0, 0, 36.47%, 17, 5, 2, 606.32, 1337969, 31, 54966, 0
2028, 216, 0, 55, 0, 0, 36.47%, 17, 5, 2, 657.26, 1341347, 31, 55100, 0
2033, 216, 7, 55, 0, 0, 36.47%, 17, 5, 2, 684.80, 1344776, 31, 55186, 0
2038, 217, 36, 56, 1, 0, 36.47%, 17, 5, 2, 680.38, 1348297, 31, 55245, 0
2043, 217, 55, 56, 1, 0, 36.47%, 17, 5, 2, 648.60, 1351486, 31, 55365, 0
2048, 217, 46, 56, 0, 0, 36.47%, 17, 5, 2, 674.49, 1355042, 31, 55425, 0
2053, 217, 36, 56, 0, 0, 36.47%, 17, 5, 2, 649.06, 1358227, 31, 55618, 0
2058, 217, 46, 56, 0, 0, 36.47%, 17, 5, 2, 641.16, 1361549, 31, 55817, 0
2063, 218, 53, 56, 0, 0, 36.47%, 17, 5, 2, 666.07, 1364907, 31, 56012, 0
2068, 218, 36, 56, 0, 0, 36.47%, 17, 5, 2, 653.84, 1368067, 31, 56284, 0
2074, 218, 5, 56, 0, 0, 36.47%, 17, 5, 2, 547.46, 1370611, 31, 56685, 0
2079, 218, 46, 56, 0, 0, 36.47%, 17, 5, 2, 598.50, 1373575, 31, 57003, 0
2084, 218, 0, 56, 0, 0, 36.47%, 17, 5, 2, 664.94, 1376945, 31, 57132, 0
2089, 219, 24, 56, 0, 0, 36.47%, 17, 5, 2, 547.24, 1379859, 31, 57451, 0
2094, 219, 6, 56, 0, 0, 36.47%, 17, 5, 2, 514.00, 1382664, 31, 57697, 0
2099, 219, 53, 56, 0, 0, 36.47%, 17, 5, 2, 649.86, 1386208, 31, 57757, 0
2104, 219, 22, 56, 0, 0, 36.47%, 17, 5, 2, 639.10, 1389475, 31, 58013, 0
2109, 219, 36, 56, 0, 0, 36.47%, 17, 5, 2, 574.30, 1392445, 31, 58257, 0
2114, 220, 46, 56, 0, 0, 36.47%, 17, 5, 2, 592.38, 1395550, 31, 58467, 0
2119, 220, 46, 56, 0, 0, 36.47%, 17, 5, 2, 598.95, 1398643, 31, 58662, 0
2124, 220, 36, 56, 0, 0, 36.47%, 17, 5, 2, 650.13, 1401901, 31, 58860, 0
2129, 220, 1, 56, 0, 0, 36.47%, 17, 5, 2, 693.05, 1405450, 31, 58941, 0
2135, 220, 36, 56, 0, 0, 36.47%, 17, 5, 2, 601.03, 1408936, 31, 59100, 0
2140, 221, 23, 56, 0, 0, 36.47%, 17, 5, 2, 519.57, 1411426, 31, 59624, 0
2145, 221, 46, 56, 0, 0, 36.47%, 17, 5, 2, 533.38, 1414321, 31, 59993, 0
2150, 221, 46, 56, 0, 0, 36.47%, 17, 5, 2, 616.07, 1417613, 31, 60193, 0
2155, 221, 36, 56, 0, 0, 36.47%, 17, 5, 2, 615.31, 1420806, 31, 60412, 0
2160, 222, 36, 56, 0, 0, 36.47%, 17, 5, 2, 631.57, 1423995, 31, 60595, 0
2165, 222, 46, 56, 0, 0, 36.47%, 17, 5, 2, 658.66, 1427456, 31, 60674, 0
2170, 222, 46, 56, 0, 0, 36.47%, 17, 5, 2, 619.08, 1430631, 31, 60927, 0
2175, 222, 35, 56, 0, 0, 36.47%, 17, 5, 2, 660.18, 1434042, 31, 61085, 0
2180, 222, 46, 56, 0, 0, 36.47%, 17, 5, 2, 607.79, 1437072, 31, 61384, 0
2185, 223, 46, 56, 0, 0, 36.47%, 17, 5, 2, 473.66, 1439973, 31, 61750, 0
2190, 223, 52, 56, 0, 0, 36.47%, 17, 5, 2, 550.78, 1442719, 31, 62222, 0
2195, 223, 8, 56, 0, 0, 36.47%, 17, 5, 2, 562.68, 1445594, 31, 62597, 0
2200, 223, 46, 56, 0, 0, 36.47%, 17, 5, 2, 620.49, 1448701, 31, 62856, 0
2206, 223, 46, 56, 0, 0, 36.47%, 17, 5, 2, 619.35, 1451881, 31, 63077, 0
2211, 224, 46, 56, 0, 0, 36.47%, 17, 5, 2, 613.43, 1455111, 31, 63360, 0
2216, 224, 6, 56, 0, 0, 36.47%, 17, 5, 2, 562.14, 1458016, 31, 63688, 0
2221, 224, 46, 56, 0, 0, 36.47%, 17, 5, 2, 568.44, 1460967, 31, 63964, 0
2226, 224, 0, 56, 0, 0, 36.47%, 17, 5, 2, 606.45, 1464158, 31, 64229, 0
2231, 224, 5, 56, 0, 0, 36.47%, 17, 5, 2, 611.51, 1467088, 31, 64533, 0
2236, 224, 55, 56, 0, 0, 36.47%, 17, 5, 2, 631.80, 1470493, 31, 64706, 0
2241, 225, 46, 57, 1, 0, 36.47%, 17, 5, 2, 571.60, 1473128, 31, 65101, 0
2246, 225, 56, 57, 1, 0, 36.47%, 17, 5, 2, 629.80, 1476302, 31, 65277, 0
2251, 225, 55, 57, 0, 0, 36.47%, 17, 5, 2, 602.88, 1479063, 31, 65395, 0
2256, 225, 37, 57, 0, 0, 36.47%, 17, 5, 2, 588.97, 1481902, 31, 65723, 0
2262, 226, 36, 57, 0, 0, 36.47%, 17, 5, 2, 668.77, 1485480, 31, 65833, 0
2267, 226, 46, 58, 1, 0, 36.47%, 17, 5, 2, 531.93, 1488037, 31, 66311, 0
2272, 226, 5, 58, 0, 0, 36.47%, 17, 5, 2, 417.77, 1489841, 31, 66453, 0
2277, 226, 8, 58, 0, 0, 36.47%, 17, 5, 2, 625.78, 1493138, 31, 66647, 0
2282, 227, 46, 58, 0, 0, 36.47%, 17, 5, 2, 610.53, 1496091, 31, 66960, 0
2287, 227, 32, 58, 0, 0, 36.47%, 17, 5, 2, 607.62, 1499224, 31, 67272, 0
2292, 227, 46, 58, 0, 0, 36.47%, 17, 5, 2, 616.92, 1502343, 31, 67440, 0
2297, 228, 46, 58, 0, 0, 36.47%, 17, 5, 2, 633.04, 1505530, 31, 67623, 0
2302, 228, 24, 58, 0, 0, 36.47%, 17, 5, 2, 664.31, 1508752, 31, 67831, 0
2307, 228, 46, 58, 0, 0, 36.47%, 17, 5, 2, 649.33, 1512056, 31, 68096, 0
2312, 229, 8, 58, 0, 0, 36.47%, 17, 5, 2, 563.19, 1514723, 31, 68527, 0
2317, 229, 8, 58, 0, 0, 36.47%, 17, 5, 2, 651.25, 1518136, 31, 68683, 0
2323, 229, 0, 58, 0, 0, 36.47%, 17, 5, 2, 590.90, 1520976, 31, 69038, 0
2328, 230, 57, 58, 0, 0, 36.47%, 17, 5, 2, 606.55, 1524161, 31, 69261, 0
2333, 230, 46, 58, 0, 0, 36.47%, 17, 5, 2, 602.06, 1526976, 31, 69604, 0
2338, 230, 36, 58, 0, 0, 36.47%, 17, 5, 2, 574.29, 1530037, 31, 69858, 0
2343, 230, 46, 58, 0, 0, 36.47%, 17, 5, 2, 566.27, 1532883, 31, 70249, 0
2348, 231, 57, 58, 0, 0, 36.47%, 17, 5, 2, 618.38, 1536072, 31, 70439, 0
2353, 231, 33, 58, 0, 0, 36.47%, 17, 5, 2, 582.57, 1538868, 31, 70790, 0
2358, 231, 46, 58, 0, 0, 36.47%, 17, 5, 2, 568.75, 1541935, 31, 71049, 0
2363, 232, 46, 58, 0, 0, 36.47%, 17, 5, 2, 510.07, 1544529, 31, 71542, 0
2368, 232, 0, 58, 0, 0, 36.47%, 17, 5, 2, 596.84, 1547601, 31, 71816, 0
2374, 232, 46, 58, 0, 0, 36.47%, 17, 5, 2, 602.27, 1550738, 31, 72107, 0
2379, 233, 46, 58, 0, 0, 36.47%, 17, 5, 2, 582.04, 1553701, 31, 72353, 0
2384, 233, 46, 58, 0, 0, 36.47%, 17, 5, 2, 600.84, 1556583, 31, 72599, 0
2389, 233, 55, 58, 0, 0, 36.47%, 17, 5, 2, 539.48, 1559454, 31, 72950, 0
2394, 233, 49, 58, 0, 0, 36.47%, 17, 5, 2, 608.11, 1562683, 31, 73130, 0
2399, 234, 50, 58, 0, 0, 36.47%, 17, 5, 2, 588.68, 1565815, 31, 73403, 0
2404, 234, 56, 58, 0, 0, 36.47%, 17, 5, 2, 618.29, 1568972, 31, 73621, 0
2409, 234, 55, 58, 0, 0, 36.47%, 17, 5, 2, 623.61, 1572143, 31, 73840, 0
2414, 234, 50, 58, 0, 0, 36.47%, 17, 5, 2, 525.47, 1574789, 31, 74278, 0
2419, 235, 5, 58, 0, 0, 36.47%, 17, 5, 2, 523.61, 1577414, 31, 74684, 0
2425, 235, 46, 58, 0, 0, 36.47%, 17, 5, 2, 566.57, 1580512, 31, 74958, 0
2430, 235, 50, 58, 0, 0, 36.47%, 17, 5, 2, 624.03, 1583768, 31, 75138, 0
2435, 235, 36, 58, 0, 0, 36.47%, 17, 5, 2, 585.48, 1586719, 31, 75457, 0
2440, 236, 46, 58, 0, 0, 36.47%, 17, 5, 2, 604.67, 1589607, 31, 75778, 0
2445, 236, 24, 58, 0, 0, 36.47%, 17, 5, 2, 529.29, 1593042, 31, 75963, 0
2450, 236, 46, 58, 0, 0, 36.47%, 17, 5, 2, 563.69, 1595907, 31, 76267, 0
2455, 237, 46, 58, 0, 0, 36.47%, 17, 5, 2, 599.41, 1599001, 31, 76404, 0
2460, 237, 6, 58, 0, 0, 36.47%, 17, 5, 2, 622.84, 1602157, 31, 76585, 0
2465, 237, 51, 58, 0, 0, 36.47%, 17, 5, 2, 551.47, 1605078, 31, 76872, 0
2470, 238, 32, 58, 0, 0, 36.47%, 17, 5, 2, 625.03, 1608204, 31, 77072, 0
2475, 238, 46, 58, 0, 0, 36.47%, 17, 5, 2, 635.12, 1611497, 31, 77214, 0
2481, 238, 46, 58, 0, 0, 36.47%, 17, 5, 2, 567.86, 1614347, 31, 77444, 0
2486, 239, 52, 58, 0, 0, 36.47%, 17, 5, 2, 571.02, 1617135, 31, 77749, 0
2491, 239, 46, 58, 0, 0, 36.47%, 17, 5, 2, 604.01, 1620349, 31, 77948, 0
2496, 239, 46, 58, 0, 0, 36.47%, 17, 5, 2, 653.68, 1623740, 31, 78122, 0
2501, 240, 8, 58, 0, 0, 36.47%, 17, 5, 2, 638.50, 1627006, 31, 78243, 0
2506, 240, 7, 58, 0, 0, 36.47%, 17, 5, 2, 598.96, 1629808, 31, 78562, 0
2511, 240, 16, 58, 0, 0, 36.47%, 17, 5, 2, 586.68, 1632583, 31, 78974, 0
2516, 241, 46, 58, 0, 0, 36.47%, 17, 5, 2, 616.83, 1635717, 31, 79103, 0
2522, 241, 36, 58, 0, 0, 36.47%, 17, 5, 2, 648.65, 1638969, 31, 79360, 0
2527, 241, 7, 58, 0, 0, 36.47%, 17, 5, 2, 621.50, 1642193, 31, 79547, 0
2532, 242, 58, 59, 1, 0, 36.47%, 17, 5, 2, 491.82, 1644773, 31, 79737, 0
2537, 242, 58, 59, 1, 0, 36.47%, 17, 5, 2, 326.79, 1646224, 31, 79854, 0
2542, 242, 46, 59, 0, 0, 36.47%, 17, 5, 2, 596.67, 1649735, 31, 79986, 0
2547, 242, 46, 59, 0, 0, 36.47%, 17, 5, 2, 532.23, 1652423, 31, 80423, 0
2552, 242, 46, 59, 0, 0, 36.47%, 17, 5, 2, 576.80, 1655494, 31, 80721, 0
2557, 243, 46, 59, 0, 0, 36.47%, 17, 5, 2, 543.74, 1658271, 31, 81082, 0
2563, 243, 5, 59, 0, 0, 36.47%, 17, 5, 2, 685.03, 1661928, 31, 81160, 0
2568, 243, 57, 59, 0, 0, 36.47%, 17, 5, 2, 567.14, 1664733, 31, 81590, 0
2573, 244, 46, 59, 0, 0, 36.47%, 17, 5, 2, 631.11, 1667850, 31, 81880, 0
2578, 244, 51, 59, 0, 0, 36.47%, 17, 5, 2, 631.84, 1670997, 31, 82153, 0
2583, 244, 53, 59, 0, 0, 36.47%, 17, 5, 2, 594.48, 1673823, 31, 82493, 0
2588, 244, 46, 59, 0, 0, 36.47%, 17, 5, 2, 625.25, 1677045, 31, 82656, 0
2593, 245, 7, 59, 0, 0, 36.47%, 17, 5, 2, 644.96, 1680336, 31, 82813, 0
2598, 245, 46, 59, 0, 0, 36.47%, 17, 5, 2, 520.28, 1683234, 31, 83199, 0
2603, 245, 46, 59, 0, 0, 36.47%, 17, 5, 2, 563.70, 1686152, 31, 83526, 0
2608, 245, 46, 59, 0, 0, 36.47%, 17, 5, 2, 584.83, 1689215, 31, 83828, 0
2613, 246, 46, 59, 0, 0, 36.47%, 17, 5, 2, 576.24, 1692187, 31, 84058, 0
2618, 246, 36, 59, 0, 0, 36.47%, 17, 5, 2, 592.66, 1695029, 31, 84323, 0
2623, 246, 46, 59, 0, 0, 36.47%, 17, 5, 2, 506.40, 1697380, 31, 84819, 0
2628, 246, 46, 59, 0, 0, 36.47%, 17, 5, 2, 590.10, 1700582, 31, 85101, 0
2634, 247, 58, 59, 0, 0, 36.47%, 17, 5, 2, 552.89, 1703596, 31, 85327, 0
2639, 247, 54, 59, 0, 0, 36.47%, 17, 5, 2, 647.04, 1707196, 31, 85372, 0
2644, 248, 24, 59, 0, 0, 36.47%, 17, 5, 2, 645.02, 1710359, 31, 85578, 0
2649, 248, 46, 59, 0, 0, 36.47%, 17, 5, 2, 556.77, 1713148, 31, 85930, 0
2654, 248, 57, 59, 0, 0, 36.47%, 17, 5, 2, 639.46, 1716551, 31, 86082, 0
2659, 249, 46, 59, 0, 0, 36.47%, 17, 5, 2, 630.80, 1719516, 31, 86394, 0
2664, 249, 14, 59, 0, 0, 36.47%, 17, 5, 2, 566.31, 1722254, 31, 86802, 0
2669, 249, 48, 59, 0, 0, 36.47%, 17, 5, 2, 553.49, 1725104, 31, 87072, 0
2674, 249, 58, 59, 0, 0, 36.47%, 17, 5, 2, 606.87, 1728284, 31, 87335, 0
2679, 249, 46, 59, 0, 0, 36.47%, 17, 5, 2, 584.92, 1731097, 31, 87577, 0
2685, 250, 46, 59, 0, 0, 36.47%, 17, 5, 2, 594.05, 1734215, 31, 87844, 0
2690, 250, 57, 59, 0, 0, 36.47%, 17, 5, 2, 597.68, 1737378, 31, 88058, 0
2695, 250, 51, 59, 0, 0, 36.47%, 17, 5, 2, 532.16, 1739989, 31, 88524, 0
2700, 251, 24, 59, 0, 0, 36.47%, 17, 5, 2, 649.74, 1743293, 31, 88716, 0
2705, 251, 46, 59, 0, 0, 36.47%, 17, 5, 2, 553.33, 1746035, 31, 88998, 0
2710, 251, 46, 59, 0, 0, 36.47%, 17, 5, 2, 582.27, 1748931, 31, 89381, 0
2715, 251, 46, 59, 0, 0, 36.47%, 17, 5, 2, 533.00, 1751573, 31, 89713, 0
2720, 252, 35, 59, 0, 0, 36.47%, 17, 5, 2, 587.22, 1754514, 31, 90002, 0
2725, 252, 36, 59, 0, 0, 36.47%, 17, 5, 2, 570.85, 1757496, 31, 90315, 0
2730, 252, 36, 59, 0, 0, 36.47%, 17, 5, 2, 657.75, 1761024, 31, 90493, 0
2735, 253, 50, 59, 0, 0, 36.47%, 17, 5, 2, 612.28, 1764164, 31, 90709, 0
2741, 253, 46, 59, 0, 0, 36.47%, 17, 5, 2, 436.81, 1766443, 31, 91072, 0
2746, 253, 46, 59, 0, 0, 36.47%, 17, 5, 2, 553.27, 1769569, 31, 91376, 0
2751, 253, 46, 59, 0, 0, 36.47%, 17, 5, 2, 556.78, 1772150, 31, 91659, 0
2756, 254, 57, 59, 0, 0, 36.47%, 17, 5, 2, 493.63, 1774602, 31, 92084, 0
2761, 254, 46, 59, 0, 0, 36.47%, 17, 5, 2, 530.57, 1777327, 31, 92479, 0
2766, 254, 48, 59, 0, 0, 36.47%, 17, 5, 2, 638.53, 1780710, 31, 92695, 0
2771, 255, 0, 59, 0, 0, 36.47%, 17, 5, 2, 674.08, 1784168, 31, 92804, 0
2776, 255, 46, 59, 0, 0, 36.47%, 17, 5, 2, 586.54, 1787013, 31, 93154, 0
2781, 255, 5, 59, 0, 0, 36.47%, 17, 5, 2, 591.25, 1790078, 31, 93433, 0
2786, 255, 6, 59, 0, 0, 36.47%, 17, 5, 2, 625.64, 1793190, 31, 93725, 0
2791, 256, 1, 59, 0, 0, 36.47%, 17, 5, 2, 599.72, 1796116, 31, 93992, 0
2797, 256, 46, 59, 0, 0, 36.47%, 17, 5, 2, 664.75, 1799644, 31, 94126, 0
2802, 256, 46, 59, 0, 0, 36.47%, 17, 5, 2, 477.73, 1802036, 31, 94569, 0
2807, 257, 5, 59, 0, 0, 36.47%, 17, 5, 2, 541.41, 1804752, 31, 94793, 0
2812, 257, 8, 59, 0, 0, 36.47%, 17, 5, 2, 599.96, 1807858, 31, 95019, 0
2817, 257, 6, 59, 0, 0, 36.47%, 17, 5, 2, 449.33, 1809930, 31, 95341, 0
2822, 258, 7, 59, 0, 0, 36.47%, 17, 5, 2, 575.44, 1813009, 31, 95508, 0
2827, 258, 46, 59, 0, 0, 36.47%, 17, 5, 2, 508.00, 1814850, 31, 95686, 0
2832, 258, 46, 59, 0, 0, 36.47%, 17, 5, 2, 552.57, 1817195, 31, 95896, 0
2837, 258, 36, 59, 0, 0, 36.47%, 17, 5, 2, 104.48, 1819773, 31, 96184, 0
2843, 258, 46, 59, 0, 0, 36.47%, 17, 5, 2, 453.52, 1822590, 31, 96314, 0
2848, 259, 5, 59, 0, 0, 36.47%, 17, 5, 2, 517.26, 1825305, 31, 96538, 0
2853, 259, 5, 59, 0, 0, 36.47%, 17, 5, 2, 465.95, 1827467, 31, 96953, 0
2858, 259, 46, 59, 0, 0, 36.47%, 17, 5, 2, 93.53, 1829899, 31, 97126, 0
2863, 259, 44, 59, 0, 0, 36.47%, 17, 5, 2, 305.33, 1832505, 31, 97398, 0
2868, 260, 46, 59, 0, 0, 36.47%, 17, 5, 2, 438.93, 1834878, 31, 97665, 0
2873, 260, 49, 59, 0, 0, 36.47%, 17, 5, 2, 609.23, 1838067, 31, 97830, 0
2878, 260, 46, 59, 0, 0, 36.47%, 17, 5, 2, 604.74, 1841198, 31, 98024, 0
2883, 260, 46, 59, 0, 0, 36.47%, 17, 5, 2, 537.49, 1843830, 31, 98289, 0
2888, 261, 49, 59, 0, 0, 36.47%, 17, 5, 2, 587.65, 1846890, 31, 98533, 0
2894, 261, 48, 59, 0, 0, 36.47%, 17, 5, 2, 495.06, 1849435, 31, 98833, 0
2899, 261, 51, 59, 0, 0, 36.47%, 17, 5, 2, 42.05, 1851507, 31, 99250, 0
2904, 261, 54, 59, 0, 0, 36.47%, 17, 5, 2, 529.95, 1854288, 31, 99491, 0
2909, 262, 55, 59, 0, 0, 36.47%, 17, 5, 2, 108.20, 1856873, 31, 99633, 0
2914, 262, 46, 59, 0, 0, 36.47%, 17, 5, 2, 615.69, 1859891, 31, 99888, 0
2919, 262, 57, 59, 0, 0, 36.47%, 17, 5, 2, 487.65, 1862295, 31, 100409, 0
2924, 262, 0, 59, 0, 0, 36.47%, 17, 5, 2, 575.18, 1864970, 31, 100786, 0
2929, 263, 50, 59, 0, 0, 36.47%, 17, 5, 2, 549.46, 1867796, 31, 101164, 0
2934, 263, 46, 59, 0, 0, 36.47%, 17, 5, 2, 569.35, 1870716, 31, 101510, 0
2939, 263, 11, 59, 0, 0, 36.47%, 17, 5, 2, 532.57, 1873529, 31, 101927, 0
2944, 264, 46, 59, 0, 0, 36.47%, 17, 5, 2, 482.94, 1876724, 31, 102216, 0
2949, 264, 46, 59, 0, 0, 36.47%, 17, 5, 2, 507.31, 1879413, 31, 102642, 0
2954, 264, 46, 59, 0, 0, 36.47%, 17, 5, 2, 652.06, 1882973, 31, 102781, 0
2960, 265, 0, 59, 0, 0, 36.47%, 17, 5, 2, 649.89, 1886306, 31, 102954, 0
2965, 265, 6, 59, 0, 0, 36.47%, 17, 5, 2, 628.37, 1889339, 31, 103265, 0
2970, 265, 46, 59, 0, 0, 36.47%, 17, 5, 2, 614.09, 1892520, 31, 103508, 0
2975, 266, 36, 59, 0, 0, 36.47%, 17, 5, 2, 652.33, 1895787, 31, 103681, 0
2980, 266, 46, 59, 0, 0, 36.47%, 17, 5, 2, 596.41, 1898782, 31, 103963, 0
2985, 266, 46, 59, 0, 0, 36.47%, 17, 5, 2, 520.05, 1901446, 31, 104376, 0
2990, 266, 0, 59, 0, 0, 36.47%, 17, 5, 2, 606.77, 1904664, 31, 104626, 0
2995, 267, 55, 59, 0, 0, 36.47%, 17, 5, 2, 590.43, 1907444, 31, 104967, 0
3000, 267, 48, 59, 0, 0, 36.47%, 17, 5, 2, 564.11, 1910154, 31, 105332, 0
3005, 267, 46, 59, 0, 0, 36.47%, 17, 5, 2, 546.28, 1912890, 31, 105640, 0
3010, 267, 6, 59, 0, 0, 36.47%, 17, 5, 2, 615.97, 1915970, 31, 105832, 0
3015, 268, 5, 59, 0, 0, 36.47%, 17, 5, 2, 619.49, 1918957, 31, 105992, 0
3020, 268, 46, 59, 0, 0, 36.47%, 17, 5, 2, 576.14, 1921932, 31, 106202, 0
3025, 268, 46, 59, 0, 0, 36.47%, 17, 5, 2, 610.56, 1925070, 31, 106388, 0
3030, 269, 5, 59, 0, 0, 36.47%, 17, 5, 2, 586.45, 1928035, 31, 106654, 0
3036, 269, 46, 59, 0, 0, 36.47%, 17, 5, 2, 624.17, 1931258, 31, 106823, 0
3041, 269, 50, 59, 0, 0, 36.47%, 17, 5, 2, 507.27, 1933894, 31, 107264, 0
3046, 270, 8, 59, 0, 0, 36.47%, 17, 5, 2, 577.06, 1936786, 31, 107652, 0
3051, 270, 44, 59, 0, 0, 36.47%, 17, 5, 2, 605.59, 1939856, 31, 107928, 0
3056, 270, 32, 59, 0, 0, 36.47%, 17, 5, 2, 668.01, 1943423, 31, 108077, 0
3061, 271, 46, 59, 0, 0, 36.47%, 17, 5, 2, 606.52, 1946383, 31, 108382, 0
3066, 271, 24, 59, 0, 0, 36.47%, 17, 5, 2, 634.73, 1949457, 31, 108658, 0
3071, 271, 46, 59, 0, 0, 36.47%, 17, 5, 2, 592.82, 1952319, 31, 108879, 0
3076, 272, 46, 59, 0, 0, 36.47%, 17, 5, 2, 591.41, 1955425, 31, 109138, 0
3081, 272, 6, 59, 0, 0, 36.47%, 17, 5, 2, 531.21, 1958055, 31, 109481, 0
3086, 272, 57, 59, 0, 0, 36.47%, 17, 5, 2, 530.49, 1960985, 31, 109746, 0
3092, 272, 53, 59, 0, 0, 36.47%, 17, 5, 2, 583.34, 1963890, 31, 110056, 0
3097, 273, 7, 59, 0, 0, 36.47%, 17, 5, 2, 639.73, 1967156, 31, 110335, 0
3102, 273, 46, 59, 0, 0, 36.47%, 17, 5, 2, 643.32, 1970656, 31, 110514, 0
3107, 273, 46, 59, 0, 0, 36.47%, 17, 5, 2, 630.84, 1973813, 31, 110651, 0
3112, 274, 8, 59, 0, 0, 36.47%, 17, 5, 2, 676.42, 1977208, 31, 110742, 0
3117, 274, 6, 59, 0, 0, 36.47%, 17, 5, 2, 686.07, 1980671, 31, 110801, 0
3122, 274, 0, 59, 0, 0, 36.47%, 17, 5, 2, 561.26, 1983472, 31, 110980, 0
3127, 275, 24, 59, 0, 0, 36.47%, 17, 5, 2, 599.04, 1986456, 31, 111054, 0
3132, 275, 48, 59, 0, 0, 36.47%, 17, 5, 2, 652.79, 1989752, 31, 111128, 0
3137, 276, 46, 59, 0, 0, 36.47%, 17, 5, 2, 599.04, 1992803, 31, 111369, 0
3142, 276, 46, 59, 0, 0, 36.47%, 17, 5, 2, 620.68, 1995936, 31, 111539, 0
3148, 276, 4, 59, 0, 0, 36.47%, 17, 5, 2, 601.56, 1998982, 31, 111780, 0
3153, 277, 51, 59, 0, 0, 36.47%, 17, 5, 2, 662.67, 2002308, 31, 111962, 0
3158, 277, 51, 59, 0, 0, 36.47%, 17, 5, 2, 540.40, 2005056, 31, 112337, 0
3163, 277, 46, 59, 0, 0, 36.47%, 17, 5, 2, 568.47, 2008077, 31, 112610, 0
3168, 277, 46, 59, 0, 0, 36.47%, 17, 5, 2, 560.29, 2010882, 31, 112983, 0
3173, 278, 46, 59, 0, 0, 36.47%, 17, 5, 2, 619.23, 2014247, 31, 113135, 0
3178, 278, 7, 59, 0, 0, 36.47%, 17, 5, 2, 622.42, 2017262, 31, 113376, 0
3183, 278, 46, 59, 0, 0, 36.47%, 17, 5, 2, 545.37, 2020024, 31, 113733, 0
3188, 279, 46, 59, 0, 0, 36.47%, 17, 5, 2, 537.41, 2022831, 31, 114082, 0
3193, 279, 57, 59, 0, 0, 36.47%, 17, 5, 2, 527.58, 2025641, 31, 114471, 0
3198, 279, 24, 59, 0, 0, 36.47%, 17, 5, 2, 571.86, 2028352, 31, 114809, 0
3203, 279, 44, 59, 0, 0, 36.47%, 17, 5, 2, 582.29, 2031361, 31, 115089, 0
3208, 280, 51, 59, 0, 0, 36.47%, 17, 5, 2, 519.40, 2034026, 31, 115461, 0
3213, 280, 24, 59, 0, 0, 36.47%, 17, 5, 2, 617.62, 2037188, 31, 115658, 0
3218, 280, 5, 59, 0, 0, 36.47%, 17, 5, 2, 610.71, 2040186, 31, 115933, 0
3224, 281, 46, 59, 0, 0, 36.47%, 17, 5, 2, 610.58, 2043215, 31, 116188, 0
3229, 281, 6, 59, 0, 0, 36.47%, 17, 5, 2, 572.13, 2046181, 31, 116466, 0
3234, 281, 42, 59, 0, 0, 36.47%, 17, 5, 2, 571.05, 2048982, 31, 116727, 0
3239, 282, 29, 60, 1, 0, 36.47%, 17, 5, 2, 541.30, 2051923, 31, 116992, 0
3244, 282, 59, 60, 1, 0, 36.47%, 17, 5, 2, 393.08, 2054117, 31, 117108, 0
3244, 282, 59, 60, 1, 0, 36.47%, 17, 5, 2, 0.00, 2054123, 31, 117108, 0
3249, 282, 36, 60, 0, 0, 36.47%, 17, 5, 2, 374.31, 2055822, 31, 117361, 0
3254, 282, 36, 60, 0, 0, 36.47%, 17, 5, 2, 593.79, 2059041, 31, 117614, 0
3259, 282, 46, 60, 0, 0, 36.47%, 17, 5, 2, 681.95, 2062557, 31, 117758, 0
3264, 283, 6, 60, 0, 0, 36.47%, 17, 5, 2, 454.60, 2064866, 31, 118084, 0
3269, 283, 6, 60, 0, 0, 36.47%, 17, 5, 2, 589.33, 2068083, 31, 118238, 0
3274, 283, 8, 60, 0, 0, 36.47%, 17, 5, 2, 604.74, 2071077, 31, 118435, 0
3280, 284, 58, 60, 0, 0, 36.47%, 17, 5, 2, 622.03, 2074345, 31, 118617, 0
3285, 284, 8, 60, 0, 0, 36.47%, 17, 5, 2, 596.74, 2077161, 31, 118911, 0
3290, 284, 54, 60, 0, 0, 36.47%, 17, 5, 2, 592.32, 2080113, 31, 119150, 0
3295, 285, 46, 60, 0, 0, 36.47%, 17, 5, 2, 522.16, 2082741, 31, 119506, 0
3300, 285, 59, 60, 0, 0, 36.47%, 17, 5, 2, 442.00, 2085121, 31, 119861, 0
3305, 285, 46, 60, 0, 0, 36.47%, 17, 5, 2, 525.09, 2087752, 31, 120143, 0
3310, 285, 46, 60, 0, 0, 36.47%, 17, 5, 2, 535.23, 2090437, 31, 120446, 0
3315, 286, 6, 60, 0, 0, 36.47%, 17, 5, 2, 629.84, 2093628, 31, 120619, 0
3320, 286, 59, 60, 0, 0, 36.47%, 17, 5, 2, 528.89, 2096267, 31, 120843, 0
3325, 286, 49, 60, 0, 0, 36.47%, 17, 5, 2, 590.08, 2099163, 31, 121082, 0
3330, 286, 59, 61, 1, 0, 36.47%, 17, 5, 2, 479.78, 2101574, 31, 121297, 0
3335, 286, 60, 61, 1, 0, 36.47%, 17, 5, 2, 302.92, 2102825, 31, 121508, 0
3340, 286, 60, 61, 1, 0, 36.47%, 17, 5, 2, 203.76, 2103784, 31, 121517, 0
3345, 287, 46, 62, 1, 0, 36.47%, 17, 5, 2, 425.59, 2105945, 31, 121877, 0
3350, 287, 60, 62, 1, 0, 36.47%, 17, 5, 2, 489.34, 2108546, 31, 122120, 0
3356, 287, 61, 62, 1, 0, 36.47%, 17, 5, 2, 308.81, 2109938, 31, 122376, 0
3361, 287, 61, 62, 1, 0, 36.47%, 17, 5, 2, 195.77, 2110804, 31, 122376, 0
3366, 287, 46, 62, 0, 0, 36.47%, 17, 5, 2, 403.59, 2112361, 31, 122809, 0
3371, 287, 51, 62, 0, 0, 36.47%, 17, 5, 2, 435.14, 2114723, 31, 123261, 0
3376, 287, 46, 62, 0, 0, 36.47%, 17, 5, 2, 531.46, 2117300, 31, 123598, 0
3381, 288, 46, 62, 0, 0, 36.47%, 17, 5, 2, 524.56, 2120080, 31, 123915, 0
3386, 288, 60, 62, 0, 0, 36.47%, 17, 5, 2, 573.26, 2122947, 31, 124166, 0
3391, 288, 50, 62, 0, 0, 36.47%, 17, 5, 2, 491.07, 2125245, 31, 124480, 0
3396, 288, 0, 62, 0, 0, 36.47%, 17, 5, 2, 514.06, 2127855, 31, 124815, 0
3401, 289, 53, 62, 0, 0, 36.47%, 17, 5, 2, 622.45, 2131156, 31, 124978, 0
3406, 289, 46, 62, 0, 0, 36.47%, 17, 5, 2, 579.32, 2133979, 31, 125271, 0
3411, 289, 46, 62, 0, 0, 36.47%, 17, 5, 2, 602.10, 2137104, 31, 125493, 0
3416, 289, 6, 62, 0, 0, 36.47%, 17, 5, 2, 570.85, 2139980, 31, 125805, 0
3422, 290, 62, 64, 2, 0, 36.47%, 17, 5, 2, 399.22, 2141959, 31, 125821, 0
3427, 290, 63, 64, 1, 0, 36.47%, 17, 5, 2, 315.75, 2143422, 31, 125924, 0
3432, 290, 57, 64, 0, 0, 36.47%, 17, 5, 2, 394.49, 2145312, 31, 126138, 0
3437, 290, 23, 64, 0, 0, 36.47%, 17, 5, 2, 573.09, 2148474, 31, 126458, 0
3442, 290, 61, 64, 0, 0, 36.47%, 17, 5, 2, 470.83, 2151061, 31, 126882, 0
3447, 290, 46, 64, 0, 0, 36.47%, 17, 5, 2, 533.14, 2153804, 31, 127081, 0
3452, 291, 48, 65, 1, 0, 36.47%, 17, 5, 2, 527.84, 2156262, 31, 127282, 0
3457, 291, 64, 65, 1, 0, 36.47%, 17, 5, 2, 316.68, 2157768, 31, 127326, 0
3462, 291, 46, 65, 0, 0, 36.47%, 17, 5, 2, 491.71, 2160187, 31, 127683, 0
3468, 291, 46, 65, 0, 0, 36.47%, 17, 5, 2, 660.42, 2163598, 31, 127848, 0
3473, 291, 36, 65, 0, 0, 36.47%, 17, 5, 2, 503.68, 2165898, 31, 128291, 0
3478, 292, 64, 65, 0, 0, 36.47%, 17, 5, 2, 522.29, 2168836, 31, 128628, 0
3483, 292, 46, 65, 0, 0, 36.47%, 17, 5, 2, 443.79, 2170786, 31, 129077, 0
3488, 292, 46, 65, 0, 0, 36.47%, 17, 5, 2, 565.21, 2173812, 31, 129388, 0
3493, 292, 48, 65, 0, 0, 36.47%, 17, 5, 2, 503.31, 2176003, 31, 129868, 0
3498, 292, 46, 65, 0, 0, 36.47%, 17, 5, 2, 546.65, 2178800, 31, 130148, 0
3503, 293, 36, 65, 0, 0, 36.47%, 17, 5, 2, 555.85, 2181709, 31, 130368, 0
3508, 293, 36, 65, 0, 0, 36.47%, 17, 5, 2, 518.57, 2184343, 31, 130743, 0
3513, 293, 56, 65, 0, 0, 36.47%, 17, 5, 2, 512.83, 2187056, 31, 131121, 0
3518, 293, 61, 65, 0, 0, 36.47%, 17, 5, 2, 455.96, 2189292, 31, 131493, 0
3524, 293, 49, 65, 0, 0, 36.47%, 17, 5, 2, 489.16, 2191602, 31, 131785, 0
3529, 293, 36, 65, 0, 0, 36.47%, 17, 5, 2, 533.20, 2194374, 31, 132114, 0
3534, 294, 36, 65, 0, 0, 36.47%, 17, 5, 2, 492.41, 2196811, 31, 132549, 0
3539, 294, 61, 65, 0, 0, 36.47%, 17, 5, 2, 499.50, 2199262, 31, 132871, 0
3544, 294, 63, 65, 0, 0, 36.47%, 17, 5, 2, 439.51, 2201246, 31, 133169, 0
3549, 294, 62, 65, 0, 0, 36.47%, 17, 5, 2, 397.18, 2203389, 31, 133516, 0
3554, 294, 54, 65, 0, 0, 36.47%, 17, 5, 2, 483.21, 2205886, 31, 133847, 0
3559, 295, 49, 65, 0, 0, 36.47%, 17, 5, 2, 500.07, 2208650, 31, 134153, 0
3564, 295, 46, 65, 0, 0, 36.47%, 17, 5, 2, 609.95, 2211819, 31, 134350, 0
3569, 295, 57, 65, 0, 0, 36.47%, 17, 5, 2, 591.57, 2214850, 31, 134599, 0
3574, 295, 36, 65, 0, 0, 36.47%, 17, 5, 2, 561.16, 2217425, 31, 134915, 0
3579, 296, 24, 65, 0, 0, 36.47%, 17, 5, 2, 585.72, 2220362, 31, 135152, 0
3584, 296, 46, 65, 0, 0, 36.47%, 17, 5, 2, 570.36, 2223255, 31, 135499, 0
3590, 296, 58, 65, 0, 0, 36.47%, 17, 5, 2, 494.05, 2225745, 31, 135965, 0
3595, 296, 59, 65, 0, 0, 36.47%, 17, 5, 2, 379.32, 2227657, 31, 136423, 0
3600, 296, 63, 65, 0, 0, 36.47%, 17, 5, 2, 464.96, 2229989, 31, 136802, 0
3605, 297, 46, 65, 0, 0, 36.47%, 17, 5, 2, 524.51, 2232784, 31, 137149, 0
3610, 297, 54, 65, 0, 0, 36.47%, 17, 5, 2, 614.89, 2235968, 31, 137464, 0
3615, 297, 55, 65, 0, 0, 36.47%, 17, 5, 2, 576.90, 2238810, 31, 137791, 0
3620, 297, 57, 65, 0, 0, 36.47%, 17, 5, 2, 441.86, 2240935, 31, 138151, 0
3625, 297, 46, 65, 0, 0, 36.47%, 17, 5, 2, 561.78, 2243854, 31, 138495, 0
3631, 298, 36, 65, 0, 0, 36.47%, 17, 5, 2, 557.74, 2246568, 31, 138771, 0
3636, 298, 46, 65, 0, 0, 36.47%, 17, 5, 2, 630.81, 2249818, 31, 138996, 0
3641, 298, 54, 65, 0, 0, 36.47%, 17, 5, 2, 591.33, 2252791, 31, 139304, 0
3646, 298, 36, 65, 0, 0, 36.47%, 17, 5, 2, 604.49, 2255803, 31, 139467, 0
3651, 299, 53, 65, 0, 0, 36.47%, 17, 5, 2, 587.66, 2258801, 31, 139723, 0
3656, 299, 49, 65, 0, 0, 36.47%, 17, 5, 2, 496.29, 2261097, 31, 140121, 0
3661, 299, 46, 65, 0, 0, 36.47%, 17, 5, 2, 550.43, 2263811, 31, 140371, 0
3666, 299, 46, 65, 0, 0, 36.47%, 17, 5, 2, 651.09, 2266231, 31, 140711, 0
3671, 300, 46, 65, 0, 0, 36.47%, 17, 5, 2, 629.98, 2269373, 31, 140903, 0
3676, 300, 46, 65, 0, 0, 36.47%, 17, 5, 2, 587.35, 2272345, 31, 141148, 0
3681, 300, 46, 65, 0, 0, 36.47%, 17, 5, 2, 516.72, 2274749, 31, 141582, 0
3686, 300, 0, 65, 0, 0, 36.47%, 17, 5, 2, 559.37, 2277514, 31, 142009, 0
3692, 301, 46, 65, 0, 0, 36.47%, 17, 5, 2, 520.45, 2280149, 31, 142409, 0
3697, 301, 58, 65, 0, 0, 36.47%, 17, 5, 2, 529.13, 2282812, 31, 142624, 0
3702, 301, 53, 65, 0, 0, 36.47%, 17, 5, 2, 592.22, 2285796, 31, 142887, 0
3707, 301, 53, 65, 0, 0, 36.47%, 17, 5, 2, 546.38, 2288537, 31, 143074, 0
3712, 302, 24, 65, 0, 0, 36.47%, 17, 5, 2, 600.81, 2291787, 31, 143233, 0
3717, 302, 59, 65, 0, 0, 36.47%, 17, 5, 2, 575.32, 2294600, 31, 143510, 0
3722, 302, 46, 65, 0, 0, 36.47%, 17, 5, 2, 618.89, 2297736, 31, 143678, 0
3727, 302, 51, 65, 0, 0, 36.47%, 17, 5, 2, 505.87, 2300125, 31, 144171, 0
3732, 303, 1, 65, 0, 0, 36.47%, 17, 5, 2, 575.50, 2303039, 31, 144486, 0
3737, 303, 63, 65, 0, 0, 36.47%, 17, 5, 2, 429.00, 2305348, 31, 144688, 0
3742, 303, 46, 65, 0, 0, 36.47%, 17, 5, 2, 601.35, 2308494, 31, 144919, 0
3748, 303, 47, 65, 0, 0, 36.47%, 17, 5, 2, 600.87, 2311442, 31, 145217, 0
3753, 304, 46, 65, 0, 0, 36.47%, 17, 5, 2, 508.34, 2313949, 31, 145666, 0
3758, 304, 36, 65, 0, 0, 36.47%, 17, 5, 2, 545.94, 2316884, 31, 145972, 0
3763, 304, 0, 65, 0, 0, 36.47%, 17, 5, 2, 561.63, 2319643, 31, 146299, 0
3768, 304, 36, 65, 0, 0, 36.47%, 17, 5, 2, 580.33, 2322718, 31, 146504, 0
3773, 305, 51, 65, 0, 0, 36.47%, 17, 5, 2, 526.21, 2325434, 31, 146930, 0
3778, 305, 46, 65, 0, 0, 36.47%, 17, 5, 2, 593.22, 2328591, 31, 147202, 0
3783, 305, 6, 65, 0, 0, 36.47%, 17, 5, 2, 550.22, 2331191, 31, 147557, 0
3788, 305, 63, 65, 0, 0, 36.47%, 17, 5, 2, 401.01, 2333159, 31, 147912, 0
3793, 305, 46, 65, 0, 0, 36.47%, 17, 5, 2, 513.91, 2335835, 31, 148316, 0
3798, 306, 5, 65, 0, 0, 36.47%, 17, 5, 2, 555.39, 2338474, 31, 148712, 0
3803, 306, 61, 65, 0, 0, 36.47%, 17, 5, 2, 453.15, 2340977, 31, 149045, 0
3809, 306, 46, 65, 0, 0, 36.47%, 17, 5, 2, 516.35, 2343448, 31, 149348, 0
3814, 306, 46, 65, 0, 0, 36.47%, 17, 5, 2, 614.27, 2346553, 31, 149601, 0
3814, 306, 46, 65, 0, 0, 36.47%, 17, 5, 2, 0.00, 2346613, 31, 149603, 0
3819, 306, 18, 65, 0, 0, 36.47%, 17, 5, 2, 510.21, 2349292, 31, 149878, 0
3824, 307, 46, 65, 0, 0, 36.47%, 17, 5, 2, 499.64, 2351694, 31, 150268, 0
3829, 307, 6, 65, 0, 0, 36.47%, 17, 5, 2, 511.18, 2354297, 31, 150736, 0
3834, 307, 36, 65, 0, 0, 36.47%, 17, 5, 2, 531.57, 2356924, 31, 151178, 0
3839, 307, 60, 65, 0, 0, 36.47%, 17, 5, 2, 497.96, 2359564, 31, 151580, 0
3844, 307, 56, 65, 0, 0, 36.47%, 17, 5, 2, 515.79, 2362099, 31, 151877, 0
3849, 308, 46, 65, 0, 0, 36.47%, 17, 5, 2, 567.77, 2364912, 31, 152231, 0
3855, 308, 61, 65, 0, 0, 36.47%, 17, 5, 2, 446.14, 2367189, 31, 152414, 0
3860, 308, 46, 65, 0, 0, 36.47%, 17, 5, 2, 504.31, 2369556, 31, 152765, 0
3865, 308, 46, 65, 0, 0, 36.47%, 17, 5, 2, 533.54, 2372377, 31, 153062, 0
3870, 308, 46, 65, 0, 0, 36.47%, 17, 5, 2, 562.76, 2375165, 31, 153413, 0
3875, 308, 46, 65, 0, 0, 36.47%, 17, 5, 2, 520.33, 2377750, 31, 153803, 0
3880, 309, 28, 65, 0, 0, 36.47%, 17, 5, 2, 567.62, 2380513, 31, 154118, 0
3885, 309, 46, 65, 0, 0, 36.47%, 17, 5, 2, 574.72, 2383238, 31, 154382, 0
3890, 309, 46, 65, 0, 0, 36.47%, 17, 5, 2, 527.18, 2385821, 31, 154870, 0
3895, 309, 62, 65, 0, 0, 36.47%, 17, 5, 2, 440.27, 2388057, 31, 155347, 0
3900, 310, 46, 65, 0, 0, 36.47%, 17, 5, 2, 406.36, 2389875, 31, 155708, 0
3905, 310, 57, 65, 0, 0, 36.47%, 17, 5, 2, 443.52, 2392347, 31, 156148, 0
3910, 310, 36, 65, 0, 0, 36.47%, 17, 5, 2, 474.94, 2394969, 31, 156516, 0
3915, 310, 0, 65, 0, 0, 36.47%, 17, 5, 2, 567.71, 2397911, 31, 156748, 0
3921, 310, 5, 65, 0, 0, 36.47%, 17, 5, 2, 622.04, 2401118, 31, 157056, 0
3926, 311, 7, 65, 0, 0, 36.47%, 17, 5, 2, 643.08, 2404180, 31, 157324, 0
3931, 311, 6, 65, 0, 0, 36.47%, 17, 5, 2, 642.73, 2407353, 31, 157585, 0
3936, 311, 63, 65, 0, 0, 36.47%, 18, 5, 2, 508.80, 2410008, 31, 157940, 0
3941, 311, 61, 65, 0, 0, 36.47%, 18, 5, 2, 446.91, 2411986, 31, 158283, 0
3946, 312, 46, 65, 0, 0, 36.47%, 18, 5, 2, 496.73, 2414404, 31, 158659, 0
3951, 312, 51, 65, 0, 0, 36.47%, 18, 5, 2, 529.30, 2417187, 31, 158905, 0
3956, 312, 46, 65, 0, 0, 36.47%, 18, 5, 2, 545.90, 2419825, 31, 159285, 0
3961, 312, 46, 65, 0, 0, 36.47%, 18, 5, 2, 546.24, 2422550, 31, 159535, 0
3966, 312, 46, 65, 0, 0, 36.47%, 18, 5, 2, 536.57, 2425083, 31, 160031, 0
3971, 313, 36, 65, 0, 0, 36.47%, 18, 5, 2, 482.18, 2427521, 31, 160405, 0
3976, 313, 46, 65, 0, 0, 36.47%, 18, 5, 2, 576.81, 2430593, 31, 160674, 0
3981, 313, 46, 65, 0, 0, 36.47%, 18, 5, 2, 475.21, 2432794, 31, 160981, 0
3987, 313, 48, 65, 0, 0, 36.47%, 18, 5, 2, 521.47, 2435663, 31, 161238, 0
3992, 313, 46, 65, 0, 0, 36.47%, 18, 5, 2, 474.11, 2437846, 31, 161514, 0
3997, 314, 18, 65, 0, 0, 36.47%, 18, 5, 2, 525.99, 2440641, 31, 161707, 0
4002, 314, 46, 65, 0, 0, 36.47%, 18, 5, 2, 519.04, 2443346, 31, 162047, 0
4007, 314, 63, 65, 0, 0, 36.47%, 18, 5, 2, 530.97, 2446271, 31, 162304, 0
4012, 314, 46, 65, 0, 0, 36.47%, 18, 5, 2, 538.78, 2448739, 31, 162592, 0
4017, 314, 60, 65, 0, 0, 36.47%, 18, 5, 2, 427.18, 2451063, 31, 162988, 0
4022, 314, 46, 65, 0, 0, 36.47%, 18, 5, 2, 391.07, 2453036, 31, 163425, 0
4027, 315, 46, 65, 0, 0, 36.47%, 18, 5, 2, 436.63, 2455251, 31, 163723, 0
4032, 315, 63, 65, 0, 0, 36.47%, 18, 5, 2, 398.14, 2457510, 31, 164043, 0
4038, 315, 46, 65, 0, 0, 36.47%, 18, 5, 2, 513.99, 2460343, 31, 164353, 0
4043, 315, 36, 65, 0, 0, 36.47%, 18, 5, 2, 506.53, 2462784, 31, 164745, 0
4048, 316, 0, 65, 0, 0, 36.47%, 18, 5, 2, 595.09, 2465691, 31, 165073, 0
4053, 316, 47, 65, 0, 0, 36.47%, 18, 5, 2, 637.43, 2468929, 31, 165242, 0
4058, 316, 7, 65, 0, 0, 36.47%, 18, 5, 2, 580.40, 2471894, 31, 165528, 0
4063, 316, 59, 65, 0, 0, 36.47%, 18, 5, 2, 462.57, 2474221, 31, 165875, 0
4068, 317, 7, 65, 0, 0, 36.47%, 18, 5, 2, 511.16, 2476749, 31, 166213, 0
4073, 317, 36, 65, 0, 0, 36.47%, 18, 5, 2, 583.98, 2479862, 31, 166487, 0
4078, 317, 24, 65, 0, 0, 36.47%, 18, 5, 2, 529.91, 2482725, 31, 166812, 0
4083, 317, 53, 65, 0, 0, 36.47%, 18, 5, 2, 593.63, 2485743, 31, 167061, 0
4088, 318, 51, 65, 0, 0, 36.47%, 18, 5, 2, 447.28, 2488087, 31, 167513, 0
4094, 318, 43, 65, 0, 0, 36.47%, 18, 5, 2, 463.48, 2490522, 31, 167712, 0
4099, 318, 62, 65, 0, 0, 36.47%, 18, 5, 2, 441.79, 2492838, 31, 168000, 0
4104, 318, 63, 65, 0, 0, 36.47%, 18, 5, 2, 463.44, 2495380, 31, 168333, 0
4109, 319, 51, 65, 0, 0, 36.47%, 18, 5, 2, 493.90, 2498049, 31, 168655, 0
4114, 319, 46, 65, 0, 0, 36.47%, 18, 5, 2, 490.30, 2500625, 31, 168968, 0
4119, 319, 46, 65, 0, 0, 36.47%, 18, 5, 2, 465.94, 2502846, 31, 169321, 0
4124, 319, 24, 65, 0, 0, 36.47%, 18, 5, 2, 544.25, 2505777, 31, 169597, 0
4129, 319, 46, 65, 0, 0, 36.47%, 18, 5, 2, 539.93, 2508425, 31, 169946, 0
4134, 320, 46, 65, 0, 0, 36.47%, 18, 5, 2, 616.48, 2511750, 31, 170152, 0
4140, 320, 47, 65, 0, 0, 36.47%, 18, 5, 2, 539.96, 2514538, 31, 170538, 0
4145, 320, 58, 65, 0, 0, 36.47%, 18, 5, 2, 516.74, 2517288, 31, 170857, 0
4150, 320, 62, 65, 0, 0, 36.47%, 18, 5, 2, 430.09, 2519218, 31, 171139, 0
4155, 320, 46, 65, 0, 0, 36.47%, 18, 5, 2, 357.02, 2520919, 31, 171654, 0
4160, 320, 53, 65, 0, 0, 36.47%, 18, 5, 2, 443.03, 2523478, 31, 172065, 0
4165, 321, 51, 65, 0, 0, 36.47%, 18, 5, 2, 504.25, 2526059, 31, 172325, 0
4170, 321, 24, 65, 0, 0, 36.47%, 18, 5, 2, 472.23, 2528265, 31, 172739, 0
4176, 321, 46, 65, 0, 0, 36.47%, 18, 5, 2, 591.47, 2531632, 31, 172885, 0
4181, 321, 46, 65, 0, 0, 36.47%, 18, 5, 2, 558.39, 2534279, 31, 173241, 0
4186, 322, 6, 65, 0, 0, 36.47%, 18, 5, 2, 547.65, 2537140, 31, 173538, 0
4191, 322, 46, 65, 0, 0, 36.47%, 18, 5, 2, 602.74, 2540289, 31, 173802, 0
4196, 322, 46, 65, 0, 0, 36.47%, 18, 5, 2, 596.77, 2543232, 31, 174137, 0
4201, 322, 8, 65, 0, 0, 36.47%, 18, 5, 2, 497.70, 2545679, 31, 174624, 0
4206, 323, 6, 65, 0, 0, 36.47%, 18, 5, 2, 591.87, 2548748, 31, 174797, 0
4211, 323, 51, 65, 0, 0, 36.47%, 18, 5, 2, 570.59, 2551759, 31, 174996, 0
4216, 323, 57, 65, 0, 0, 36.47%, 18, 5, 2, 423.66, 2553783, 31, 175476, 0
4221, 323, 39, 65, 0, 0, 36.47%, 18, 5, 2, 469.33, 2556225, 31, 175966, 0
4226, 324, 59, 65, 0, 0, 36.47%, 18, 5, 2, 409.35, 2558467, 31, 176372, 0
4232, 324, 49, 65, 0, 0, 36.47%, 18, 5, 2, 510.03, 2561335, 31, 176663, 0
4237, 324, 48, 65, 0, 0, 36.47%, 18, 5, 2, 619.69, 2564549, 31, 176889, 0
4242, 324, 36, 65, 0, 0, 36.47%, 18, 5, 2, 512.23, 2566887, 31, 177338, 0
4247, 324, 46, 65, 0, 0, 36.47%, 18, 5, 2, 563.24, 2569770, 31, 177747, 0
4252, 325, 64, 65, 0, 0, 36.47%, 18, 5, 2, 504.11, 2572223, 31, 178169, 0
4257, 325, 62, 65, 0, 0, 36.47%, 18, 5, 2, 388.40, 2573916, 31, 178552, 0
4262, 325, 50, 65, 0, 0, 36.47%, 18, 5, 2, 493.74, 2576451, 31, 178903, 0
4268, 325, 46, 65, 0, 0, 36.47%, 18, 5, 2, 568.21, 2579474, 31, 179241, 0
4273, 325, 46, 65, 0, 0, 36.47%, 18, 5, 2, 515.09, 2581924, 31, 179657, 0
4278, 326, 59, 65, 0, 0, 36.47%, 18, 5, 2, 539.55, 2584898, 31, 179996, 0
4283, 326, 46, 65, 0, 0, 36.47%, 18, 5, 2, 588.29, 2587726, 31, 180260, 0
4288, 326, 51, 65, 0, 0, 36.47%, 18, 5, 2, 453.11, 2589612, 31, 180532, 0
4293, 326, 38, 65, 0, 0, 36.47%, 18, 5, 2, 549.00, 2592482, 31, 180908, 0
4298, 327, 46, 65, 0, 0, 36.47%, 18, 5, 2, 536.14, 2595102, 31, 181316, 0
4303, 327, 36, 65, 0, 0, 36.47%, 18, 5, 2, 503.03, 2597679, 31, 181601, 0
4308, 327, 24, 65, 0, 0, 36.47%, 18, 5, 2, 592.21, 2600730, 31, 181842, 0
4313, 327, 40, 65, 0, 0, 36.47%, 18, 5, 2, 584.50, 2603689, 31, 182161, 0
4318, 328, 58, 65, 0, 0, 36.47%, 18, 5, 2, 567.51, 2606666, 31, 182442, 0
4323, 328, 46, 65, 0, 0, 36.47%, 18, 5, 2, 585.98, 2609282, 31, 182837, 0
4328, 328, 36, 65, 0, 0, 36.47%, 18, 5, 2, 574.85, 2612046, 31, 183090, 0
4333, 328, 36, 65, 0, 0, 36.47%, 18, 5, 2, 523.58, 2614547, 31, 183533, 0
4338, 329, 46, 65, 0, 0, 36.47%, 18, 5, 2, 556.43, 2617513, 31, 183754, 0
4343, 329, 51, 65, 0, 0, 36.47%, 18, 5, 2, 573.86, 2620499, 31, 183998, 0
4349, 329, 46, 65, 0, 0, 36.47%, 18, 5, 2, 537.07, 2623118, 31, 184385, 0
4354, 329, 17, 65, 0, 0, 36.47%, 18, 5, 2, 534.89, 2625813, 31, 184838, 0
4359, 329, 59, 65, 0, 0, 36.47%, 18, 5, 2, 433.32, 2628030, 31, 185284, 0
4364, 330, 46, 65, 0, 0, 36.47%, 18, 5, 2, 585.73, 2631096, 31, 185484, 0
4369, 330, 0, 65, 0, 0, 36.47%, 18, 5, 2, 548.38, 2634047, 31, 185706, 0
4374, 330, 60, 65, 0, 0, 36.47%, 18, 5, 2, 439.12, 2636436, 31, 186029, 0
4374, 330, 60, 65, 0, 0, 36.47%, 18, 5, 2, 0.00, 2636445, 31, 186032, 0
4379, 330, 7, 65, 0, 0, 36.47%, 18, 5, 2, 482.82, 2638934, 31, 186375, 0
4384, 331, 36, 65, 0, 0, 36.47%, 18, 5, 2, 592.81, 2641968, 31, 186527, 0
4389, 331, 61, 65, 0, 0, 36.47%, 18, 5, 2, 421.51, 2644101, 31, 186843, 0
4394, 331, 46, 65, 0, 0, 36.47%, 18, 5, 2, 574.93, 2646979, 31, 187109, 0
4399, 331, 63, 65, 0, 0, 36.47%, 18, 5, 2, 453.10, 2649215, 31, 187474, 0
4404, 332, 46, 65, 0, 0, 36.47%, 18, 5, 2, 516.33, 2651956, 31, 187840, 0
4409, 332, 63, 65, 0, 0, 36.47%, 18, 5, 2, 552.64, 2654584, 31, 188229, 0
4415, 332, 46, 65, 0, 0, 36.47%, 18, 5, 2, 556.72, 2657157, 31, 188492, 0
4420, 332, 61, 65, 0, 0, 36.47%, 18, 5, 2, 337.80, 2658611, 31, 188983, 0
4425, 332, 24, 65, 0, 0, 36.47%, 18, 5, 2, 615.15, 2661044, 31, 189404, 0
4430, 333, 46, 65, 0, 0, 36.47%, 18, 5, 2, 568.13, 2663693, 31, 189755, 0
4435, 333, 46, 65, 0, 0, 36.47%, 18, 5, 2, 562.13, 2666673, 31, 190060, 0
4440, 333, 64, 65, 0, 0, 36.47%, 18, 5, 2, 497.70, 2669218, 31, 190421, 0
4445, 333, 8, 65, 0, 0, 36.47%, 18, 5, 2, 629.36, 2672452, 31, 190631, 0
4450, 333, 63, 65, 0, 0, 36.47%, 18, 5, 2, 458.99, 2674785, 31, 191117, 0
4455, 334, 49, 65, 0, 0, 36.47%, 18, 5, 2, 495.28, 2677233, 31, 191424, 0
4461, 334, 46, 65, 0, 0, 36.47%, 18, 5, 2, 495.49, 2679710, 31, 191696, 0
4466, 334, 47, 65, 0, 0, 36.47%, 18, 5, 2, 461.06, 2681949, 31, 192294, 0
4471, 334, 57, 65, 0, 0, 36.47%, 18, 5, 2, 518.54, 2684864, 31, 192642, 0
4476, 334, 49, 65, 0, 0, 36.47%, 18, 5, 2, 516.22, 2687332, 31, 192953, 0
4481, 335, 59, 65, 0, 0, 36.47%, 18, 5, 2, 388.18, 2689180, 31, 193267, 0
4486, 335, 46, 65, 0, 0, 36.47%, 18, 5, 2, 453.94, 2691691, 31, 193641, 0
4491, 335, 60, 65, 0, 0, 36.47%, 18, 5, 2, 409.69, 2693884, 31, 194038, 0
4496, 335, 59, 65, 0, 0, 36.47%, 18, 5, 2, 398.65, 2696127, 31, 194321, 0
4501, 335, 46, 65, 0, 0, 36.47%, 18, 5, 2, 457.13, 2698616, 31, 194530, 0
4506, 336, 62, 65, 0, 0, 36.47%, 18, 5, 2, 386.30, 2700715, 31, 194918, 0
4512, 336, 57, 65, 0, 0, 36.47%, 18, 5, 2, 385.98, 2702733, 31, 195216, 0
4517, 336, 24, 65, 0, 0, 36.47%, 18, 5, 2, 483.51, 2705155, 31, 195486, 0
4522, 336, 46, 65, 0, 0, 36.47%, 18, 5, 2, 481.44, 2707492, 31, 195884, 0
4527, 336, 49, 65, 0, 0, 36.47%, 18, 5, 2, 524.83, 2710088, 31, 196224, 0
4532, 336, 7, 65, 0, 0, 36.47%, 18, 5, 2, 524.82, 2712707, 31, 196551, 0
4537, 337, 46, 65, 0, 0, 36.47%, 18, 5, 2, 561.61, 2715525, 31, 196853, 0
4542, 337, 46, 65, 0, 0, 36.47%, 18, 5, 2, 639.22, 2718811, 31, 197043, 0
4547, 337, 7, 65, 0, 0, 36.47%, 18, 5, 2, 475.38, 2720964, 31, 197452, 0
4552, 337, 63, 65, 0, 0, 36.47%, 18, 5, 2, 436.03, 2723303, 31, 197896, 0
4557, 338, 46, 65, 0, 0, 36.47%, 18, 5, 2, 490.17, 2726047, 31, 198099, 0
4562, 338, 46, 65, 0, 0, 36.47%, 18, 5, 2, 484.14, 2728586, 31, 198363, 0
4567, 338, 8, 65, 0, 0, 36.47%, 18, 5, 2, 479.27, 2731108, 31, 198655, 0
4573, 338, 37, 65, 0, 0, 36.47%, 18, 5, 2, 340.49, 2732661, 31, 198934, 0
4578, 339, 62, 65, 0, 0, 36.47%, 18, 5, 2, 550.81, 2735846, 31, 199113, 0
4583, 339, 46, 65, 0, 0, 36.47%, 18, 5, 2, 531.36, 2738462, 31, 199453, 0
4588, 339, 46, 65, 0, 0, 36.47%, 18, 5, 2, 539.52, 2741150, 31, 199772, 0
4593, 339, 8, 65, 0, 0, 36.47%, 18, 5, 2, 554.64, 2743936, 31, 199945, 0
4598, 339, 0, 65, 0, 0, 36.47%, 18, 5, 2, 606.73, 2746889, 31, 200171, 0
4603, 340, 46, 65, 0, 0, 36.47%, 18, 5, 2, 473.00, 2749128, 31, 200625, 0
4608, 340, 6, 65, 0, 0, 36.47%, 18, 5, 2, 403.99, 2751176, 31, 201011, 0
4613, 340, 24, 65, 0, 0, 36.47%, 18, 5, 2, 401.92, 2753312, 31, 201351, 0
4618, 340, 64, 65, 0, 0, 36.47%, 18, 5, 2, 508.00, 2755701, 31, 201653, 0
4623, 340, 57, 65, 0, 0, 36.47%, 18, 5, 2, 431.01, 2757795, 31, 202024, 0
4629, 341, 61, 65, 0, 0, 36.47%, 18, 5, 2, 439.85, 2760303, 31, 202425, 0
4634, 341, 46, 65, 0, 0, 36.47%, 18, 5, 2, 538.75, 2763001, 31, 202689, 0
4639, 341, 60, 65, 0, 0, 36.47%, 18, 5, 2, 563.38, 2765902, 31, 202965, 0
4644, 341, 46, 65, 0, 0, 36.47%, 18, 5, 2, 486.08, 2768065, 31, 203372, 0
4649, 341, 2, 65, 0, 0, 36.47%, 18, 5, 2, 546.59, 2770816, 31, 203704, 0
4654, 342, 63, 65, 0, 0, 36.47%, 18, 5, 2, 475.03, 2773419, 31, 203937, 0
4659, 342, 36, 65, 0, 0, 36.47%, 18, 5, 2, 462.61, 2775754, 31, 204315, 0
4664, 342, 46, 65, 0, 0, 36.47%, 18, 5, 2, 546.49, 2778660, 31, 204602, 0
4669, 342, 36, 65, 0, 0, 36.47%, 18, 5, 2, 603.74, 2781683, 31, 204826, 0
4674, 343, 46, 65, 0, 0, 36.47%, 18, 5, 2, 554.24, 2784179, 31, 205346, 0
4679, 343, 57, 65, 0, 0, 36.47%, 18, 5, 2, 517.69, 2786884, 31, 205703, 0
4684, 343, 46, 65, 0, 0, 36.47%, 18, 5, 2, 617.36, 2790040, 31, 205919, 0
4689, 343, 46, 65, 0, 0, 36.47%, 18, 5, 2, 552.52, 2792646, 31, 206325, 0
4694, 344, 46, 65, 0, 0, 36.47%, 18, 5, 2, 586.65, 2795748, 31, 206574, 0
4699, 344, 7, 65, 0, 0, 36.47%, 18, 5, 2, 622.50, 2798869, 31, 206842, 0
4704, 344, 46, 65, 0, 0, 36.47%, 18, 5, 2, 511.77, 2800975, 31, 207183, 0
4710, 344, 36, 65, 0, 0, 36.47%, 18, 5, 2, 534.05, 2803750, 31, 207464, 0
4715, 344, 7, 65, 0, 0, 36.47%, 18, 5, 2, 497.40, 2806142, 31, 207733, 0
4720, 345, 47, 65, 0, 0, 36.47%, 18, 5, 2, 496.64, 2808851, 31, 207992, 0
4725, 345, 15, 65, 0, 0, 36.47%, 18, 5, 2, 567.77, 2812222, 31, 208163, 0
4730, 345, 64, 65, 0, 0, 36.47%, 18, 5, 2, 435.44, 2814586, 31, 208667, 0
4735, 345, 46, 65, 0, 0, 36.47%, 18, 5, 2, 518.79, 2817191, 31, 209146, 0
4740, 346, 24, 65, 0, 0, 36.47%, 18, 5, 2, 630.23, 2820463, 31, 209288, 0
4745, 346, 59, 65, 0, 0, 36.47%, 18, 5, 2, 477.15, 2822816, 31, 209716, 0
4750, 346, 36, 65, 0, 0, 36.47%, 18, 5, 2, 536.22, 2825604, 31, 210130, 0
4756, 346, 47, 65, 0, 0, 36.47%, 18, 5, 2, 540.05, 2828211, 31, 210453, 0
4761, 346, 46, 65, 0, 0, 36.47%, 18, 5, 2, 420.01, 2830280, 31, 210924, 0
4766, 347, 49, 65, 0, 0, 36.47%, 18, 5, 2, 475.95, 2832898, 31, 211187, 0
4771, 347, 46, 65, 0, 0, 36.47%, 18, 5, 2, 530.68, 2835707, 31, 211525, 0
4776, 347, 61, 65, 0, 0, 36.47%, 18, 5, 2, 566.64, 2838642, 31, 211900, 0
4781, 347, 46, 65, 0, 0, 36.47%, 18, 5, 2, 497.13, 2840678, 31, 212248, 0
4786, 347, 64, 65, 0, 0, 36.47%, 18, 5, 2, 573.76, 2843845, 31, 212456, 0
4791, 348, 65, 66, 1, 0, 36.47%, 18, 5, 2, 565.27, 2846508, 31, 212880, 0
4796, 348, 61, 66, 0, 0, 36.47%, 18, 5, 2, 451.06, 2848766, 31, 213366, 0
4801, 348, 46, 66, 0, 0, 36.47%, 18, 5, 2, 554.40, 2851594, 31, 213706, 0
4806, 348, 60, 66, 0, 0, 36.47%, 18, 5, 2, 491.97, 2853871, 31, 214163, 0
4811, 348, 46, 66, 0, 0, 36.47%, 18, 5, 2, 461.62, 2855922, 31, 214651, 0
4816, 349, 46, 66, 0, 0, 36.47%, 18, 5, 2, 481.49, 2858447, 31, 215038, 0
4822, 349, 46, 66, 0, 0, 36.47%, 18, 5, 2, 482.15, 2860782, 31, 215461, 0
4827, 349, 46, 66, 0, 0, 36.47%, 18, 5, 2, 569.60, 2863823, 31, 215701, 0
4832, 349, 46, 66, 0, 0, 36.47%, 18, 5, 2, 446.76, 2865703, 31, 216103, 0
4837, 349, 46, 66, 0, 0, 36.47%, 18, 5, 2, 524.31, 2868315, 31, 216482, 0
4842, 349, 8, 66, 0, 0, 36.47%, 18, 5, 2, 524.37, 2870968, 31, 216934, 0
4847, 350, 46, 66, 0, 0, 36.47%, 18, 5, 2, 471.37, 2873534, 31, 217345, 0
4852, 350, 46, 66, 0, 0, 36.47%, 18, 5, 2, 559.34, 2876583, 31, 217643, 0
4857, 350, 23, 66, 0, 0, 36.47%, 18, 5, 2, 427.01, 2878557, 31, 217946, 0
4862, 350, 46, 66, 0, 0, 36.47%, 18, 5, 2, 416.82, 2880527, 31, 218396, 0
4867, 350, 36, 66, 0, 0, 36.47%, 18, 5, 2, 464.44, 2883019, 31, 218686, 0
4872, 350, 60, 66, 0, 0, 36.47%, 18, 5, 2, 382.35, 2884874, 31, 219028, 0
4877, 351, 46, 66, 0, 0, 36.47%, 18, 5, 2, 610.88, 2887804, 31, 219314, 0
4882, 351, 65, 66, 0, 0, 36.47%, 18, 5, 2, 564.04, 2890414, 31, 219485, 0
4887, 351, 8, 66, 0, 0, 36.47%, 18, 5, 2, 561.38, 2893383, 31, 219770, 0
4893, 351, 57, 66, 0, 0, 36.47%, 18, 5, 2, 432.80, 2895526, 31, 220200, 0
4898, 351, 7, 66, 0, 0, 36.47%, 18, 5, 2, 515.75, 2897874, 31, 220524, 0
4903, 352, 46, 66, 0, 0, 36.47%, 18, 5, 2, 470.56, 2899939, 31, 220914, 0
4908, 352, 36, 66, 0, 0, 36.47%, 18, 5, 2, 532.22, 2902680, 31, 221167, 0
4913, 352, 47, 66, 0, 0, 36.47%, 18, 5, 2, 516.84, 2905255, 31, 221318, 0
4918, 352, 47, 66, 0, 0, 36.47%, 18, 5, 2, 606.77, 2908402, 31, 221521, 0
4923, 353, 33, 66, 0, 0, 36.47%, 18, 5, 2, 513.42, 2910615, 31, 221791, 0
4928, 353, 51, 66, 0, 0, 36.47%, 18, 5, 2, 434.94, 2912770, 31, 222242, 0
4933, 353, 46, 66, 0, 0, 36.47%, 18, 5, 2, 473.06, 2914965, 31, 222629, 0
4939, 353, 46, 66, 0, 0, 36.47%, 18, 5, 2, 542.59, 2917789, 31, 222852, 0
4944, 353, 60, 66, 0, 0, 36.47%, 18, 5, 2, 504.57, 2920324, 31, 223255, 0
4949, 353, 46, 66, 0, 0, 36.47%, 18, 5, 2, 404.38, 2922068, 31, 223598, 0
4954, 353, 46, 66, 0, 0, 36.47%, 18, 5, 2, 413.28, 2924290, 31, 223966, 0
4959, 354, 5, 66, 0, 0, 36.47%, 18, 5, 2, 435.77, 2926825, 31, 224234, 0
4964, 354, 45, 66, 0, 0, 36.47%, 18, 5, 2, 435.92, 2929100, 31, 224612, 0
4969, 354, 46, 66, 0, 0, 36.47%, 18, 5, 2, 530.46, 2931821, 31, 225002, 0
4974, 354, 46, 66, 0, 0, 36.47%, 18, 5, 2, 405.00, 2934762, 31, 225278, 0
4979, 355, 57, 66, 0, 0, 36.47%, 18, 5, 2, 597.28, 2937877, 31, 225550, 0
4984, 355, 63, 66, 0, 0, 36.47%, 18, 5, 2, 455.32, 2940178, 31, 225864, 0
4989, 355, 46, 66, 0, 0, 36.47%, 18, 5, 2, 462.41, 2942365, 31, 226181, 0
4994, 355, 0, 66, 0, 0, 36.47%, 18, 5, 2, 542.51, 2945257, 31, 226484, 0
4999, 355, 46, 66, 0, 0, 36.47%, 18, 5, 2, 560.01, 2947912, 31, 226920, 0
5004, 355, 25, 66, 0, 0, 36.47%, 18, 5, 2, 554.28, 2950746, 31, 227257, 0
5009, 356, 36, 66, 0, 0, 36.47%, 18, 5, 2, 520.47, 2953168, 31, 227399, 0
5015, 356, 60, 66, 0, 0, 36.47%, 18, 5, 2, 446.57, 2955630, 31, 227746, 0
5020, 356, 46, 66, 0, 0, 36.47%, 18, 5, 2, 431.26, 2957826, 31, 228067, 0
5025, 356, 51, 66, 0, 0, 36.47%, 18, 5, 2, 458.84, 2960137, 31, 228432, 0
5030, 356, 46, 66, 0, 0, 36.47%, 18, 5, 2, 445.18, 2962365, 31, 228720, 0
5035, 357, 0, 66, 0, 0, 36.47%, 18, 5, 2, 325.29, 2963664, 31, 229035, 0
5040, 357, 62, 66, 0, 0, 36.47%, 18, 5, 2, 377.68, 2965772, 31, 229431, 0
5045, 357, 46, 66, 0, 0, 36.47%, 18, 5, 2, 484.87, 2968382, 31, 229724, 0
5050, 357, 60, 66, 0, 0, 36.47%, 18, 5, 2, 337.79, 2970047, 31, 230204, 0
5055, 357, 45, 66, 0, 0, 36.47%, 18, 5, 2, 455.30, 2972508, 31, 230581, 0
5060, 358, 59, 66, 0, 0, 36.47%, 18, 5, 2, 471.77, 2974789, 31, 230904, 0
5065, 358, 56, 66, 0, 0, 36.47%, 18, 5, 2, 455.08, 2976839, 31, 231295, 0
5070, 358, 36, 66, 0, 0, 36.47%, 18, 5, 2, 463.83, 2979189, 31, 231680, 0
5076, 358, 46, 66, 0, 0, 36.47%, 18, 5, 2, 394.00, 2982085, 31, 231993, 0
5081, 358, 57, 66, 0, 0, 36.47%, 18, 5, 2, 550.26, 2985167, 31, 232296, 0
5086, 359, 46, 66, 0, 0, 36.47%, 18, 5, 2, 507.88, 2987751, 31, 232673, 0
5091, 359, 35, 66, 0, 0, 36.47%, 18, 5, 2, 553.69, 2990665, 31, 233010, 0
5096, 359, 64, 66, 0, 0, 36.47%, 18, 5, 2, 474.77, 2992951, 31, 233467, 0
5101, 359, 8, 66, 0, 0, 36.47%, 18, 5, 2, 456.59, 2995007, 31, 233771, 0
5106, 359, 57, 66, 0, 0, 36.47%, 18, 5, 2, 504.32, 2997864, 31, 234079, 0
5111, 360, 63, 66, 0, 0, 36.47%, 18, 5, 2, 566.84, 3000637, 31, 234212, 0
5116, 360, 46, 66, 0, 0, 36.47%, 18, 5, 2, 436.88, 3002543, 31, 234720, 0
5121, 360, 46, 66, 0, 0, 36.47%, 18, 5, 2, 405.03, 3004633, 31, 234936, 0
5126, 360, 60, 66, 0, 0, 36.47%, 18, 5, 2, 379.03, 3007363, 31, 235345, 0
5132, 360, 46, 66, 0, 0, 36.47%, 18, 5, 2, 560.11, 3010156, 31, 235592, 0
5137, 361, 46, 66, 0, 0, 36.47%, 18, 5, 2, 571.43, 3012992, 31, 235864, 0
5142, 361, 46, 66, 0, 0, 36.47%, 18, 5, 2, 494.10, 3015480, 31, 236178, 0
5147, 361, 60, 66, 0, 0, 36.47%, 18, 5, 2, 476.90, 3018220, 31, 236551, 0
5152, 361, 65, 66, 0, 0, 36.47%, 18, 5, 2, 553.27, 3020995, 31, 236935, 0
5157, 362, 54, 66, 0, 0, 36.47%, 18, 5, 2, 643.30, 3024302, 31, 237200, 0
5162, 362, 36, 66, 0, 0, 36.47%, 18, 5, 2, 598.15, 3027002, 31, 237362, 0
5167, 362, 60, 66, 0, 0, 36.47%, 18, 5, 2, 365.67, 3028723, 31, 237873, 0
5172, 362, 62, 66, 0, 0, 36.47%, 18, 5, 2, 504.64, 3031247, 31, 238211, 0
5177, 362, 46, 66, 0, 0, 36.47%, 18, 5, 2, 529.24, 3033692, 31, 238465, 0
5183, 362, 46, 66, 0, 0, 36.47%, 18, 5, 2, 536.66, 3036430, 31, 238975, 0
5188, 363, 61, 66, 0, 0, 36.47%, 18, 5, 2, 545.93, 3039452, 31, 239270, 0
5193, 363, 46, 66, 0, 0, 36.47%, 18, 5, 2, 514.45, 3042223, 31, 239596, 0
5198, 363, 46, 66, 0, 0, 36.47%, 18, 5, 2, 551.83, 3044846, 31, 239927, 0
5203, 363, 60, 66, 0, 0, 36.47%, 18, 5, 2, 472.51, 3047489, 31, 240228, 0
5208, 364, 24, 66, 0, 0, 36.47%, 18, 5, 2, 628.71, 3050713, 31, 240384, 0
5213, 364, 7, 66, 0, 0, 36.47%, 18, 5, 2, 576.29, 3053436, 31, 240745, 0
5218, 364, 58, 66, 0, 0, 36.47%, 18, 5, 2, 469.15, 3055809, 31, 241217, 0
5223, 364, 28, 66, 0, 0, 36.47%, 18, 5, 2, 471.77, 3058203, 31, 241646, 0
5228, 364, 49, 66, 0, 0, 36.47%, 18, 5, 2, 516.62, 3060638, 31, 242084, 0
5234, 365, 56, 66, 0, 0, 36.47%, 18, 5, 2, 617.43, 3064051, 31, 242268, 0
5239, 365, 5, 66, 0, 0, 36.47%, 18, 5, 2, 603.72, 3066747, 31, 242671, 0
5244, 365, 46, 66, 0, 0, 36.47%, 18, 5, 2, 521.18, 3069066, 31, 243027, 0
5249, 365, 58, 66, 0, 0, 36.47%, 18, 5, 2, 475.24, 3071699, 31, 243406, 0
5254, 366, 61, 66, 0, 0, 36.47%, 18, 5, 2, 504.66, 3074269, 31, 243809, 0
5259, 366, 47, 66, 0, 0, 36.47%, 18, 5, 2, 462.72, 3076394, 31, 244183, 0
5264, 366, 17, 66, 0, 0, 36.47%, 18, 5, 2, 564.10, 3079487, 31, 244543, 0
5269, 366, 62, 66, 0, 0, 36.47%, 18, 5, 2, 600.09, 3082773, 31, 244641, 0
5274, 367, 50, 66, 0, 0, 36.47%, 18, 5, 2, 657.19, 3086006, 31, 244805, 0
5279, 367, 46, 66, 0, 0, 36.47%, 18, 5, 2, 545.71, 3088689, 31, 245257, 0
5284, 367, 59, 66, 0, 0, 36.47%, 18, 5, 2, 57.69, 3091592, 31, 245483, 0
5290, 367, 61, 66, 0, 0, 36.47%, 18, 5, 2, 415.08, 3093483, 31, 246032, 0
5295, 367, 7, 66, 0, 0, 36.47%, 18, 5, 2, 565.26, 3096545, 31, 246328, 0
5300, 368, 46, 66, 0, 0, 36.47%, 18, 5, 2, 629.73, 3099759, 31, 246616, 0
5305, 368, 52, 66, 0, 0, 36.47%, 18, 5, 2, 481.80, 3102046, 31, 247149, 0
5310, 368, 54, 66, 0, 0, 36.47%, 18, 5, 2, 613.99, 3105360, 31, 247379, 0
5315, 368, 64, 66, 0, 0, 36.47%, 18, 5, 2, 391.02, 3107139, 31, 247872, 0
5320, 369, 46, 66, 0, 0, 36.47%, 18, 5, 2, 512.08, 3109902, 31, 248248, 0
5325, 369, 10, 66, 0, 0, 36.47%, 18, 5, 2, 528.19, 3112575, 31, 248607, 0
5330, 369, 47, 66, 0, 0, 36.47%, 18, 5, 2, 557.95, 3115350, 31, 248860, 0
5335, 369, 46, 66, 0, 0, 36.47%, 18, 5, 2, 549.13, 3118428, 31, 249230, 0
5340, 369, 46, 66, 0, 0, 36.47%, 18, 5, 2, 523.05, 3121158, 31, 249606, 0
5345, 370, 46, 66, 0, 0, 36.47%, 18, 5, 2, 593.97, 3124078, 31, 249902, 0
5350, 370, 6, 66, 0, 0, 36.47%, 18, 5, 2, 541.19, 3126651, 31, 250414, 0
5356, 370, 46, 66, 0, 0, 36.47%, 18, 5, 2, 592.41, 3129768, 31, 250720, 0
5361, 370, 24, 66, 0, 0, 36.47%, 18, 5, 2, 528.44, 3132399, 31, 251093, 0
5366, 371, 0, 66, 0, 0, 36.47%, 18, 5, 2, 602.33, 3135489, 31, 251406, 0
5371, 371, 46, 66, 0, 0, 36.47%, 18, 5, 2, 603.61, 3138669, 31, 251682, 0
5376, 371, 54, 66, 0, 0, 36.47%, 18, 5, 2, 582.94, 3141376, 31, 252076, 0
5381, 371, 58, 66, 0, 0, 36.47%, 18, 5, 2, 542.95, 3144022, 31, 252547, 0
5386, 372, 51, 66, 0, 0, 36.47%, 18, 5, 2, 530.41, 3146688, 31, 252936, 0
5391, 372, 56, 66, 0, 0, 36.47%, 18, 5, 2, 545.86, 3149388, 31, 253166, 0
5396, 372, 36, 66, 0, 0, 36.47%, 18, 5, 2, 579.91, 3152205, 31, 253508, 0
5401, 372, 46, 66, 0, 0, 36.47%, 18, 5, 2, 522.42, 3154987, 31, 253746, 0
5406, 372, 63, 66, 0, 0, 36.47%, 18, 5, 2, 495.46, 3157787, 31, 253986, 0
5411, 373, 46, 66, 0, 0, 36.47%, 18, 5, 2, 549.33, 3160567, 31, 254414, 0
5416, 373, 5, 66, 0, 0, 36.47%, 18, 5, 2, 560.25, 3163403, 31, 254816, 0
5421, 373, 57, 66, 0, 0, 36.47%, 18, 5, 2, 455.90, 3165527, 31, 255236, 0
5427, 373, 46, 66, 0, 0, 36.47%, 18, 5, 2, 526.37, 3168024, 31, 255762, 0
5432, 373, 64, 66, 0, 0, 36.47%, 18, 5, 2, 510.43, 3170567, 31, 256023, 0
5437, 374, 46, 66, 0, 0, 36.47%, 18, 5, 2, 640.01, 3173534, 31, 256321, 0
5442, 374, 46, 66, 0, 0, 36.47%, 18, 5, 2, 615.76, 3176669, 31, 256565, 0
5447, 374, 35, 66, 0, 0, 36.47%, 18, 5, 2, 568.82, 3179451, 31, 256967, 0
5452, 375, 63, 66, 0, 0, 36.47%, 18, 5, 2, 518.54, 3182240, 31, 257294, 0
5457, 375, 59, 66, 0, 0, 36.47%, 18, 5, 2, 436.12, 3184540, 31, 257701, 0
5462, 375, 0, 66, 0, 0, 36.47%, 18, 5, 2, 568.30, 3187263, 31, 257967, 0
5467, 375, 36, 66, 0, 0, 36.47%, 18, 5, 2, 587.57, 3189774, 31, 258215, 0
5472, 376, 58, 66, 0, 0, 36.47%, 18, 5, 2, 637.51, 3193123, 31, 258458, 0
5477, 376, 46, 66, 0, 0, 36.47%, 18, 5, 2, 602.94, 3196001, 31, 258799, 0
5482, 376, 38, 66, 0, 0, 36.47%, 18, 5, 2, 630.36, 3199065, 31, 259113, 0
5487, 376, 51, 66, 0, 0, 36.47%, 18, 5, 2, 599.52, 3202162, 31, 259335, 0
5492, 377, 52, 66, 0, 0, 36.47%, 18, 5, 2, 559.29, 3204938, 31, 259690, 0
5497, 377, 60, 66, 0, 0, 36.47%, 18, 5, 2, 488.62, 3207359, 31, 260094, 0
5502, 377, 46, 66, 0, 0, 36.47%, 18, 5, 2, 583.29, 3210136, 31, 260420, 0
5508, 377, 61, 66, 0, 0, 36.47%, 18, 5, 2, 516.25, 3212558, 31, 260936, 0
5513, 377, 46, 66, 0, 0, 36.47%, 18, 5, 2, 496.58, 3214642, 31, 261266, 0
5518, 378, 53, 66, 0, 0, 36.47%, 18, 5, 2, 596.34, 3217677, 31, 261536, 0
5523, 378, 7, 66, 0, 0, 36.47%, 18, 5, 2, 672.31, 3221162, 31, 261746, 0
5528, 378, 7, 66, 0, 0, 36.47%, 18, 5, 2, 598.99, 3224007, 31, 262143, 0
5533, 378, 24, 66, 0, 0, 36.47%, 18, 5, 2, 481.39, 3226244, 31, 262522, 0
5538, 378, 65, 66, 0, 0, 36.47%, 18, 5, 2, 501.01, 3228901, 31, 262833, 0
5543, 379, 46, 66, 0, 0, 36.47%, 18, 5, 2, 625.49, 3232324, 31, 263024, 0
5549, 379, 62, 66, 0, 0, 36.47%, 18, 5, 2, 598.36, 3235336, 31, 263353, 0
5554, 379, 63, 66, 0, 0, 36.47%, 18, 5, 2, 478.81, 3237686, 31, 263691, 0
5559, 379, 46, 66, 0, 0, 36.47%, 18, 5, 2, 568.65, 3240486, 31, 263980, 0
5564, 380, 60, 66, 0, 0, 36.47%, 18, 5, 2, 521.63, 3243139, 31, 264490, 0
5569, 380, 57, 66, 0, 0, 36.47%, 18, 5, 2, 490.02, 3245587, 31, 264882, 0
5574, 380, 46, 66, 0, 0, 36.47%, 18, 5, 2, 549.16, 3248424, 31, 265299, 0
5579, 380, 5, 66, 0, 0, 36.47%, 18, 5, 2, 596.71, 3251520, 31, 265540, 0
5584, 381, 0, 66, 0, 0, 36.47%, 18, 5, 2, 679.80, 3254448, 31, 265753, 0
5589, 381, 36, 66, 0, 0, 36.47%, 18, 5, 2, 509.73, 3257155, 31, 266064, 0
5594, 381, 59, 66, 0, 0, 36.47%, 18, 5, 2, 512.07, 3259899, 31, 266481, 0
5599, 382, 46, 66, 0, 0, 36.47%, 18, 5, 2, 573.09, 3262821, 31, 266831, 0
5604, 382, 53, 66, 0, 0, 36.47%, 18, 5, 2, 574.99, 3265630, 31, 267049, 0
5610, 382, 64, 66, 0, 0, 36.47%, 18, 5, 2, 527.57, 3268574, 31, 267339, 0
5615, 382, 57, 66, 0, 0, 36.47%, 18, 5, 2, 480.53, 3270822, 31, 267766, 0
5620, 383, 46, 66, 0, 0, 36.47%, 18, 5, 2, 649.85, 3274107, 31, 267934, 0
5625, 383, 58, 66, 0, 0, 36.47%, 18, 5, 2, 534.09, 3276733, 31, 268312, 0
5630, 383, 46, 66, 0, 0, 36.47%, 18, 5, 2, 629.14, 3279792, 31, 268566, 0
5635, 383, 36, 66, 0, 0, 36.47%, 18, 5, 2, 325.55, 3282136, 31, 268963, 0
5640, 384, 46, 66, 0, 0, 36.47%, 18, 5, 2, 562.42, 3285454, 31, 269237, 0
5645, 384, 57, 66, 0, 0, 36.47%, 18, 5, 2, 465.37, 3287963, 31, 269653, 0
5650, 384, 46, 66, 0, 0, 36.47%, 18, 5, 2, 511.51, 3290602, 31, 270123, 0
5655, 384, 57, 66, 0, 0, 36.47%, 18, 5, 2, 362.82, 3292280, 31, 270636, 0
5661, 384, 63, 66, 0, 0, 36.47%, 18, 5, 2, 445.05, 3294697, 31, 271113, 0
5666, 384, 47, 66, 0, 0, 36.47%, 18, 5, 2, 473.28, 3297057, 31, 271662, 0
5671, 385, 66, 67, 1, 0, 36.47%, 18, 5, 2, 314.32, 3298707, 31, 271700, 0
5676, 385, 66, 67, 1, 0, 36.47%, 18, 5, 2, 180.39, 3299469, 31, 271700, 0
5681, 385, 66, 68, 2, 0, 36.47%, 18, 5, 2, 143.81, 3300146, 31, 271889, 0
5686, 385, 67, 68, 1, 0, 36.47%, 18, 5, 2, 151.56, 3301125, 31, 272068, 0
5691, 385, 67, 68, 1, 0, 36.47%, 18, 5, 2, 140.85, 3301864, 31, 272068, 0
5696, 385, 66, 68, 0, 0, 36.47%, 18, 5, 2, 426.56, 3303926, 31, 272273, 0
5701, 385, 66, 68, 0, 0, 36.47%, 18, 5, 2, 199.53, 3304605, 31, 272468, 0
5707, 385, 66, 68, 0, 0, 36.47%, 18, 5, 2, 140.04, 3305263, 31, 272577, 0
5712, 385, 66, 68, 0, 0, 36.47%, 18, 5, 2, 121.38, 3305873, 31, 272624, 0
5717, 385, 66, 68, 0, 0, 36.47%, 18, 5, 2, 120.72, 3306497, 31, 272701, 0
5722, 385, 66, 68, 0, 0, 36.47%, 18, 5, 2, 117.64, 3307105, 31, 272788, 0
5727, 385, 66, 68, 0, 0, 36.47%, 18, 5, 2, 117.54, 3307695, 31, 272876, 0
5732, 385, 66, 68, 0, 0, 36.47%, 18, 5, 2, 116.12, 3308283, 31, 272980, 0
5737, 385, 66, 68, 0, 0, 36.47%, 18, 5, 2, 113.20, 3308849, 31, 272994, 0
5742, 385, 66, 68, 0, 0, 36.47%, 18, 5, 2, 113.02, 3309421, 31, 273106, 0
5747, 385, 66, 68, 0, 0, 36.47%, 18, 5, 2, 107.05, 3309957, 31, 273204, 0
5752, 385, 66, 68, 0, 0, 36.47%, 18, 5, 2, 107.95, 3310481, 31, 273216, 0
5757, 385, 66, 68, 0, 0, 36.47%, 18, 5, 2, 113.83, 3311035, 31, 273397, 0
5763, 385, 66, 68, 0, 0, 36.47%, 18, 5, 2, 252.09, 3312494, 31, 273676, 0
5768, 385, 66, 68, 0, 0, 36.47%, 18, 5, 2, 333.80, 3313973, 31, 274005, 0
5773, 385, 66, 68, 0, 0, 36.47%, 18, 5, 2, 235.54, 3315127, 31, 274421, 0
5778, 385, 63, 68, 0, 0, 36.47%, 18, 5, 2, 196.20, 3316075, 31, 274764, 0
5783, 385, 7, 68, 0, 0, 36.47%, 18, 5, 2, 251.81, 3317505, 31, 275168, 0
5788, 386, 68, 70, 2, 0, 36.47%, 18, 5, 2, 409.07, 3319721, 31, 275426, 0
5793, 386, 68, 70, 2, 0, 36.47%, 18, 5, 2, 241.13, 3320693, 31, 275426, 0
5798, 386, 66, 70, 1, 0, 36.47%, 18, 5, 2, 225.86, 3321812, 31, 275721, 0
5803, 386, 24, 70, 1, 0, 36.47%, 18, 5, 2, 226.82, 3322847, 31, 276002, 0
5808, 386, 69, 70, 1, 0, 36.47%, 18, 5, 2, 207.95, 3323984, 31, 276004, 0
5813, 386, 5, 70, 0, 0, 36.47%, 18, 5, 2, 265.28, 3325314, 31, 276236, 0
5818, 386, 66, 70, 0, 0, 36.47%, 18, 5, 2, 235.99, 3326327, 31, 276481, 0
5824, 386, 66, 70, 0, 0, 36.47%, 18, 5, 2, 192.00, 3327314, 31, 276856, 0
5829, 386, 66, 70, 0, 0, 36.47%, 18, 5, 2, 485.76, 3328769, 31, 277095, 0
5834, 386, 66, 70, 0, 0, 36.47%, 18, 5, 2, 296.99, 3329881, 31, 277333, 0
5839, 386, 66, 70, 0, 0, 36.47%, 18, 5, 2, 191.17, 3330749, 31, 277589, 0
5844, 386, 66, 70, 0, 0, 36.47%, 18, 5, 2, 227.63, 3332085, 31, 277761, 0
5849, 386, 59, 70, 0, 0, 36.47%, 18, 5, 2, 295.85, 3333723, 31, 278159, 0
5854, 387, 58, 70, 0, 0, 36.47%, 18, 5, 2, 336.34, 3335484, 31, 278430, 0
5859, 387, 36, 70, 0, 0, 36.47%, 18, 5, 2, 290.60, 3336837, 31, 278775, 0
5864, 387, 66, 70, 0, 0, 36.47%, 18, 5, 2, 285.04, 3338466, 31, 279030, 0
5869, 387, 36, 70, 0, 0, 36.47%, 18, 5, 2, 372.09, 3340255, 31, 279308, 0
5874, 387, 59, 70, 0, 0, 36.47%, 18, 5, 2, 413.88, 3342530, 31, 279658, 0
5879, 387, 5, 70, 0, 0, 36.47%, 18, 5, 2, 254.02, 3343450, 31, 280041, 0
5884, 388, 51, 70, 0, 0, 36.47%, 18, 5, 2, 410.46, 3345876, 31, 280300, 0
5890, 388, 66, 70, 0, 0, 36.47%, 18, 5, 2, 441.35, 3347840, 31, 280595, 0
5895, 388, 36, 70, 0, 0, 36.47%, 18, 5, 2, 724.60, 3349854, 31, 280964, 0
5900, 388, 66, 70, 0, 0, 36.47%, 18, 5, 2, 138.21, 3350862, 31, 281168, 0
5905, 388, 66, 70, 0, 0, 36.47%, 18, 5, 2, 583.42, 3354220, 31, 281296, 0
5910, 388, 67, 70, 0, 0, 36.47%, 18, 5, 2, 473.27, 3355215, 31, 281470, 0
5915, 388, 66, 70, 0, 0, 36.47%, 18, 5, 2, 216.82, 3355941, 31, 281705, 0
5920, 389, 66, 70, 0, 0, 36.47%, 18, 5, 2, 342.33, 3357772, 31, 282077, 0
5925, 389, 5, 70, 0, 0, 36.47%, 18, 5, 2, 347.86, 3359335, 31, 282364, 0
5930, 389, 66, 70, 0, 0, 36.47%, 18, 5, 2, 178.57, 3360022, 31, 282545, 0
5935, 389, 66, 70, 0, 0, 36.47%, 18, 5, 2, 214.42, 3361398, 31, 282916, 0
5941, 389, 66, 70, 0, 0, 36.47%, 18, 5, 2, 201.81, 3362354, 31, 283296, 0
5946, 389, 66, 70, 0, 0, 36.47%, 18, 5, 2, 185.56, 3363349, 31, 283640, 0
5951, 389, 57, 70, 0, 0, 36.47%, 18, 5, 2, 426.17, 3365756, 31, 283962, 0
5956, 390, 7, 70, 0, 0, 36.47%, 18, 5, 2, 522.94, 3368655, 31, 284179, 0
5961, 390, 7, 70, 0, 0, 36.47%, 18, 5, 2, 342.95, 3369964, 31, 284489, 0
5966, 390, 69, 70, 0, 0, 36.47%, 18, 5, 2, 391.53, 3372333, 31, 284670, 0
5971, 390, 5, 70, 0, 0, 36.47%, 18, 5, 2, 257.11, 3373331, 31, 285108, 0
5976, 390, 6, 70, 0, 0, 36.47%, 18, 5, 2, 291.50, 3374753, 31, 285499, 0
5981, 390, 66, 70, 0, 0, 36.47%, 18, 5, 2, 267.63, 3376445, 31, 285661, 0
5986, 390, 6, 70, 0, 0, 36.47%, 18, 5, 2, 338.35, 3377891, 31, 285934, 0
5992, 390, 66, 70, 0, 0, 36.47%, 18, 5, 2, 209.01, 3378737, 31, 286241, 0
5997, 391, 46, 70, 0, 0, 36.47%, 18, 5, 2, 377.61, 3380948, 31, 286552, 0
6002, 391, 6, 70, 0, 0, 36.47%, 18, 5, 2, 260.49, 3382342, 31, 286805, 0
6007, 391, 66, 70, 0, 0, 36.47%, 18, 5, 2, 293.89, 3384361, 31, 287016, 0
6012, 391, 39, 70, 0, 0, 36.47%, 18, 5, 2, 279.65, 3385553, 31, 287459, 0
6017, 391, 66, 70, 0, 0, 36.47%, 18, 5, 2, 290.90, 3387035, 31, 287702, 0
6022, 391, 69, 70, 0, 0, 36.47%, 18, 5, 2, 365.86, 3388932, 31, 287990, 0
6027, 391, 66, 70, 0, 0, 36.47%, 18, 5, 2, 296.05, 3390377, 31, 288183, 0
6032, 392, 57, 70, 0, 0, 36.47%, 18, 5, 2, 303.25, 3391655, 31, 288501, 0
6037, 392, 66, 70, 0, 0, 36.47%, 18, 5, 2, 300.15, 3393321, 31, 288814, 0
6043, 392, 5, 70, 0, 0, 36.47%, 18, 5, 2, 289.66, 3394691, 31, 289206, 0
6048, 392, 66, 70, 0, 0, 36.47%, 18, 5, 2, 210.73, 3395955, 31, 289594, 0
6053, 392, 66, 70, 0, 0, 36.47%, 18, 5, 2, 223.06, 3397167, 31, 289789, 0
6058, 392, 60, 70, 0, 0, 36.47%, 18, 5, 2, 343.50, 3399169, 31, 290066, 0
6063, 392, 68, 70, 0, 0, 36.47%, 18, 5, 2, 330.67, 3401093, 31, 290504, 0
6068, 393, 7, 70, 0, 0, 36.47%, 18, 5, 2, 343.28, 3402467, 31, 290820, 0
6073, 393, 66, 70, 0, 0, 36.47%, 18, 5, 2, 262.63, 3403986, 31, 291044, 0
6078, 393, 66, 70, 0, 0, 36.47%, 18, 5, 2, 281.19, 3405515, 31, 291326, 0
6084, 393, 7, 70, 0, 0, 36.47%, 18, 5, 2, 292.86, 3406725, 31, 291589, 0
6089, 393, 61, 70, 0, 0, 36.47%, 18, 5, 2, 281.95, 3408019, 31, 291862, 0
6094, 393, 66, 70, 0, 0, 36.47%, 18, 5, 2, 455.32, 3410413, 31, 292137, 0
6099, 393, 66, 70, 0, 0, 36.47%, 18, 5, 2, 187.60, 3411546, 31, 292549, 0
6104, 393, 68, 70, 0, 0, 36.47%, 18, 5, 2, 293.57, 3413231, 31, 292714, 0
6109, 394, 66, 70, 0, 0, 36.47%, 18, 5, 2, 186.39, 3414117, 31, 292990, 0
6114, 394, 66, 70, 0, 0, 36.47%, 18, 5, 2, 195.07, 3415129, 31, 293232, 0
6119, 394, 7, 70, 0, 0, 36.47%, 18, 5, 2, 303.71, 3416776, 31, 293651, 0
6124, 394, 66, 70, 0, 0, 36.47%, 18, 5, 2, 346.24, 3418541, 31, 293907, 0
6129, 394, 66, 70, 0, 0, 36.47%, 18, 5, 2, 334.72, 3420479, 31, 294169, 0
6135, 394, 66, 70, 0, 0, 36.47%, 18, 5, 2, 202.93, 3421247, 31, 294445, 0
6140, 394, 66, 70, 0, 0, 36.47%, 18, 5, 2, 263.31, 3422569, 31, 294793, 0
6145, 394, 54, 70, 0, 0, 36.47%, 18, 5, 2, 557.82, 3425257, 31, 294909, 0
6150, 395, 5, 70, 0, 0, 36.47%, 18, 5, 2, 426.63, 3427383, 31, 295046, 0
6155, 395, 66, 70, 0, 0, 36.47%, 18, 5, 2, 256.74, 3428650, 31, 295318, 0
6160, 395, 66, 70, 0, 0, 36.47%, 18, 5, 2, 229.39, 3429873, 31, 295741, 0
6165, 395, 66, 70, 0, 0, 36.47%, 18, 5, 2, 317.96, 3431647, 31, 296194, 0
6170, 395, 66, 70, 0, 0, 36.47%, 18, 5, 2, 302.96, 3433336, 31, 296571, 0
6175, 395, 66, 70, 0, 0, 36.47%, 18, 5, 2, 424.04, 3435748, 31, 296775, 0
6180, 396, 66, 70, 0, 0, 36.47%, 18, 5, 2, 312.37, 3437220, 31, 297087, 0
6185, 396, 66, 70, 0, 0, 36.47%, 18, 5, 2, 388.92, 3439412, 31, 297398, 0
6191, 396, 9, 70, 0, 0, 36.47%, 18, 5, 2, 295.84, 3440875, 31, 297753, 0
6196, 396, 69, 70, 0, 0, 36.47%, 18, 5, 2, 347.61, 3442770, 31, 298000, 0
6201, 396, 66, 70, 0, 0, 36.47%, 18, 5, 2, 378.10, 3444511, 31, 298364, 0
6206, 396, 66, 70, 0, 0, 36.47%, 18, 5, 2, 149.11, 3445740, 31, 298712, 0
6211, 396, 46, 70, 0, 0, 36.47%, 18, 5, 2, 239.52, 3446941, 31, 299064, 0
6216, 397, 66, 70, 0, 0, 36.47%, 18, 5, 2, 365.69, 3449007, 31, 299323, 0
6221, 397, 64, 70, 0, 0, 36.47%, 18, 5, 2, 370.10, 3450693, 31, 299706, 0
6226, 397, 63, 70, 0, 0, 36.47%, 18, 5, 2, 411.39, 3452870, 31, 300109, 0
6232, 397, 66, 70, 0, 0, 36.47%, 18, 5, 2, 252.23, 3454076, 31, 300397, 0
6237, 397, 66, 70, 0, 0, 36.47%, 18, 5, 2, 223.22, 3455187, 31, 300732, 0
6242, 397, 35, 70, 0, 0, 36.47%, 18, 5, 2, 370.06, 3456823, 31, 301056, 0
6247, 397, 66, 70, 0, 0, 36.47%, 18, 5, 2, 224.14, 3457711, 31, 301282, 0
6252, 397, 66, 70, 0, 0, 36.47%, 18, 5, 2, 178.19, 3458620, 31, 301593, 0
6257, 397, 68, 70, 0, 0, 36.47%, 18, 5, 2, 210.39, 3459899, 31, 301868, 0
6262, 398, 0, 70, 0, 0, 36.47%, 18, 5, 2, 365.07, 3461834, 31, 302138, 0
6267, 398, 66, 70, 0, 0, 36.47%, 18, 5, 2, 316.98, 3463388, 31, 302445, 0
6272, 398, 52, 70, 0, 0, 36.47%, 18, 5, 2, 345.77, 3464848, 31, 302739, 0
6277, 398, 66, 71, 1, 0, 36.47%, 18, 5, 2, 277.04, 3466375, 31, 303263, 0
6282, 398, 70, 71, 1, 0, 36.47%, 18, 5, 2, 214.44, 3467542, 31, 303452, 0
6288, 398, 70, 71, 1, 0, 36.47%, 18, 5, 2, 163.08, 3468292, 31, 303452, 0
6293, 398, 66, 71, 0, 0, 36.47%, 18, 5, 2, 186.48, 3469171, 31, 303753, 0
6298, 398, 66, 71, 0, 0, 36.47%, 18, 5, 2, 204.35, 3470248, 31, 304197, 0
6303, 398, 24, 71, 0, 0, 36.47%, 18, 5, 2, 440.01, 3472470, 31, 304624, 0
6308, 398, 65, 71, 0, 0, 36.47%, 18, 5, 2, 153.27, 3474748, 31, 304774, 0
6313, 399, 6, 71, 0, 0, 36.47%, 18, 5, 2, 325.36, 3476545, 31, 305099, 0
6318, 399, 6, 71, 0, 0, 36.47%, 18, 5, 2, 304.92, 3477899, 31, 305393, 0
6324, 399, 66, 71, 0, 0, 36.47%, 18, 5, 2, 302.62, 3479741, 31, 305683, 0
6329, 399, 66, 71, 0, 0, 36.47%, 18, 5, 2, 303.80, 3481146, 31, 306179, 0
6334, 399, 66, 71, 0, 0, 36.47%, 18, 5, 2, 246.94, 3482483, 31, 306542, 0
6339, 399, 58, 71, 0, 0, 36.47%, 18, 5, 2, 223.53, 3483486, 31, 306874, 0
6344, 399, 46, 71, 0, 0, 36.47%, 18, 5, 2, 270.42, 3485179, 31, 307288, 0
6349, 399, 36, 71, 0, 0, 36.47%, 18, 5, 2, 341.35, 3486678, 31, 307487, 0
6354, 399, 61, 71, 0, 0, 36.47%, 18, 5, 2, 172.84, 3488041, 31, 307871, 0
6359, 400, 56, 71, 0, 0, 36.47%, 18, 5, 2, 273.07, 3489429, 31, 308117, 0
6364, 400, 61, 71, 0, 0, 36.47%, 18, 5, 2, 379.32, 3491386, 31, 308446, 0
6370, 400, 66, 71, 0, 0, 36.47%, 18, 5, 2, 329.22, 3493000, 31, 308665, 0
6375, 400, 66, 71, 0, 0, 36.47%, 18, 5, 2, 291.93, 3494720, 31, 308971, 0
6380, 400, 36, 71, 0, 0, 36.47%, 18, 5, 2, 283.52, 3496132, 31, 309313, 0
6385, 400, 66, 71, 0, 0, 36.47%, 18, 5, 2, 288.24, 3498018, 31, 309557, 0
6390, 400, 66, 71, 0, 0, 36.47%, 18, 5, 2, 336.42, 3499556, 31, 309818, 0
6395, 400, 46, 71, 0, 0, 36.47%, 18, 5, 2, 245.14, 3500588, 31, 310172, 0
6401, 401, 61, 71, 0, 0, 36.47%, 18, 5, 2, 221.61, 3501944, 31, 310559, 0
6406, 401, 69, 71, 0, 0, 36.47%, 18, 5, 2, 206.20, 3502908, 31, 311058, 0
6411, 401, 66, 71, 0, 0, 36.47%, 18, 5, 2, 312.05, 3505024, 31, 311240, 0
6416, 401, 66, 71, 0, 0, 36.47%, 18, 5, 2, 258.03, 3506312, 31, 311485, 0
6421, 401, 66, 71, 0, 0, 36.47%, 18, 5, 2, 453.05, 3508949, 31, 311725, 0
6426, 401, 67, 71, 0, 0, 36.47%, 18, 5, 2, 338.46, 3510280, 31, 312023, 0
6431, 401, 66, 71, 0, 0, 36.47%, 18, 5, 2, 284.62, 3511950, 31, 312331, 0
6436, 402, 66, 71, 0, 0, 36.47%, 18, 5, 2, 364.93, 3513996, 31, 312586, 0
6441, 402, 66, 71, 0, 0, 36.47%, 18, 5, 2, 288.14, 3515279, 31, 312953, 0
6447, 402, 58, 71, 0, 0, 36.47%, 18, 5, 2, 380.62, 3517362, 31, 313331, 0
6452, 402, 66, 71, 0, 0, 36.47%, 18, 5, 2, 294.97, 3518827, 31, 313844, 0
6457, 402, 66, 71, 0, 0, 36.47%, 18, 5, 2, 409.81, 3520858, 31, 314010, 0
6462, 402, 59, 71, 0, 0, 36.47%, 18, 5, 2, 402.04, 3522506, 31, 314242, 0
6467, 403, 36, 72, 1, 0, 36.47%, 18, 5, 2, 379.14, 3524352, 31, 314472, 0
6473, 403, 66, 72, 1, 0, 36.47%, 18, 5, 2, 263.68, 3525796, 31, 314758, 0
6478, 403, 66, 72, 1, 0, 36.47%, 18, 5, 2, 363.49, 3527837, 31, 314985, 0
6483, 403, 66, 72, 1, 0, 36.47%, 18, 5, 2, 215.83, 3528780, 31, 315247, 0
6488, 403, 66, 72, 1, 0, 36.47%, 18, 5, 2, 193.40, 3529861, 31, 315433, 0
6493, 403, 66, 72, 1, 0, 36.47%, 18, 5, 2, 209.58, 3530850, 31, 315639, 0
6498, 403, 6, 72, 1, 0, 36.47%, 18, 5, 2, 251.41, 3532354, 31, 315835, 0
6503, 403, 20, 72, 0, 0, 36.47%, 18, 5, 2, 544.81, 3535533, 31, 316023, 0
6508, 403, 66, 72, 0, 0, 36.47%, 18, 5, 2, 297.34, 3536659, 31, 316391, 0
6513, 404, 63, 72, 0, 0, 36.47%, 18, 5, 2, 289.55, 3538095, 31, 316761, 0
6518, 404, 66, 72, 0, 0, 36.47%, 18, 5, 2, 188.21, 3539063, 31, 317159, 0
6523, 404, 66, 72, 0, 0, 36.47%, 18, 5, 2, 412.73, 3541321, 31, 317457, 0
6528, 404, 7, 72, 0, 0, 36.47%, 18, 5, 2, 299.34, 3542607, 31, 317934, 0
6533, 404, 66, 72, 0, 0, 36.47%, 18, 5, 2, 387.16, 3544463, 31, 318400, 0
6539, 404, 51, 72, 0, 0, 36.47%, 18, 5, 2, 405.61, 3546233, 31, 318747, 0
6544, 404, 66, 72, 0, 0, 36.47%, 18, 5, 2, 339.54, 3548007, 31, 319057, 0
6549, 404, 66, 72, 0, 0, 36.47%, 18, 5, 2, 285.62, 3549335, 31, 319405, 0
6554, 404, 66, 72, 0, 0, 36.47%, 18, 5, 2, 311.61, 3550773, 31, 319858, 0
6559, 405, 66, 72, 0, 0, 36.47%, 18, 5, 2, 320.30, 3552629, 31, 320083, 0
6564, 405, 66, 72, 0, 0, 36.47%, 18, 5, 2, 128.08, 3554385, 31, 320367, 0
6569, 405, 66, 72, 0, 0, 36.47%, 18, 5, 2, 131.93, 3556179, 31, 320595, 0
6574, 405, 7, 72, 0, 0, 36.47%, 18, 5, 2, 403.61, 3557589, 31, 320938, 0
6579, 405, 66, 72, 0, 0, 36.47%, 18, 5, 2, 255.26, 3558885, 31, 321196, 0
6584, 405, 66, 72, 0, 0, 36.47%, 18, 5, 2, 259.73, 3560312, 31, 321609, 0
6590, 405, 66, 72, 0, 0, 36.47%, 18, 5, 2, 258.37, 3561694, 31, 322034, 0
6595, 405, 57, 72, 0, 0, 36.47%, 18, 5, 2, 324.46, 3563423, 31, 322394, 0
6600, 406, 4, 72, 0, 0, 36.47%, 18, 5, 2, 476.52, 3565937, 31, 322796, 0
6605, 406, 66, 72, 0, 0, 36.47%, 18, 5, 2, 252.13, 3566981, 31, 323054, 0
6610, 406, 67, 72, 0, 0, 36.47%, 18, 5, 2, 401.27, 3569367, 31, 323343, 0
6615, 406, 66, 72, 0, 0, 36.47%, 18, 5, 2, 139.70, 3570631, 31, 323721, 0
6620, 406, 66, 72, 0, 0, 36.47%, 18, 5, 2, 273.31, 3571960, 31, 324106, 0
6625, 406, 64, 72, 0, 0, 36.47%, 18, 5, 2, 320.09, 3573753, 31, 324596, 0
6630, 407, 70, 72, 0, 0, 36.47%, 18, 5, 2, 479.89, 3576553, 31, 324788, 0
6635, 407, 5, 72, 0, 0, 36.47%, 18, 5, 2, 254.28, 3577691, 31, 325133, 0
6640, 407, 5, 72, 0, 0, 36.47%, 18, 5, 2, 318.04, 3579370, 31, 325498, 0
6646, 407, 66, 72, 0, 0, 36.47%, 18, 5, 2, 353.50, 3581228, 31, 325829, 0
6651, 407, 59, 72, 0, 0, 36.47%, 18, 5, 2, 360.14, 3583043, 31, 326224, 0
6656, 407, 64, 72, 0, 0, 36.47%, 18, 5, 2, 344.51, 3584801, 31, 326708, 0
6661, 407, 23, 72, 0, 0, 36.47%, 18, 5, 2, 411.69, 3586535, 31, 327003, 0
6666, 407, 52, 72, 0, 0, 36.47%, 18, 5, 2, 215.18, 3587378, 31, 327245, 0
6671, 407, 66, 72, 0, 0, 36.47%, 18, 5, 2, 223.41, 3588572, 31, 327437, 0
6676, 407, 22, 72, 0, 0, 36.47%, 18, 5, 2, 261.62, 3589885, 31, 327738, 0
6681, 408, 52, 72, 0, 0, 36.47%, 18, 5, 2, 282.98, 3591130, 31, 328053, 0
6686, 408, 36, 72, 0, 0, 36.47%, 18, 5, 2, 413.04, 3593016, 31, 328199, 0
6691, 408, 66, 72, 0, 0, 36.47%, 18, 5, 2, 92.23, 3594002, 31, 328378, 0
6696, 408, 67, 72, 0, 0, 36.47%, 18, 5, 2, 178.97, 3595026, 31, 328733, 0
6701, 408, 60, 72, 0, 0, 36.47%, 18, 5, 2, 192.97, 3596050, 31, 329086, 0
6706, 408, 66, 72, 0, 0, 36.47%, 18, 5, 2, 257.59, 3597325, 31, 329365, 0
6712, 408, 66, 72, 0, 0, 36.47%, 18, 5, 2, 331.43, 3599289, 31, 329653, 0
6717, 408, 18, 72, 0, 0, 36.47%, 18, 5, 2, 223.49, 3600398, 31, 329967, 0
6722, 408, 61, 72, 0, 0, 36.47%, 18, 5, 2, 284.13, 3601924, 31, 330243, 0
6727, 409, 66, 72, 0, 0, 36.47%, 18, 5, 2, 226.16, 3603131, 31, 330529, 0
6732, 409, 66, 72, 0, 0, 36.47%, 18, 5, 2, 182.99, 3604245, 31, 330757, 0
6737, 409, 62, 72, 0, 0, 36.47%, 18, 5, 2, 222.70, 3605378, 31, 331076, 0
6742, 409, 66, 72, 0, 0, 36.47%, 18, 5, 2, 426.66, 3607726, 31, 331455, 0
6747, 409, 33, 72, 0, 0, 36.47%, 18, 5, 2, 460.65, 3609741, 31, 331758, 0
6752, 409, 66, 72, 0, 0, 36.47%, 18, 5, 2, 309.83, 3611317, 31, 331996, 0
6757, 409, 66, 72, 0, 0, 36.47%, 18, 5, 2, 265.63, 3612825, 31, 332265, 0
6763, 409, 6, 72, 0, 0, 36.47%, 18, 5, 2, 297.69, 3614322, 31, 332574, 0
6768, 410, 46, 72, 0, 0, 36.47%, 18, 5, 2, 393.74, 3616688, 31, 332773, 0
6773, 410, 60, 72, 0, 0, 36.47%, 18, 5, 2, 319.13, 3617984, 31, 333072, 0
6778, 410, 51, 72, 0, 0, 36.47%, 18, 5, 2, 311.08, 3619542, 31, 333578, 0
6783, 410, 66, 72, 0, 0, 36.47%, 18, 5, 2, 370.85, 3621669, 31, 333941, 0
6788, 410, 66, 72, 0, 0, 36.47%, 18, 5, 2, 349.34, 3623357, 31, 334344, 0
6793, 410, 66, 72, 0, 0, 36.47%, 18, 5, 2, 313.20, 3625128, 31, 334572, 0
6798, 411, 63, 72, 0, 0, 36.47%, 18, 5, 2, 506.68, 3627564, 31, 334742, 0
6803, 411, 66, 72, 0, 0, 36.47%, 18, 5, 2, 249.31, 3628527, 31, 334956, 0
6809, 411, 66, 72, 0, 0, 36.47%, 18, 5, 2, 207.46, 3629577, 31, 335281, 0
6814, 411, 7, 72, 0, 0, 36.47%, 18, 5, 2, 369.42, 3631442, 31, 335476, 0
6819, 411, 66, 72, 0, 0, 36.47%, 18, 5, 2, 310.54, 3632843, 31, 335737, 0
6824, 411, 66, 72, 0, 0, 36.47%, 18, 5, 2, 195.28, 3633657, 31, 335975, 0
6829, 411, 66, 72, 0, 0, 36.47%, 18, 5, 2, 349.81, 3635591, 31, 336283, 0
6834, 411, 66, 72, 0, 0, 36.47%, 18, 5, 2, 245.87, 3636700, 31, 336415, 0
6839, 411, 66, 72, 0, 0, 36.47%, 18, 5, 2, 204.82, 3637787, 31, 336843, 0
6844, 411, 66, 72, 0, 0, 36.47%, 18, 5, 2, 198.87, 3638953, 31, 337079, 0
6849, 412, 0, 72, 0, 0, 36.47%, 18, 5, 2, 257.00, 3640291, 31, 337284, 0
6854, 412, 62, 72, 0, 0, 36.47%, 18, 5, 2, 429.93, 3642940, 31, 337567, 0
6860, 412, 66, 72, 0, 0, 36.47%, 18, 5, 2, 239.53, 3643940, 31, 337873, 0
6865, 412, 66, 72, 0, 0, 36.47%, 18, 5, 2, 212.56, 3645286, 31, 338186, 0
6870, 412, 6, 72, 0, 0, 36.47%, 18, 5, 2, 322.66, 3647107, 31, 338550, 0
6875, 412, 67, 72, 0, 0, 36.47%, 18, 5, 2, 311.58, 3648821, 31, 338856, 0
6880, 412, 46, 72, 0, 0, 36.47%, 18, 5, 2, 420.62, 3650897, 31, 339266, 0
6885, 413, 66, 72, 0, 0, 36.47%, 18, 5, 2, 321.91, 3652249, 31, 339648, 0
6890, 413, 66, 72, 0, 0, 36.47%, 18, 5, 2, 469.78, 3654647, 31, 339835, 0
6895, 413, 66, 72, 0, 0, 36.47%, 18, 5, 2, 299.60, 3655907, 31, 340040, 0
6900, 413, 7, 72, 0, 0, 36.47%, 18, 5, 2, 389.49, 3657954, 31, 340413, 0
6905, 413, 66, 72, 0, 0, 36.47%, 18, 5, 2, 252.54, 3658990, 31, 340679, 0
6910, 413, 66, 72, 0, 0, 36.47%, 18, 5, 2, 184.53, 3659826, 31, 341001, 0
6916, 413, 66, 72, 0, 0, 36.47%, 18, 5, 2, 228.58, 3661231, 31, 341363, 0
6921, 413, 63, 72, 0, 0, 36.47%, 18, 5, 2, 367.96, 3663071, 31, 341656, 0
6926, 414, 69, 72, 0, 0, 36.47%, 18, 5, 2, 417.03, 3665169, 31, 342053, 0
6931, 414, 66, 72, 0, 0, 36.47%, 18, 5, 2, 361.21, 3666837, 31, 342354, 0
6936, 414, 66, 72, 0, 0, 36.47%, 18, 5, 2, 306.07, 3668267, 31, 342592, 0
6941, 414, 64, 72, 0, 0, 36.47%, 18, 5, 2, 434.17, 3670397, 31, 342959, 0
6946, 414, 36, 72, 0, 0, 36.47%, 18, 5, 2, 415.09, 3672190, 31, 343278, 0
6951, 414, 36, 72, 0, 0, 36.47%, 18, 5, 2, 492.18, 3674754, 31, 343487, 0
6956, 414, 66, 72, 0, 0, 36.47%, 18, 5, 2, 295.75, 3676123, 31, 343737, 0
6961, 415, 66, 72, 0, 0, 36.47%, 18, 5, 2, 220.62, 3677109, 31, 343953, 0
6966, 415, 63, 72, 0, 0, 36.47%, 18, 5, 2, 635.84, 3679645, 31, 344244, 0
6972, 415, 66, 72, 0, 0, 36.47%, 18, 5, 2, 320.62, 3681043, 31, 344565, 0
6977, 415, 66, 72, 0, 0, 36.47%, 18, 5, 2, 412.23, 3683165, 31, 344894, 0
6982, 415, 70, 72, 0, 0, 36.47%, 18, 5, 2, 302.72, 3684591, 31, 345329, 0
6987, 415, 67, 72, 0, 0, 36.47%, 18, 5, 2, 187.96, 3685345, 31, 345484, 0
6992, 415, 66, 72, 0, 0, 36.47%, 18, 5, 2, 222.87, 3686601, 31, 345685, 0
6997, 415, 36, 72, 0, 0, 36.47%, 18, 5, 2, 340.77, 3688637, 31, 346126, 0
7002, 416, 53, 72, 0, 0, 36.47%, 18, 5, 2, 319.13, 3690161, 31, 346362, 0
7007, 416, 66, 72, 0, 0, 36.47%, 18, 5, 2, 216.55, 3691192, 31, 346779, 0
7013, 416, 66, 72, 0, 0, 36.47%, 18, 5, 2, 228.34, 3692656, 31, 347177, 0
7018, 416, 66, 72, 0, 0, 36.47%, 18, 5, 2, 412.53, 3694620, 31, 347432, 0
7023, 416, 66, 72, 0, 0, 36.47%, 18, 5, 2, 292.26, 3695784, 31, 347770, 0
7028, 416, 34, 72, 0, 0, 36.47%, 18, 5, 2, 354.56, 3697246, 31, 348000, 0
7033, 416, 66, 72, 0, 0, 36.47%, 18, 5, 2, 288.67, 3698909, 31, 348265, 0
7038, 416, 66, 72, 0, 0, 36.47%, 18, 5, 2, 146.66, 3699898, 31, 348600, 0
7043, 416, 61, 72, 0, 0, 36.47%, 18, 5, 2, 618.04, 3701974, 31, 348835, 0
7048, 417, 66, 72, 0, 0, 36.47%, 18, 5, 2, 310.28, 3703300, 31, 349311, 0
7053, 417, 67, 72, 0, 0, 36.47%, 18, 5, 2, 381.71, 3705078, 31, 349568, 0
7058, 417, 66, 72, 0, 0, 36.47%, 18, 5, 2, 268.85, 3706233, 31, 350002, 0
7064, 417, 66, 72, 0, 0, 36.47%, 18, 5, 2, 213.51, 3707492, 31, 350242, 0
7069, 417, 66, 72, 0, 0, 36.47%, 18, 5, 2, 223.47, 3708818, 31, 350602, 0
7074, 417, 66, 72, 0, 0, 36.47%, 18, 5, 2, 149.79, 3709504, 31, 350918, 0
7079, 417, 51, 72, 0, 0, 36.47%, 18, 5, 2, 336.47, 3711152, 31, 351086, 0
7084, 417, 66, 72, 0, 0, 36.47%, 18, 5, 2, 375.81, 3713258, 31, 351574, 0
7089, 417, 66, 72, 0, 0, 36.47%, 18, 5, 2, 329.47, 3714642, 31, 352068, 0
7094, 418, 8, 72, 0, 0, 36.47%, 18, 5, 2, 450.54, 3717120, 31, 352406, 0
7099, 418, 66, 72, 0, 0, 36.47%, 18, 5, 2, 342.09, 3719102, 31, 352648, 0
7105, 418, 18, 72, 0, 0, 36.47%, 18, 5, 2, 450.04, 3721302, 31, 353033, 0
7110, 418, 67, 72, 0, 0, 36.47%, 18, 5, 2, 213.15, 3722062, 31, 353358, 0
7115, 418, 66, 72, 0, 0, 36.47%, 18, 5, 2, 231.65, 3723159, 31, 353766, 0
7120, 418, 66, 72, 0, 0, 36.47%, 18, 5, 2, 305.99, 3724689, 31, 354067, 0
7125, 418, 54, 72, 0, 0, 36.47%, 18, 5, 2, 316.96, 3726044, 31, 354206, 0
7130, 418, 66, 72, 0, 0, 36.47%, 18, 5, 2, 293.25, 3727517, 31, 354670, 0
7135, 419, 24, 72, 0, 0, 36.47%, 18, 5, 2, 261.05, 3729605, 31, 354801, 0
7140, 419, 66, 72, 0, 0, 36.47%, 18, 5, 2, 353.27, 3731970, 31, 355089, 0
7145, 419, 66, 72, 0, 0, 36.47%, 18, 5, 2, 360.08, 3733826, 31, 355421, 0
7150, 419, 69, 72, 0, 0, 36.47%, 18, 5, 2, 272.07, 3735018, 31, 355806, 0
7156, 419, 67, 72, 0, 0, 36.47%, 18, 5, 2, 316.41, 3736713, 31, 356147, 0
7161, 419, 66, 72, 0, 0, 36.47%, 18, 5, 2, 246.32, 3737918, 31, 356695, 0
7166, 419, 66, 72, 0, 0, 36.47%, 18, 5, 2, 263.18, 3739417, 31, 356933, 0
7171, 420, 66, 72, 0, 0, 36.47%, 18, 5, 2, 389.30, 3741608, 31, 357187, 0
7176, 420, 61, 72, 0, 0, 36.47%, 18, 5, 2, 311.65, 3743083, 31, 357647, 0
7181, 420, 45, 72, 0, 0, 36.47%, 18, 5, 2, 378.11, 3745084, 31, 357949, 0
7186, 420, 0, 72, 0, 0, 36.47%, 18, 5, 2, 396.33, 3747051, 31, 358223, 0
7191, 420, 66, 72, 0, 0, 36.47%, 18, 5, 2, 258.77, 3748254, 31, 358730, 0
7196, 420, 66, 72, 0, 0, 36.47%, 18, 5, 2, 307.30, 3750043, 31, 359099, 0
7201, 420, 63, 72, 0, 0, 36.47%, 18, 5, 2, 226.39, 3751081, 31, 359411, 0
7207, 420, 66, 72, 0, 0, 36.47%, 18, 5, 2, 219.40, 3752319, 31, 359857, 0
7212, 420, 66, 72, 0, 0, 36.47%, 18, 5, 2, 184.98, 3753343, 31, 360221, 0
7217, 421, 66, 72, 0, 0, 36.47%, 18, 5, 2, 273.86, 3754817, 31, 360531, 0
7222, 421, 36, 72, 0, 0, 36.47%, 18, 5, 2, 291.80, 3756267, 31, 360683, 0
7227, 421, 38, 72, 0, 0, 36.47%, 18, 5, 2, 365.47, 3758145, 31, 360825, 0
7232, 421, 66, 72, 0, 0, 36.47%, 18, 5, 2, 340.03, 3760313, 31, 361010, 0
7237, 421, 18, 72, 0, 0, 36.47%, 18, 5, 2, 300.55, 3761630, 31, 361263, 0
7242, 421, 66, 72, 0, 0, 36.47%, 18, 5, 2, 293.66, 3763374, 31, 361788, 0
7247, 421, 67, 72, 0, 0, 36.47%, 18, 5, 2, 291.25, 3764990, 31, 362077, 0
7252, 421, 60, 72, 0, 0, 36.47%, 18, 5, 2, 349.46, 3766876, 31, 362367, 0
7257, 422, 70, 72, 0, 0, 36.47%, 18, 5, 2, 350.16, 3768825, 31, 362558, 0
7262, 422, 5, 72, 0, 0, 36.47%, 18, 5, 2, 508.99, 3771164, 31, 362638, 0
7267, 422, 36, 72, 0, 0, 36.47%, 18, 5, 2, 286.36, 3772391, 31, 362934, 0
7273, 422, 58, 72, 0, 0, 36.47%, 18, 5, 2, 355.14, 3774473, 31, 363150, 0
7278, 422, 69, 72, 0, 0, 36.47%, 18, 5, 2, 383.82, 3776549, 31, 363500, 0
7283, 422, 66, 72, 0, 0, 36.47%, 18, 5, 2, 258.17, 3777813, 31, 363685, 0
7288, 423, 25, 72, 0, 0, 36.47%, 18, 5, 2, 397.94, 3779671, 31, 363900, 0
7293, 423, 52, 72, 0, 0, 36.47%, 18, 5, 2, 328.37, 3781195, 31, 364237, 0
7298, 423, 66, 72, 0, 0, 36.47%, 18, 5, 2, 354.97, 3783135, 31, 364652, 0
7303, 423, 66, 72, 0, 0, 36.47%, 18, 5, 2, 329.18, 3784953, 31, 364827, 0
7308, 423, 66, 72, 0, 0, 36.47%, 18, 5, 2, 269.20, 3786347, 31, 365145, 0
7313, 423, 66, 72, 0, 0, 36.47%, 18, 5, 2, 472.15, 3789077, 31, 365418, 0
7319, 423, 66, 72, 0, 0, 36.47%, 18, 5, 2, 283.49, 3790238, 31, 365783, 0
7324, 423, 66, 72, 0, 0, 36.47%, 18, 5, 2, 275.99, 3791890, 31, 366140, 0
7329, 423, 66, 72, 0, 0, 36.47%, 18, 5, 2, 224.81, 3792970, 31, 366536, 0
7334, 423, 64, 72, 0, 0, 36.47%, 18, 5, 2, 267.15, 3794460, 31, 366938, 0
7334, 423, 64, 72, 0, 0, 36.47%, 18, 5, 2, 0.00, 3794475, 31, 366947, 0
7339, 424, 69, 72, 0, 0, 36.47%, 18, 5, 2, 204.55, 3795448, 31, 367268, 0
7344, 424, 55, 72, 0, 0, 36.47%, 18, 5, 2, 446.57, 3797966, 31, 367644, 0
7349, 424, 66, 72, 0, 0, 36.47%, 18, 5, 2, 428.78, 3800286, 31, 367881, 0
7354, 424, 66, 72, 0, 0, 36.47%, 18, 5, 2, 331.93, 3801804, 31, 368170, 0
7360, 424, 66, 72, 0, 0, 36.47%, 18, 5, 2, 229.54, 3802838, 31, 368354, 0
7365, 424, 54, 72, 0, 0, 36.47%, 18, 5, 2, 304.33, 3804184, 31, 368700, 0
7370, 424, 33, 72, 0, 0, 36.47%, 18, 5, 2, 399.07, 3806118, 31, 368959, 0
7375, 425, 66, 72, 0, 0, 36.47%, 18, 5, 2, 491.96, 3809061, 31, 369114, 0
7380, 425, 24, 72, 0, 0, 36.47%, 18, 5, 2, 361.28, 3810619, 31, 369305, 0
7385, 425, 68, 72, 0, 0, 36.47%, 18, 5, 2, 375.29, 3812582, 31, 369695, 0
7390, 425, 66, 72, 0, 0, 36.47%, 18, 5, 2, 183.05, 3813299, 31, 369960, 0
7395, 425, 7, 72, 0, 0, 36.47%, 18, 5, 2, 357.87, 3814739, 31, 370063, 0
7400, 425, 7, 72, 0, 0, 36.47%, 18, 5, 2, 453.89, 3816817, 31, 370273, 0
7405, 425, 5, 72, 0, 0, 36.47%, 18, 5, 2, 339.08, 3818375, 31, 370766, 0
7410, 426, 66, 72, 0, 0, 36.47%, 18, 5, 2, 303.72, 3820003, 31, 371132, 0
7416, 426, 36, 72, 0, 0, 36.47%, 18, 5, 2, 328.61, 3821653, 31, 371489, 0
7421, 426, 55, 72, 0, 0, 36.47%, 18, 5, 2, 454.95, 3824401, 31, 371776, 0
7426, 426, 66, 72, 0, 0, 36.47%, 18, 5, 2, 359.98, 3826396, 31, 372174, 0
7431, 426, 46, 72, 0, 0, 36.47%, 18, 5, 2, 457.09, 3828625, 31, 372542, 0
7436, 426, 61, 72, 0, 0, 36.47%, 18, 5, 2, 392.99, 3829513, 31, 372835, 0
7441, 426, 7, 72, 0, 0, 36.47%, 18, 5, 2, 376.41, 3831220, 31, 373023, 0
7446, 427, 64, 72, 0, 0, 36.47%, 18, 5, 2, 310.84, 3832689, 31, 373419, 0
7451, 427, 66, 72, 0, 0, 36.47%, 18, 5, 2, 352.92, 3834556, 31, 373812, 0
7457, 427, 66, 72, 0, 0, 36.47%, 18, 5, 2, 209.50, 3835537, 31, 374168, 0
7462, 427, 66, 72, 0, 0, 36.47%, 18, 5, 2, 471.50, 3838155, 31, 374288, 0
7467, 427, 66, 72, 0, 0, 36.47%, 18, 5, 2, 243.40, 3839086, 31, 374656, 0
7472, 427, 66, 72, 0, 0, 36.47%, 18, 5, 2, 341.54, 3840890, 31, 374880, 0
7477, 427, 66, 72, 0, 0, 36.47%, 18, 5, 2, 264.85, 3841948, 31, 375163, 0
7482, 427, 66, 72, 0, 0, 36.47%, 18, 5, 2, 210.33, 3843042, 31, 375595, 0
7487, 428, 66, 72, 0, 0, 36.47%, 18, 5, 2, 374.87, 3845028, 31, 375916, 0
7492, 428, 65, 72, 0, 0, 36.47%, 18, 5, 2, 360.30, 3846655, 31, 376271, 0
7497, 428, 36, 72, 0, 0, 36.47%, 18, 5, 2, 475.70, 3849043, 31, 376490, 0
7503, 428, 52, 72, 0, 0, 36.47%, 18, 5, 2, 378.84, 3850879, 31, 376998, 0
7508, 428, 66, 72, 0, 0, 36.47%, 18, 5, 2, 371.49, 3853020, 31, 377356, 0
7513, 428, 66, 72, 0, 0, 36.47%, 18, 5, 2, 309.76, 3854483, 31, 377801, 0
7518, 428, 66, 72, 0, 0, 36.47%, 18, 5, 2, 334.00, 3855973, 31, 378102, 0
7523, 428, 58, 72, 0, 0, 36.47%, 18, 5, 2, 355.46, 3857601, 31, 378438, 0
7528, 429, 36, 72, 0, 0, 36.47%, 18, 5, 2, 394.05, 3859700, 31, 378724, 0
7533, 429, 66, 72, 0, 0, 36.47%, 18, 5, 2, 528.65, 3862404, 31, 378920, 0
7538, 429, 66, 72, 0, 0, 36.47%, 18, 5, 2, 438.87, 3864230, 31, 379338, 0
7543, 429, 66, 72, 0, 0, 36.47%, 18, 5, 2, 555.15, 3867003, 31, 379567, 0
7548, 429, 46, 72, 0, 0, 36.47%, 18, 5, 2, 332.25, 3868343, 31, 379819, 0
7553, 429, 66, 72, 0, 0, 36.47%, 18, 5, 2, 262.03, 3869867, 31, 380122, 0
7559, 430, 66, 72, 0, 0, 36.47%, 18, 5, 2, 358.52, 3871920, 31, 380470, 0
7564, 430, 61, 72, 0, 0, 36.47%, 18, 5, 2, 360.90, 3873770, 31, 380795, 0
7569, 430, 51, 72, 0, 0, 36.47%, 18, 5, 2, 284.91, 3875054, 31, 381385, 0
7574, 430, 24, 72, 0, 0, 36.47%, 18, 5, 2, 520.85, 3877806, 31, 381619, 0
7579, 430, 66, 72, 0, 0, 36.47%, 18, 5, 2, 376.74, 3879384, 31, 381880, 0
7584, 430, 66, 72, 0, 0, 36.47%, 18, 5, 2, 345.98, 3881126, 31, 382366, 0
7589, 430, 66, 72, 0, 0, 36.47%, 18, 5, 2, 304.31, 3882582, 31, 382808, 0
7594, 431, 66, 72, 0, 0, 36.47%, 18, 5, 2, 299.81, 3884478, 31, 382997, 0
7599, 431, 66, 72, 0, 0, 36.47%, 18, 5, 2, 304.36, 3886014, 31, 383389, 0
7605, 431, 66, 72, 0, 0, 36.47%, 18, 5, 2, 272.96, 3887435, 31, 383917, 0
7610, 431, 66, 72, 0, 0, 36.47%, 18, 5, 2, 399.37, 3889658, 31, 384195, 0
7615, 431, 66, 72, 0, 0, 36.47%, 18, 5, 2, 308.85, 3891324, 31, 384479, 0
7620, 431, 5, 72, 0, 0, 36.47%, 18, 5, 2, 526.21, 3893776, 31, 384618, 0
7625, 432, 67, 72, 0, 0, 36.47%, 18, 5, 2, 453.98, 3896332, 31, 384905, 0
7630, 432, 0, 72, 0, 0, 36.47%, 18, 5, 2, 431.49, 3898157, 31, 385297, 0
7635, 432, 69, 72, 0, 0, 36.47%, 18, 5, 2, 147.76, 3899303, 31, 385607, 0
7640, 432, 66, 72, 0, 0, 36.47%, 18, 5, 2, 253.90, 3900837, 31, 385986, 0
7645, 432, 36, 72, 0, 0, 36.47%, 18, 5, 2, 296.65, 3902078, 31, 386250, 0
7650, 432, 60, 72, 0, 0, 36.47%, 18, 5, 2, 304.06, 3903823, 31, 386463, 0
7655, 432, 64, 72, 0, 0, 36.47%, 18, 5, 2, 292.81, 3905329, 31, 387023, 0
7661, 432, 46, 72, 0, 0, 36.47%, 18, 5, 2, 520.49, 3908057, 31, 387254, 0
7666, 433, 51, 72, 0, 0, 36.47%, 18, 5, 2, 631.00, 3909918, 31, 387427, 0
7671, 433, 66, 72, 0, 0, 36.47%, 18, 5, 2, 289.88, 3910867, 31, 387642, 0
7676, 433, 50, 72, 0, 0, 36.47%, 18, 5, 2, 309.28, 3912214, 31, 388045, 0
7681, 433, 66, 72, 0, 0, 36.47%, 18, 5, 2, 84.83, 3914296, 31, 388370, 0
7686, 433, 6, 72, 0, 0, 36.47%, 18, 5, 2, 120.79, 3915100, 31, 388791, 0
7691, 433, 66, 72, 0, 0, 36.47%, 18, 5, 2, 374.01, 3916756, 31, 389161, 0
7696, 433, 66, 72, 0, 0, 36.47%, 18, 5, 2, 247.43, 3917745, 31, 389359, 0
7701, 433, 58, 72, 0, 0, 36.47%, 18, 5, 2, 236.90, 3918724, 31, 389612, 0
7707, 433, 59, 72, 0, 0, 36.47%, 18, 5, 2, 229.67, 3919808, 31, 389931, 0
7712, 433, 67, 72, 0, 0, 36.47%, 18, 5, 2, 276.33, 3921319, 31, 390262, 0
7717, 434, 5, 72, 0, 0, 36.47%, 18, 5, 2, 330.55, 3922826, 31, 390611, 0
7722, 434, 66, 72, 0, 0, 36.47%, 18, 5, 2, 429.09, 3924862, 31, 390864, 0
7727, 434, 66, 72, 0, 0, 36.47%, 18, 5, 2, 231.02, 3926128, 31, 391352, 0
7732, 434, 62, 72, 0, 0, 36.47%, 18, 5, 2, 316.63, 3927838, 31, 391750, 0
7737, 434, 36, 72, 0, 0, 36.47%, 18, 5, 2, 385.06, 3929681, 31, 391927, 0
7742, 434, 50, 72, 0, 0, 36.47%, 18, 5, 2, 468.33, 3931896, 31, 392211, 0
7747, 434, 66, 72, 0, 0, 36.47%, 18, 5, 2, 267.29, 3932966, 31, 392472, 0
7753, 434, 66, 72, 0, 0, 36.47%, 18, 5, 2, 315.34, 3934886, 31, 392770, 0
7758, 434, 66, 72, 0, 0, 36.47%, 18, 5, 2, 243.12, 3936122, 31, 393043, 0
7763, 435, 66, 72, 0, 0, 36.47%, 18, 5, 2, 166.25, 3936922, 31, 393374, 0
7768, 435, 7, 72, 0, 0, 36.47%, 18, 5, 2, 428.81, 3939440, 31, 393648, 0
7773, 435, 67, 72, 0, 0, 36.47%, 18, 5, 2, 397.94, 3941408, 31, 393919, 0
7778, 435, 66, 72, 0, 0, 36.47%, 18, 5, 2, 347.36, 3942997, 31, 394142, 0
7783, 435, 66, 72, 0, 0, 36.47%, 18, 5, 2, 280.35, 3944212, 31, 394487, 0
7788, 435, 51, 72, 0, 0, 36.47%, 18, 5, 2, 384.23, 3946316, 31, 394850, 0
7793, 436, 36, 72, 0, 0, 36.47%, 18, 5, 2, 457.74, 3948596, 31, 395189, 0
7799, 436, 66, 72, 0, 0, 36.47%, 18, 5, 2, 408.38, 3950630, 31, 395694, 0
7804, 436, 66, 72, 0, 0, 36.47%, 18, 5, 2, 260.21, 3951936, 31, 396004, 0
7809, 436, 46, 72, 0, 0, 36.47%, 18, 5, 2, 271.17, 3953324, 31, 396333, 0
7814, 436, 66, 72, 0, 0, 36.47%, 18, 5, 2, 345.56, 3955422, 31, 396765, 0
7819, 436, 62, 72, 0, 0, 36.47%, 18, 5, 2, 257.81, 3956571, 31, 397146, 0
7824, 436, 66, 72, 0, 0, 36.47%, 18, 5, 2, 192.20, 3957515, 31, 397565, 0
7829, 436, 46, 72, 0, 0, 36.47%, 18, 5, 2, 294.09, 3959083, 31, 397750, 0
7834, 437, 64, 72, 0, 0, 36.47%, 18, 5, 2, 356.28, 3960931, 31, 398230, 0
7839, 437, 24, 72, 0, 0, 36.47%, 18, 5, 2, 277.41, 3962199, 31, 398526, 0
7845, 437, 36, 72, 0, 0, 36.47%, 18, 5, 2, 277.75, 3963816, 31, 398873, 0
7850, 437, 66, 72, 0, 0, 36.47%, 18, 5, 2, 299.30, 3965427, 31, 399337, 0
7855, 437, 66, 72, 0, 0, 36.47%, 18, 5, 2, 254.60, 3966493, 31, 399765, 0
7860, 437, 46, 72, 0, 0, 36.47%, 18, 5, 2, 335.04, 3968018, 31, 400120, 0
7865, 437, 66, 72, 0, 0, 36.47%, 18, 5, 2, 236.92, 3968996, 31, 400408, 0
7870, 437, 66, 72, 0, 0, 36.47%, 18, 5, 2, 269.14, 3970412, 31, 400842, 0
7875, 437, 63, 72, 0, 0, 36.47%, 18, 5, 2, 281.42, 3971937, 31, 401301, 0
7880, 437, 66, 72, 0, 0, 36.47%, 18, 5, 2, 228.10, 3973162, 31, 401573, 0
7885, 438, 63, 72, 0, 0, 36.47%, 18, 5, 2, 428.27, 3975353, 31, 401873, 0
7890, 438, 46, 72, 0, 0, 36.47%, 18, 5, 2, 356.17, 3977040, 31, 402270, 0
7895, 438, 66, 72, 0, 0, 36.47%, 18, 5, 2, 273.18, 3979020, 31, 402543, 0
7901, 438, 66, 72, 0, 0, 36.47%, 18, 5, 2, 255.58, 3980406, 31, 402780, 0
7906, 438, 67, 72, 0, 0, 36.47%, 18, 5, 2, 311.64, 3982187, 31, 403140, 0
7911, 438, 66, 72, 0, 0, 36.47%, 18, 5, 2, 273.91, 3983487, 31, 403549, 0
7916, 438, 66, 72, 0, 0, 36.47%, 18, 5, 2, 323.65, 3985376, 31, 403799, 0
7921, 439, 68, 72, 0, 0, 36.47%, 18, 5, 2, 316.10, 3986740, 31, 404034, 0
7926, 439, 66, 72, 0, 0, 36.47%, 18, 5, 2, 189.87, 3987562, 31, 404411, 0
7931, 439, 68, 72, 0, 0, 36.47%, 18, 5, 2, 249.00, 3989183, 31, 404769, 0
7936, 439, 66, 72, 0, 0, 36.47%, 18, 5, 2, 367.96, 3990743, 31, 405102, 0
7941, 439, 8, 72, 0, 0, 36.47%, 18, 5, 2, 428.16, 3992509, 31, 405326, 0
7947, 439, 66, 72, 0, 0, 36.47%, 18, 5, 2, 336.50, 3993997, 31, 405646, 0
7952, 439, 66, 72, 0, 0, 36.47%, 18, 5, 2, 220.40, 3994947, 31, 405825, 0
7957, 439, 66, 72, 0, 0, 36.47%, 18, 5, 2, 289.84, 3996546, 31, 406056, 0
7962, 439, 66, 72, 0, 0, 36.47%, 18, 5, 2, 372.70, 3998337, 31, 406322, 0
7967, 439, 66, 72, 0, 0, 36.47%, 18, 5, 2, 235.60, 3999317, 31, 406732, 0
7972, 440, 66, 72, 0, 0, 36.47%, 18, 5, 2, 268.73, 4000745, 31, 407057, 0
7977, 440, 30, 72, 0, 0, 36.47%, 18, 5, 2, 308.30, 4002543, 31, 407409, 0
7982, 440, 66, 72, 0, 0, 36.47%, 18, 5, 2, 396.86, 4004367, 31, 407798, 0
7988, 440, 7, 72, 0, 0, 36.47%, 18, 5, 2, 276.95, 4005630, 31, 408327, 0
7993, 440, 66, 72, 0, 0, 36.47%, 18, 5, 2, 293.52, 4007161, 31, 408519, 0
7998, 440, 24, 72, 0, 0, 36.47%, 18, 5, 2, 440.56, 4009081, 31, 408730, 0
8003, 440, 59, 72, 0, 0, 36.47%, 18, 5, 2, 244.55, 4010091, 31, 409027, 0
8008, 440, 47, 72, 0, 0, 36.47%, 18, 5, 2, 372.25, 4012008, 31, 409343, 0
8013, 441, 66, 72, 0, 0, 36.47%, 18, 5, 2, 338.75, 4013766, 31, 409695, 0
8018, 441, 66, 72, 0, 0, 36.47%, 18, 5, 2, 173.76, 4014600, 31, 409981, 0
8023, 441, 66, 72, 0, 0, 36.47%, 18, 5, 2, 359.68, 4016727, 31, 410338, 0
8028, 441, 50, 72, 0, 0, 36.47%, 18, 5, 2, 460.82, 4019081, 31, 410693, 0
8033, 441, 66, 72, 0, 0, 36.47%, 18, 5, 2, 274.58, 4020349, 31, 410995, 0
8038, 441, 7, 72, 0, 0, 36.47%, 18, 5, 2, 250.16, 4021456, 31, 411346, 0
8043, 441, 7, 72, 0, 0, 36.47%, 18, 5, 2, 379.88, 4023523, 31, 411695, 0
8049, 441, 64, 72, 0, 0, 36.47%, 18, 5, 2, 251.12, 4024706, 31, 412190, 0
8054, 441, 71, 72, 0, 0, 36.47%, 18, 5, 2, 362.87, 4026320, 31, 412483, 0
8059, 442, 66, 72, 0, 0, 36.47%, 18, 5, 2, 351.47, 4027942, 31, 412875, 0
8064, 442, 51, 72, 0, 0, 36.47%, 18, 5, 2, 516.64, 4030570, 31, 413176, 0
8069, 442, 66, 72, 0, 0, 36.47%, 18, 5, 2, 550.84, 4032003, 31, 413519, 0
8074, 442, 49, 72, 0, 0, 36.47%, 18, 5, 2, 343.73, 4033378, 31, 414035, 0
8079, 442, 36, 72, 0, 0, 36.47%, 18, 5, 2, 353.53, 4035258, 31, 414361, 0
8084, 442, 66, 72, 0, 0, 36.47%, 18, 5, 2, 321.25, 4037014, 31, 414728, 0
8089, 442, 5, 72, 0, 0, 36.47%, 18, 5, 2, 241.86, 4038138, 31, 415007, 0
8094, 442, 64, 72, 0, 0, 36.47%, 18, 5, 2, 347.54, 4040094, 31, 415387, 0
8100, 443, 66, 72, 0, 0, 36.47%, 18, 5, 2, 217.91, 4041040, 31, 415738, 0
8105, 443, 66, 72, 0, 0, 36.47%, 18, 5, 2, 336.57, 4042910, 31, 416130, 0
8110, 443, 66, 72, 0, 0, 36.47%, 18, 5, 2, 303.20, 4044582, 31, 416563, 0
8115, 443, 66, 72, 0, 0, 36.47%, 18, 5, 2, 353.79, 4046178, 31, 416846, 0
8120, 443, 66, 72, 0, 0, 36.47%, 18, 5, 2, 399.94, 4048004, 31, 417146, 0
8125, 443, 66, 72, 0, 0, 36.47%, 18, 5, 2, 357.26, 4049437, 31, 417431, 0
8130, 443, 66, 72, 0, 0, 36.47%, 18, 5, 2, 371.89, 4051161, 31, 417593, 0
8135, 443, 66, 72, 0, 0, 36.47%, 18, 5, 2, 401.71, 4053211, 31, 417839, 0
8140, 444, 66, 72, 0, 0, 36.47%, 18, 5, 2, 330.02, 4054507, 31, 418131, 0
8145, 444, 66, 72, 0, 0, 36.47%, 18, 5, 2, 398.53, 4056501, 31, 418407, 0
8150, 444, 66, 72, 0, 0, 36.47%, 18, 5, 2, 337.51, 4058157, 31, 418803, 0
8155, 444, 67, 72, 0, 0, 36.47%, 18, 5, 2, 243.55, 4059425, 31, 419115, 0
8161, 444, 5, 72, 0, 0, 36.47%, 18, 5, 2, 310.74, 4060938, 31, 419499, 0
8166, 444, 66, 72, 0, 0, 36.47%, 18, 5, 2, 251.05, 4062075, 31, 419821, 0
8171, 444, 66, 72, 0, 0, 36.47%, 18, 5, 2, 276.67, 4063464, 31, 420114, 0
8176, 444, 5, 72, 0, 0, 36.47%, 18, 5, 2, 370.59, 4065091, 31, 420355, 0
8181, 444, 7, 72, 0, 0, 36.47%, 18, 5, 2, 294.62, 4066657, 31, 420641, 0
8186, 445, 66, 72, 0, 0, 36.47%, 18, 5, 2, 250.93, 4067869, 31, 420821, 0
8191, 445, 4, 72, 0, 0, 36.47%, 18, 5, 2, 357.49, 4069353, 31, 421126, 0
8196, 445, 66, 72, 0, 0, 36.47%, 18, 5, 2, 522.77, 4072292, 31, 421298, 0
8201, 445, 7, 72, 0, 0, 36.47%, 18, 5, 2, 302.50, 4073332, 31, 421497, 0
8206, 445, 66, 72, 0, 0, 36.47%, 18, 5, 2, 274.46, 4074918, 31, 421748, 0
8211, 445, 64, 72, 0, 0, 36.47%, 18, 5, 2, 276.19, 4076520, 31, 422196, 0
8216, 445, 66, 72, 0, 0, 36.47%, 18, 5, 2, 69.71, 4078469, 31, 422398, 0
8221, 446, 66, 72, 0, 0, 36.47%, 18, 5, 2, 80.96, 4079286, 31, 422603, 0
8227, 446, 69, 72, 0, 0, 36.47%, 18, 5, 2, 461.24, 4080521, 31, 422925, 0
8232, 446, 69, 72, 0, 0, 36.47%, 18, 5, 2, 371.30, 4082383, 31, 423184, 0
8237, 446, 66, 72, 0, 0, 36.47%, 18, 5, 2, 301.98, 4084056, 31, 423569, 0
8242, 446, 66, 72, 0, 0, 36.47%, 18, 5, 2, 357.14, 4085593, 31, 423833, 0
8247, 446, 1, 72, 0, 0, 36.47%, 18, 5, 2, 236.63, 4086630, 31, 424061, 0
8252, 446, 70, 72, 0, 0, 36.47%, 18, 5, 2, 336.60, 4088332, 31, 424400, 0
8257, 446, 61, 72, 0, 0, 36.47%, 18, 5, 2, 226.67, 4089352, 31, 424791, 0
8262, 446, 51, 72, 0, 0, 36.47%, 18, 5, 2, 259.74, 4090588, 31, 425291, 0
8267, 447, 66, 72, 0, 0, 36.47%, 18, 5, 2, 374.08, 4092976, 31, 425474, 0
8273, 447, 66, 72, 0, 0, 36.47%, 18, 5, 2, 332.82, 4094788, 31, 425798, 0
8278, 447, 32, 72, 0, 0, 36.47%, 18, 5, 2, 230.59, 4096186, 31, 426298, 0
8283, 447, 66, 72, 0, 0, 36.47%, 18, 5, 2, 271.59, 4097884, 31, 426732, 0
8288, 447, 66, 72, 0, 0, 36.47%, 18, 5, 2, 212.09, 4098844, 31, 426932, 0
8293, 447, 66, 72, 0, 0, 36.47%, 18, 5, 2, 301.39, 4100282, 31, 427330, 0
8298, 447, 32, 72, 0, 0, 36.47%, 18, 5, 2, 265.99, 4101786, 31, 427795, 0
8303, 447, 64, 72, 0, 0, 36.47%, 18, 5, 2, 259.40, 4102966, 31, 428261, 0
8308, 447, 66, 72, 0, 0, 36.47%, 18, 5, 2, 209.93, 4104112, 31, 428673, 0
8313, 447, 66, 72, 0, 0, 36.47%, 18, 5, 2, 280.64, 4105568, 31, 429105, 0
8318, 448, 69, 72, 0, 0, 36.47%, 18, 5, 2, 372.02, 4107484, 31, 429499, 0
8324, 448, 6, 72, 0, 0, 36.47%, 18, 5, 2, 299.24, 4108748, 31, 429768, 0
8329, 448, 63, 72, 0, 0, 36.47%, 18, 5, 2, 315.20, 4110582, 31, 430000, 0
8334, 448, 66, 72, 0, 0, 36.47%, 18, 5, 2, 315.52, 4112264, 31, 430225, 0
8339, 448, 64, 72, 0, 0, 36.47%, 18, 5, 2, 506.67, 4114840, 31, 430519, 0
8344, 448, 66, 72, 0, 0, 36.47%, 18, 5, 2, 362.57, 4116465, 31, 431057, 0
8349, 448, 66, 72, 0, 0, 36.47%, 18, 5, 2, 238.02, 4117508, 31, 431418, 0
8354, 448, 8, 72, 0, 0, 36.47%, 18, 5, 2, 411.62, 4119332, 31, 431782, 0
8359, 449, 57, 72, 0, 0, 36.47%, 18, 5, 2, 235.51, 4120268, 31, 432088, 0
8364, 449, 66, 72, 0, 0, 36.47%, 18, 5, 2, 280.13, 4121816, 31, 432517, 0
8369, 449, 69, 72, 0, 0, 36.47%, 18, 5, 2, 198.09, 4122668, 31, 432837, 0
8374, 449, 66, 72, 0, 0, 36.47%, 18, 5, 2, 108.60, 4124386, 31, 433128, 0
8380, 449, 0, 72, 0, 0, 36.47%, 18, 5, 2, 248.57, 4125502, 31, 433376, 0
8385, 449, 46, 72, 0, 0, 36.47%, 18, 5, 2, 342.91, 4127020, 31, 433626, 0
8390, 449, 67, 72, 0, 0, 36.47%, 18, 5, 2, 389.96, 4128760, 31, 434013, 0
8395, 449, 66, 72, 0, 0, 36.47%, 18, 5, 2, 331.17, 4130474, 31, 434252, 0
8400, 450, 5, 72, 0, 0, 36.47%, 18, 5, 2, 422.59, 4132582, 31, 434539, 0
8405, 450, 66, 72, 0, 0, 36.47%, 18, 5, 2, 331.41, 4134632, 31, 434770, 0
8411, 450, 66, 72, 0, 0, 36.47%, 18, 5, 2, 315.98, 4136118, 31, 435007, 0
8416, 450, 66, 72, 0, 0, 36.47%, 18, 5, 2, 376.06, 4137803, 31, 435286, 0
8421, 450, 66, 72, 0, 0, 36.47%, 18, 5, 2, 295.79, 4139172, 31, 435535, 0
8426, 450, 59, 72, 0, 0, 36.47%, 18, 5, 2, 359.66, 4140984, 31, 435866, 0
8431, 450, 66, 72, 0, 0, 36.47%, 18, 5, 2, 317.27, 4142847, 31, 436241, 0
8436, 451, 46, 72, 0, 0, 36.47%, 18, 5, 2, 356.10, 4144480, 31, 436691, 0
8441, 451, 38, 72, 0, 0, 36.47%, 18, 5, 2, 455.09, 4146855, 31, 437170, 0
8446, 451, 67, 72, 0, 0, 36.47%, 18, 5, 2, 422.38, 4148771, 31, 437620, 0
8451, 451, 66, 72, 0, 0, 36.47%, 18, 5, 2, 342.34, 4150135, 31, 437840, 0
8456, 451, 7, 72, 0, 0, 36.47%, 18, 5, 2, 328.15, 4151691, 31, 438222, 0
8462, 451, 0, 72, 0, 0, 36.47%, 18, 5, 2, 240.45, 4152847, 31, 438481, 0
8467, 451, 24, 72, 0, 0, 36.47%, 18, 5, 2, 229.54, 4153931, 31, 438922, 0
8472, 451, 50, 72, 0, 0, 36.47%, 18, 5, 2, 385.97, 4155887, 31, 439149, 0
8477, 452, 24, 72, 0, 0, 36.47%, 18, 5, 2, 315.75, 4157537, 31, 439448, 0
8482, 452, 66, 72, 0, 0, 36.47%, 18, 5, 2, 381.50, 4159638, 31, 439752, 0
8487, 452, 66, 72, 0, 0, 36.47%, 18, 5, 2, 250.66, 4160912, 31, 440084, 0
8492, 452, 69, 72, 0, 0, 36.47%, 18, 5, 2, 273.26, 4162367, 31, 440420, 0
8497, 452, 67, 72, 0, 0, 36.47%, 18, 5, 2, 258.15, 4163814, 31, 440782, 0
8503, 452, 69, 72, 0, 0, 36.47%, 18, 5, 2, 347.77, 4165348, 31, 441105, 0
8508, 452, 46, 72, 0, 0, 36.47%, 18, 5, 2, 300.43, 4166743, 31, 441493, 0
8513, 452, 24, 72, 0, 0, 36.47%, 18, 5, 2, 334.69, 4168089, 31, 441776, 0
8518, 453, 70, 72, 0, 0, 36.47%, 18, 5, 2, 376.61, 4170353, 31, 441941, 0
8523, 453, 66, 72, 0, 0, 36.47%, 18, 5, 2, 274.20, 4171731, 31, 442152, 0
8528, 453, 57, 72, 0, 0, 36.47%, 18, 5, 2, 299.39, 4173171, 31, 442495, 0
8533, 453, 66, 72, 0, 0, 36.47%, 18, 5, 2, 421.95, 4175553, 31, 442788, 0
8538, 453, 66, 72, 0, 0, 36.47%, 18, 5, 2, 346.69, 4177307, 31, 443198, 0
8543, 453, 66, 72, 0, 0, 36.47%, 18, 5, 2, 305.40, 4178997, 31, 443469, 0
8548, 453, 56, 72, 0, 0, 36.47%, 18, 5, 2, 252.41, 4180115, 31, 443691, 0
8554, 454, 66, 72, 0, 0, 36.47%, 18, 5, 2, 393.85, 4182191, 31, 443981, 0
8559, 454, 62, 72, 0, 0, 36.47%, 18, 5, 2, 334.27, 4183691, 31, 444349, 0
8564, 454, 66, 72, 0, 0, 36.47%, 18, 5, 2, 344.01, 4185400, 31, 444703, 0
8569, 454, 70, 72, 0, 0, 36.47%, 18, 5, 2, 227.73, 4186377, 31, 445190, 0
8574, 454, 69, 72, 0, 0, 36.47%, 18, 5, 2, 326.48, 4188246, 31, 445392, 0
8579, 454, 66, 72, 0, 0, 36.47%, 18, 5, 2, 277.31, 4189762, 31, 445607, 0
8584, 454, 36, 72, 0, 0, 36.47%, 18, 5, 2, 244.25, 4191019, 31, 445920, 0
8589, 454, 47, 72, 0, 0, 36.47%, 18, 5, 2, 260.34, 4192134, 31, 446300, 0
8595, 454, 44, 72, 0, 0, 36.47%, 18, 5, 2, 383.89, 4194112, 31, 446588, 0
8600, 455, 55, 72, 0, 0, 36.47%, 18, 5, 2, 541.55, 4197065, 31, 446817, 0
8605, 455, 54, 72, 0, 0, 36.47%, 18, 5, 2, 360.69, 4198427, 31, 447012, 0
8610, 455, 24, 72, 0, 0, 36.47%, 18, 5, 2, 431.56, 4200505, 31, 447186, 0
8615, 455, 42, 72, 0, 0, 36.47%, 18, 5, 2, 257.85, 4201635, 31, 447510, 0
8620, 455, 55, 72, 0, 0, 36.47%, 18, 5, 2, 330.96, 4203181, 31, 447792, 0
8625, 455, 4, 72, 0, 0, 36.47%, 18, 5, 2, 273.43, 4204963, 31, 448175, 0
8630, 455, 66, 72, 0, 0, 36.47%, 18, 5, 2, 318.41, 4206447, 31, 448376, 0
8635, 455, 66, 72, 0, 0, 36.47%, 18, 5, 2, 204.22, 4207395, 31, 448757, 0
8640, 456, 24, 72, 0, 0, 36.47%, 18, 5, 2, 319.01, 4209168, 31, 448922, 0
8645, 456, 68, 72, 0, 0, 36.47%, 18, 5, 2, 349.29, 4211119, 31, 449109, 0
8650, 456, 66, 72, 0, 0, 36.47%, 18, 5, 2, 263.29, 4212445, 31, 449645, 0
8655, 456, 47, 72, 0, 0, 36.47%, 18, 5, 2, 229.83, 4213501, 31, 449921, 0
8660, 456, 36, 72, 0, 0, 36.47%, 18, 5, 2, 331.56, 4215055, 31, 450262, 0
8665, 456, 7, 72, 0, 0, 36.47%, 18, 5, 2, 494.12, 4217499, 31, 450528, 0
8671, 456, 66, 72, 0, 0, 36.47%, 18, 5, 2, 232.43, 4218409, 31, 450744, 0
8676, 457, 65, 72, 0, 0, 36.47%, 18, 5, 2, 645.91, 4220343, 31, 450903, 0
8681, 457, 52, 72, 0, 0, 36.47%, 18, 5, 2, 434.75, 4221953, 31, 451261, 0
8686, 457, 69, 72, 0, 0, 36.47%, 18, 5, 2, 383.51, 4223595, 31, 451616, 0
8691, 457, 66, 72, 0, 0, 36.47%, 18, 5, 2, 367.86, 4225436, 31, 451986, 0
8696, 457, 66, 72, 0, 0, 36.47%, 18, 5, 2, 412.66, 4227377, 31, 452341, 0
8701, 457, 66, 72, 0, 0, 36.47%, 18, 5, 2, 290.61, 4228534, 31, 452613, 0
8706, 457, 67, 72, 0, 0, 36.47%, 18, 5, 2, 300.34, 4230138, 31, 452860, 0
8712, 457, 66, 72, 0, 0, 36.47%, 18, 5, 2, 288.71, 4231299, 31, 453178, 0
8717, 458, 66, 72, 0, 0, 36.47%, 18, 5, 2, 368.15, 4233093, 31, 453579, 0
8722, 458, 66, 72, 0, 0, 36.47%, 18, 5, 2, 272.89, 4234131, 31, 453912, 0
8727, 458, 8, 72, 0, 0, 36.47%, 18, 5, 2, 635.04, 4236894, 31, 454141, 0
8732, 458, 36, 72, 0, 0, 36.47%, 18, 5, 2, 480.76, 4239017, 31, 454561, 0
8737, 458, 36, 72, 0, 0, 36.47%, 18, 5, 2, 292.45, 4240096, 31, 454832, 0
8743, 458, 66, 72, 0, 0, 36.47%, 18, 5, 2, 302.04, 4241745, 31, 455295, 0
8748, 458, 63, 72, 0, 0, 36.47%, 18, 5, 2, 341.10, 4243465, 31, 455724, 0
8753, 458, 54, 72, 0, 0, 36.47%, 18, 5, 2, 321.60, 4245078, 31, 456114, 0
8758, 459, 66, 72, 0, 0, 36.47%, 18, 5, 2, 418.18, 4247507, 31, 456455, 0
8763, 459, 42, 72, 0, 0, 36.47%, 18, 5, 2, 350.18, 4248949, 31, 456935, 0
8768, 459, 66, 72, 0, 0, 36.47%, 18, 5, 2, 350.08, 4250620, 31, 457199, 0
8773, 459, 66, 72, 0, 0, 36.47%, 18, 5, 2, 295.19, 4252163, 31, 457387, 0
8778, 459, 66, 72, 0, 0, 36.47%, 18, 5, 2, 362.95, 4253973, 31, 457772, 0
8783, 459, 66, 72, 0, 0, 36.47%, 18, 5, 2, 288.52, 4255310, 31, 458036, 0
8788, 459, 7, 72, 0, 0, 36.47%, 18, 5, 2, 359.40, 4257373, 31, 458258, 0
8793, 460, 0, 72, 0, 0, 36.47%, 18, 5, 2, 527.92, 4259827, 31, 458436, 0
8798, 460, 68, 72, 0, 0, 36.47%, 18, 5, 2, 294.38, 4261099, 31, 458789, 0
8803, 460, 66, 72, 0, 0, 36.47%, 18, 5, 2, 345.07, 4263265, 31, 459054, 0
8809, 460, 36, 72, 0, 0, 36.47%, 18, 5, 2, 471.84, 4265412, 31, 459242, 0
8814, 460, 66, 72, 0, 0, 36.47%, 18, 5, 2, 333.03, 4267011, 31, 459564, 0
8819, 460, 7, 72, 0, 0, 36.47%, 18, 5, 2, 319.18, 4268520, 31, 459780, 0
8824, 461, 51, 72, 0, 0, 36.47%, 18, 5, 2, 424.54, 4270461, 31, 460038, 0
8829, 461, 66, 72, 0, 0, 36.47%, 18, 5, 2, 363.80, 4272094, 31, 460348, 0
8834, 461, 66, 72, 0, 0, 36.47%, 18, 5, 2, 267.56, 4273281, 31, 460596, 0
8839, 461, 66, 72, 0, 0, 36.47%, 18, 5, 2, 431.05, 4275565, 31, 460865, 0
8844, 461, 36, 72, 0, 0, 36.47%, 18, 5, 2, 279.65, 4276662, 31, 461301, 0
8850, 461, 66, 72, 0, 0, 36.47%, 18, 5, 2, 365.79, 4278827, 31, 461458, 0
8855, 461, 66, 72, 0, 0, 36.47%, 18, 5, 2, 312.03, 4280154, 31, 461831, 0
8860, 461, 66, 72, 0, 0, 36.47%, 18, 5, 2, 213.78, 4281204, 31, 462267, 0
8865, 461, 66, 72, 0, 0, 36.47%, 18, 5, 2, 234.16, 4282598, 31, 462531, 0
8870, 462, 66, 72, 0, 0, 36.47%, 18, 5, 2, 182.84, 4283434, 31, 462768, 0
8875, 462, 66, 72, 0, 0, 36.47%, 18, 5, 2, 419.64, 4284742, 31, 463117, 0
8880, 462, 66, 72, 0, 0, 36.47%, 18, 5, 2, 399.29, 4286452, 31, 463467, 0
8881, 462, 66, 72, 0, 0, 36.47%, 18, 5, 2, 350.98, 4286664, 31, 463591, 0
