# relative_time, cycles_done, cur_item, corpus_count, pending_total, pending_favs, map_size, saved_crashes, saved_hangs, max_depth, execs_per_sec, total_execs, edges_found, total_crashes, servers_count
61, 13, 24, 26, 5, 2, 30.04%, 14, 0, 3, 409.11, 34605, 70, 489, 0
66, 13, 25, 26, 2, 0, 30.04%, 14, 0, 3, 407.54, 36724, 70, 547, 0
71, 13, 23, 26, 2, 0, 30.04%, 15, 0, 3, 335.59, 38274, 70, 594, 0
76, 14, 12, 26, 1, 0, 30.04%, 16, 0, 3, 386.13, 40401, 70, 631, 0
81, 15, 12, 26, 1, 0, 30.04%, 17, 0, 3, 462.27, 42863, 70, 678, 0
86, 16, 17, 26, 1, 0, 30.04%, 17, 0, 3, 472.19, 45279, 70, 732, 0
92, 17, 12, 26, 1, 0, 30.04%, 17, 0, 3, 499.71, 47992, 70, 768, 0
97, 17, 8, 26, 0, 0, 30.04%, 17, 0, 3, 459.39, 50265, 70, 832, 0
102, 18, 21, 26, 0, 0, 30.04%, 17, 0, 3, 448.06, 52549, 70, 870, 0
107, 19, 20, 26, 0, 0, 30.04%, 17, 0, 3, 466.41, 54841, 70, 919, 0
112, 19, 19, 26, 0, 0, 30.04%, 17, 0, 3, 397.24, 56937, 70, 958, 0
117, 20, 21, 26, 0, 0, 30.04%, 17, 0, 3, 416.48, 59065, 70, 1016, 0
122, 21, 24, 26, 0, 0, 30.04%, 17, 0, 3, 431.11, 61291, 70, 1063, 0
128, 22, 19, 26, 0, 0, 30.04%, 17, 0, 3, 455.36, 63548, 70, 1107, 0
133, 22, 5, 26, 0, 0, 30.04%, 17, 0, 3, 428.95, 65628, 70, 1164, 0
138, 23, 19, 26, 0, 0, 30.04%, 17, 0, 3, 507.36, 68378, 70, 1192, 0
143, 24, 7, 26, 0, 0, 30.04%, 17, 0, 3, 487.13, 70834, 70, 1232, 0
148, 25, 2, 27, 1, 0, 30.04%, 17, 0, 3, 429.89, 73057, 70, 1278, 0
153, 26, 26, 28, 2, 0, 30.04%, 17, 0, 3, 443.27, 75363, 70, 1332, 0
158, 26, 2, 28, 1, 0, 30.04%, 17, 0, 3, 438.13, 77385, 70, 1397, 0
164, 26, 27, 28, 0, 0, 30.04%, 18, 0, 3, 562.37, 79479, 70, 1460, 0
169, 27, 20, 28, 0, 0, 30.04%, 18, 0, 3, 434.90, 81500, 70, 1519, 0
174, 28, 8, 28, 0, 0, 30.04%, 18, 0, 3, 509.31, 84118, 70, 1560, 0
179, 29, 15, 28, 0, 0, 30.04%, 18, 0, 3, 463.86, 86421, 70, 1620, 0
184, 29, 21, 28, 0, 0, 30.04%, 18, 0, 3, 459.19, 88705, 70, 1677, 0
189, 30, 27, 28, 0, 0, 30.04%, 19, 0, 3, 366.72, 90355, 70, 1729, 0
194, 30, 20, 28, 0, 0, 30.04%, 20, 0, 3, 365.08, 92169, 70, 1788, 0
199, 31, 16, 28, 0, 0, 30.04%, 20, 0, 3, 436.65, 94415, 70, 1845, 0
204, 32, 19, 28, 0, 0, 30.04%, 20, 0, 3, 469.05, 96827, 70, 1886, 0
209, 33, 2, 28, 0, 0, 30.04%, 20, 0, 3, 426.71, 99110, 70, 1921, 0
214, 33, 21, 28, 0, 0, 30.04%, 20, 0, 3, 392.48, 101183, 70, 1969, 0
220, 34, 20, 28, 0, 0, 30.04%, 20, 0, 3, 423.76, 103474, 70, 2009, 0
225, 35, 3, 28, 0, 0, 30.04%, 20, 0, 3, 449.47, 105785, 70, 2052, 0
230, 35, 27, 28, 0, 0, 30.04%, 20, 0, 3, 427.72, 108067, 70, 2101, 0
235, 36, 21, 28, 0, 0, 30.04%, 20, 0, 3, 408.01, 110166, 70, 2165, 0
240, 37, 27, 28, 0, 0, 30.04%, 20, 0, 3, 493.45, 112952, 70, 2199, 0
245, 38, 27, 28, 0, 0, 30.04%, 20, 0, 3, 448.27, 115280, 70, 2247, 0
250, 39, 24, 28, 0, 0, 30.04%, 20, 0, 3, 469.38, 117642, 70, 2287, 0
256, 39, 3, 28, 0, 0, 30.04%, 20, 0, 3, 450.02, 119881, 70, 2339, 0
261, 40, 7, 28, 0, 0, 30.04%, 20, 0, 3, 368.89, 121639, 70, 2397, 0
266, 40, 15, 28, 0, 0, 30.04%, 20, 0, 3, 434.16, 124007, 70, 2443, 0
271, 41, 27, 28, 0, 0, 30.04%, 20, 0, 3, 429.26, 126329, 70, 2494, 0
276, 42, 21, 28, 0, 0, 30.04%, 20, 0, 3, 467.29, 128669, 70, 2548, 0
281, 42, 15, 28, 0, 0, 30.04%, 20, 0, 3, 443.75, 130856, 70, 2602, 0
286, 43, 27, 28, 0, 0, 30.04%, 20, 0, 3, 428.16, 133010, 70, 2660, 0
291, 43, 27, 28, 0, 0, 30.04%, 20, 0, 3, 428.94, 135070, 70, 2724, 0
296, 44, 27, 28, 0, 0, 30.04%, 20, 0, 3, 492.59, 137528, 70, 2762, 0
302, 44, 21, 28, 0, 0, 30.04%, 20, 0, 3, 395.85, 139399, 70, 2825, 0
307, 45, 2, 28, 0, 0, 30.04%, 20, 0, 3, 428.17, 141531, 70, 2877, 0
312, 45, 15, 28, 0, 0, 30.04%, 20, 0, 3, 358.76, 143268, 70, 2939, 0
317, 46, 5, 28, 0, 0, 30.04%, 21, 0, 3, 425.70, 145546, 70, 2996, 0
322, 47, 21, 28, 0, 0, 30.04%, 21, 0, 3, 454.09, 147723, 70, 3033, 0
327, 48, 2, 28, 0, 0, 30.04%, 21, 0, 3, 440.07, 149949, 70, 3078, 0
332, 48, 27, 29, 1, 0, 30.04%, 21, 0, 4, 356.10, 151758, 70, 3132, 0
337, 48, 27, 29, 1, 0, 30.04%, 21, 0, 4, 289.73, 153102, 70, 3185, 0
342, 49, 24, 29, 1, 0, 30.04%, 21, 0, 4, 328.71, 154781, 70, 3228, 0
347, 49, 28, 29, 1, 0, 30.04%, 21, 0, 4, 355.22, 156567, 70, 3272, 0
352, 49, 2, 29, 0, 0, 30.04%, 21, 0, 4, 409.32, 158664, 70, 3328, 0
357, 50, 21, 29, 0, 0, 30.04%, 21, 0, 4, 476.40, 161114, 70, 3364, 0
362, 51, 27, 29, 0, 0, 30.04%, 21, 0, 4, 419.60, 163173, 70, 3419, 0
368, 51, 27, 29, 0, 0, 30.04%, 21, 0, 4, 385.39, 165000, 70, 3465, 0
373, 52, 26, 29, 0, 0, 30.04%, 21, 0, 4, 442.84, 167397, 70, 3515, 0
378, 52, 27, 29, 0, 0, 30.04%, 21, 0, 4, 378.82, 169292, 70, 3572, 0
383, 53, 7, 29, 0, 0, 30.04%, 21, 0, 4, 461.16, 171648, 70, 3612, 0
388, 53, 6, 29, 0, 0, 30.04%, 21, 0, 4, 444.93, 173869, 70, 3668, 0
393, 54, 6, 29, 0, 0, 30.04%, 21, 0, 4, 465.29, 176208, 70, 3712, 0
398, 54, 27, 29, 0, 0, 30.04%, 21, 0, 4, 348.68, 177854, 70, 3759, 0
403, 55, 24, 29, 0, 0, 30.04%, 21, 0, 4, 476.92, 180227, 70, 3796, 0
408, 56, 2, 29, 0, 0, 30.04%, 21, 0, 4, 441.04, 182348, 70, 3843, 0
414, 56, 27, 29, 0, 0, 30.04%, 21, 0, 4, 347.92, 184191, 70, 3902, 0
419, 56, 27, 29, 0, 0, 30.04%, 21, 0, 4, 383.63, 186207, 70, 3957, 0
424, 57, 24, 29, 0, 0, 30.04%, 21, 0, 4, 432.77, 188372, 70, 4014, 0
429, 58, 13, 29, 0, 0, 30.04%, 21, 0, 4, 475.90, 190802, 70, 4065, 0
434, 58, 27, 29, 0, 0, 30.04%, 21, 0, 4, 444.06, 193128, 70, 4118, 0
439, 59, 7, 29, 0, 0, 30.04%, 21, 0, 4, 526.30, 195808, 70, 4156, 0
444, 59, 29, 30, 1, 1, 30.47%, 21, 0, 4, 355.76, 197412, 71, 4215, 0
449, 60, 2, 30, 0, 0, 30.47%, 21, 0, 4, 334.42, 199073, 71, 4287, 0
454, 60, 29, 30, 0, 0, 30.47%, 21, 0, 4, 388.43, 201213, 71, 4349, 0
459, 60, 27, 30, 0, 0, 30.47%, 21, 0, 4, 410.17, 203262, 71, 4405, 0
465, 60, 29, 30, 0, 0, 30.47%, 21, 0, 4, 373.79, 205085, 71, 4471, 0
470, 60, 29, 30, 0, 0, 30.47%, 21, 0, 4, 316.34, 206744, 71, 4545, 0
475, 61, 13, 30, 0, 0, 30.47%, 21, 0, 4, 414.41, 208950, 71, 4580, 0
480, 61, 29, 30, 0, 0, 30.47%, 21, 0, 4, 372.88, 210874, 71, 4621, 0
485, 62, 13, 30, 0, 0, 30.47%, 21, 0, 4, 426.74, 213041, 71, 4686, 0
490, 62, 13, 30, 0, 0, 30.47%, 21, 0, 4, 385.24, 215091, 71, 4731, 0
495, 63, 21, 30, 0, 0, 30.47%, 21, 0, 4, 384.03, 217133, 71, 4785, 0
501, 63, 24, 30, 0, 0, 30.47%, 21, 0, 4, 350.07, 218992, 71, 4848, 0
506, 63, 29, 30, 0, 0, 30.47%, 21, 0, 4, 459.69, 221150, 71, 4908, 0
511, 64, 29, 30, 0, 0, 30.47%, 21, 0, 4, 327.98, 222696, 71, 4980, 0
516, 64, 27, 30, 0, 0, 30.47%, 21, 0, 4, 373.62, 224603, 71, 5042, 0
521, 64, 29, 30, 0, 0, 30.47%, 21, 0, 4, 328.55, 226334, 71, 5124, 0
526, 64, 29, 30, 0, 0, 30.47%, 21, 0, 4, 372.45, 228328, 71, 5195, 0
531, 65, 27, 30, 0, 0, 30.47%, 21, 0, 4, 416.42, 230648, 71, 5251, 0
536, 65, 19, 30, 0, 0, 30.47%, 21, 0, 4, 358.37, 232380, 71, 5319, 0
541, 65, 12, 30, 0, 0, 30.47%, 21, 0, 4, 399.57, 234269, 71, 5374, 0
546, 66, 24, 30, 0, 0, 30.47%, 21, 0, 4, 446.11, 236493, 71, 5420, 0
551, 66, 29, 30, 0, 0, 30.47%, 21, 0, 4, 394.87, 238462, 71, 5485, 0
556, 66, 29, 30, 0, 0, 30.47%, 21, 0, 4, 244.54, 240226, 71, 5538, 0
561, 66, 28, 30, 0, 0, 30.47%, 21, 0, 4, 123.65, 241474, 71, 5590, 0
566, 67, 7, 30, 0, 0, 30.47%, 21, 0, 4, 370.54, 243410, 71, 5622, 0
572, 67, 26, 30, 0, 0, 30.47%, 21, 0, 4, 396.16, 245449, 71, 5692, 0
577, 68, 29, 30, 0, 0, 30.47%, 21, 0, 4, 368.21, 247478, 71, 5743, 0
582, 68, 12, 30, 0, 0, 30.47%, 21, 0, 4, 383.16, 249562, 71, 5800, 0
587, 68, 29, 30, 0, 0, 30.47%, 21, 0, 4, 397.14, 251604, 71, 5861, 0
592, 69, 27, 30, 0, 0, 30.47%, 21, 0, 4, 426.24, 253729, 71, 5914, 0
597, 69, 29, 30, 0, 0, 30.47%, 21, 0, 4, 346.81, 255494, 71, 5979, 0
602, 69, 13, 32, 1, 0, 30.90%, 22, 0, 4, 439.71, 257787, 72, 6025, 0
607, 69, 27, 38, 7, 0, 30.90%, 22, 0, 4, 328.44, 259461, 72, 6105, 0
612, 69, 27, 39, 8, 0, 30.90%, 22, 0, 4, 319.38, 261082, 72, 6184, 0
617, 69, 27, 39, 8, 0, 30.90%, 22, 0, 4, 300.60, 262624, 72, 6262, 0
622, 69, 27, 39, 8, 0, 30.90%, 22, 0, 4, 284.67, 264032, 72, 6345, 0
628, 69, 35, 41, 10, 0, 30.90%, 22, 0, 4, 395.04, 265907, 72, 6403, 0
633, 69, 29, 41, 9, 0, 30.90%, 22, 0, 4, 448.77, 268445, 72, 6428, 0
638, 69, 37, 41, 9, 0, 30.90%, 22, 0, 4, 513.69, 270893, 72, 6457, 0
643, 69, 34, 41, 7, 0, 30.90%, 22, 0, 4, 544.25, 273703, 72, 6457, 0
648, 69, 33, 41, 6, 0, 30.90%, 22, 0, 4, 486.61, 276147, 72, 6465, 0
653, 69, 3, 41, 4, 0, 30.90%, 22, 0, 4, 507.59, 278740, 72, 6493, 0
658, 70, 34, 42, 4, 0, 30.90%, 22, 0, 4, 451.96, 280945, 72, 6535, 0
663, 70, 15, 42, 4, 0, 30.90%, 22, 0, 4, 517.61, 283079, 72, 6593, 0
668, 70, 38, 42, 4, 0, 30.90%, 22, 0, 4, 375.11, 284832, 72, 6638, 0
673, 70, 13, 42, 3, 0, 30.90%, 22, 0, 4, 383.88, 286655, 72, 6713, 0
678, 70, 34, 42, 3, 0, 30.90%, 22, 0, 4, 434.24, 288954, 72, 6751, 0
683, 71, 40, 43, 4, 0, 30.90%, 22, 0, 4, 487.98, 291509, 72, 6765, 0
688, 71, 24, 43, 3, 0, 30.90%, 22, 0, 4, 390.90, 293302, 72, 6833, 0
694, 71, 37, 44, 4, 0, 30.90%, 22, 0, 5, 403.81, 295220, 72, 6889, 0
699, 71, 34, 44, 3, 0, 30.90%, 22, 0, 5, 485.81, 297641, 72, 6924, 0
704, 71, 43, 45, 4, 0, 30.90%, 22, 0, 6, 323.68, 299291, 72, 6974, 0
709, 71, 44, 45, 3, 0, 30.90%, 22, 0, 6, 287.71, 300621, 72, 7037, 0
714, 71, 34, 45, 2, 0, 30.90%, 22, 0, 6, 388.37, 302561, 72, 7104, 0
719, 71, 32, 45, 2, 0, 30.90%, 22, 0, 6, 441.40, 304886, 72, 7114, 0
724, 71, 39, 45, 1, 0, 30.90%, 22, 0, 6, 400.16, 306942, 72, 7115, 0
729, 72, 15, 45, 0, 0, 30.90%, 22, 0, 6, 420.19, 309056, 72, 7131, 0
734, 72, 29, 45, 0, 0, 30.90%, 22, 0, 6, 463.58, 311529, 72, 7179, 0
740, 72, 7, 45, 0, 0, 30.90%, 22, 0, 6, 451.36, 313785, 72, 7227, 0
745, 73, 3, 45, 0, 0, 30.90%, 22, 0, 6, 409.70, 315733, 72, 7289, 0
750, 73, 5, 45, 0, 0, 30.90%, 22, 0, 6, 473.39, 318181, 72, 7329, 0
755, 74, 0, 45, 0, 0, 30.90%, 22, 0, 6, 455.89, 320437, 72, 7387, 0
760, 74, 12, 45, 0, 0, 30.90%, 22, 0, 6, 367.37, 322183, 72, 7458, 0
765, 74, 2, 45, 0, 0, 30.90%, 22, 0, 6, 412.98, 324360, 72, 7507, 0
770, 75, 44, 45, 0, 0, 30.90%, 22, 0, 6, 389.94, 326443, 72, 7570, 0
775, 75, 29, 45, 0, 0, 30.90%, 22, 0, 6, 478.82, 328768, 72, 7630, 0
780, 75, 29, 45, 0, 0, 30.90%, 22, 0, 6, 435.88, 330951, 72, 7677, 0
786, 76, 44, 45, 0, 0, 30.90%, 22, 0, 6, 319.55, 332552, 72, 7729, 0
791, 76, 34, 45, 0, 0, 30.90%, 22, 0, 6, 442.15, 334791, 72, 7770, 0
796, 76, 8, 45, 0, 0, 30.90%, 22, 0, 6, 447.26, 337096, 72, 7819, 0
801, 77, 2, 45, 0, 0, 30.90%, 22, 0, 6, 416.92, 339180, 72, 7886, 0
806, 77, 29, 45, 0, 0, 30.90%, 22, 0, 6, 392.60, 341224, 72, 7958, 0
811, 77, 29, 46, 1, 0, 30.90%, 22, 0, 6, 479.80, 343832, 72, 7996, 0
816, 78, 34, 46, 1, 0, 30.90%, 22, 0, 6, 392.25, 345740, 72, 8048, 0
822, 78, 43, 46, 0, 0, 30.90%, 22, 0, 6, 323.49, 347243, 72, 8113, 0
827, 78, 34, 46, 0, 0, 30.90%, 22, 0, 6, 346.02, 348811, 72, 8178, 0
832, 78, 29, 46, 0, 0, 30.90%, 22, 0, 6, 403.97, 350923, 72, 8238, 0
837, 78, 24, 46, 0, 0, 30.90%, 22, 0, 6, 391.88, 352901, 72, 8305, 0
842, 79, 27, 46, 0, 0, 30.90%, 22, 0, 6, 362.79, 354703, 72, 8348, 0
847, 79, 29, 46, 0, 0, 30.90%, 22, 0, 6, 338.07, 356370, 72, 8403, 0
852, 79, 44, 46, 0, 0, 30.90%, 22, 0, 6, 368.06, 358306, 72, 8455, 0
857, 79, 44, 47, 1, 0, 30.90%, 22, 0, 7, 237.73, 359276, 72, 8509, 0
862, 79, 46, 47, 1, 0, 30.90%, 22, 0, 7, 257.40, 360561, 72, 8568, 0
867, 80, 29, 48, 1, 0, 30.90%, 22, 0, 7, 341.58, 362372, 72, 8633, 0
872, 80, 29, 48, 0, 0, 30.90%, 22, 0, 7, 306.60, 363849, 72, 8683, 0
877, 80, 46, 49, 1, 0, 30.90%, 22, 0, 8, 330.93, 365622, 72, 8751, 0
883, 80, 43, 49, 1, 0, 30.90%, 22, 0, 8, 351.01, 367456, 72, 8832, 0
888, 80, 43, 49, 1, 0, 30.90%, 22, 0, 8, 352.83, 369209, 72, 8904, 0
893, 80, 46, 49, 1, 0, 30.90%, 22, 0, 8, 305.87, 370641, 72, 8980, 0
898, 80, 48, 49, 1, 0, 30.90%, 22, 0, 8, 357.03, 372541, 72, 9039, 0
903, 80, 29, 49, 0, 0, 30.90%, 22, 0, 8, 360.48, 374320, 72, 9109, 0
908, 81, 46, 49, 0, 0, 30.90%, 22, 0, 8, 354.86, 376093, 72, 9175, 0
913, 81, 46, 49, 0, 0, 30.90%, 22, 0, 8, 367.43, 377959, 72, 9250, 0
918, 81, 1, 49, 0, 0, 30.90%, 22, 0, 8, 338.41, 379544, 72, 9326, 0
923, 81, 34, 49, 0, 0, 30.90%, 22, 0, 8, 431.09, 381808, 72, 9362, 0
928, 81, 46, 50, 1, 0, 30.90%, 22, 0, 8, 336.88, 383489, 72, 9423, 0
933, 81, 47, 50, 1, 0, 30.90%, 22, 0, 8, 357.72, 385229, 72, 9490, 0
938, 81, 49, 51, 2, 0, 30.90%, 22, 0, 9, 340.40, 386880, 72, 9563, 0
943, 81, 49, 51, 2, 0, 30.90%, 22, 0, 9, 338.99, 388548, 72, 9628, 0
948, 81, 49, 52, 3, 0, 30.90%, 22, 0, 9, 334.25, 390253, 72, 9693, 0
954, 81, 49, 52, 3, 0, 30.90%, 22, 0, 9, 293.29, 391997, 72, 9762, 0
959, 81, 39, 52, 2, 0, 30.90%, 22, 0, 9, 320.90, 393610, 72, 9837, 0
964, 82, 50, 53, 3, 0, 30.90%, 22, 0, 10, 291.09, 395108, 72, 9892, 0
969, 82, 50, 53, 3, 0, 30.90%, 22, 0, 10, 269.43, 396448, 72, 9957, 0
974, 82, 33, 53, 2, 0, 30.90%, 22, 0, 10, 341.15, 398118, 72, 10020, 0
979, 82, 49, 53, 2, 0, 30.90%, 22, 0, 10, 353.34, 399966, 72, 10092, 0
984, 82, 34, 53, 2, 0, 30.90%, 22, 0, 10, 421.33, 402006, 72, 10158, 0
989, 82, 49, 53, 2, 0, 30.90%, 22, 0, 10, 385.06, 403992, 72, 10236, 0
994, 82, 49, 53, 2, 0, 30.90%, 22, 0, 10, 339.09, 405690, 72, 10325, 0
999, 82, 52, 53, 2, 0, 30.90%, 22, 0, 10, 372.79, 407713, 72, 10391, 0
1005, 82, 46, 53, 1, 0, 30.90%, 22, 0, 10, 355.78, 409447, 72, 10476, 0
1010, 82, 49, 53, 1, 0, 30.90%, 22, 0, 10, 381.03, 411362, 72, 10551, 0
1015, 82, 49, 53, 1, 0, 30.90%, 22, 0, 10, 336.43, 413035, 72, 10638, 0
1020, 82, 49, 53, 1, 0, 30.90%, 22, 0, 10, 338.06, 414719, 72, 10724, 0
1025, 82, 49, 53, 1, 0, 30.90%, 22, 0, 10, 353.44, 416598, 72, 10809, 0
1030, 83, 19, 53, 1, 0, 30.90%, 22, 0, 10, 413.22, 418835, 72, 10869, 0
1035, 83, 49, 53, 1, 0, 30.90%, 22, 0, 10, 350.84, 420543, 72, 10952, 0
1041, 83, 52, 53, 1, 0, 30.90%, 22, 0, 10, 330.74, 422215, 72, 11022, 0
1046, 83, 45, 53, 1, 0, 30.90%, 22, 0, 10, 319.21, 423941, 72, 11095, 0
1051, 83, 49, 53, 1, 0, 30.90%, 22, 0, 10, 346.34, 425699, 72, 11182, 0
1056, 83, 17, 53, 1, 0, 30.90%, 22, 0, 10, 359.43, 427520, 72, 11253, 0
1061, 83, 15, 53, 1, 0, 30.90%, 22, 0, 10, 386.91, 429533, 72, 11325, 0
1066, 84, 46, 53, 1, 0, 30.90%, 22, 0, 10, 383.07, 431560, 72, 11385, 0
1071, 84, 49, 53, 1, 0, 30.90%, 22, 0, 10, 391.17, 433605, 72, 11453, 0
1076, 84, 46, 53, 1, 0, 30.90%, 22, 0, 10, 381.47, 435653, 72, 11523, 0
1081, 84, 46, 53, 1, 0, 30.90%, 22, 0, 10, 324.71, 437296, 72, 11604, 0
1086, 84, 49, 53, 1, 0, 30.90%, 22, 0, 10, 334.27, 439046, 72, 11687, 0
1092, 84, 49, 53, 1, 0, 30.90%, 22, 0, 10, 348.61, 440830, 72, 11772, 0
1097, 84, 44, 53, 1, 0, 30.90%, 22, 0, 10, 354.35, 442658, 72, 11850, 0
1102, 84, 5, 53, 1, 0, 30.90%, 22, 0, 10, 327.40, 444273, 72, 11922, 0
1107, 84, 52, 53, 1, 0, 30.90%, 22, 0, 10, 287.77, 445737, 72, 12018, 0
1112, 84, 49, 53, 1, 0, 30.90%, 22, 0, 10, 299.03, 447284, 72, 12104, 0
1117, 84, 2, 53, 1, 0, 30.90%, 22, 0, 10, 380.21, 449193, 72, 12175, 0
1122, 85, 49, 53, 1, 0, 30.90%, 22, 0, 10, 362.31, 451040, 72, 12239, 0
1127, 85, 29, 53, 1, 0, 30.90%, 22, 0, 10, 360.67, 452835, 72, 12323, 0
1132, 85, 32, 53, 1, 0, 30.90%, 22, 0, 10, 391.02, 454720, 72, 12395, 0
1138, 85, 49, 53, 1, 0, 30.90%, 22, 0, 10, 406.19, 456833, 72, 12462, 0
1143, 85, 46, 53, 1, 0, 30.90%, 22, 0, 10, 377.96, 458677, 72, 12540, 0
1148, 85, 46, 53, 1, 0, 30.90%, 22, 0, 10, 407.78, 460656, 72, 12608, 0
1153, 85, 48, 53, 1, 0, 30.90%, 22, 0, 10, 351.41, 462488, 72, 12682, 0
1158, 85, 48, 53, 1, 0, 30.90%, 22, 0, 10, 378.03, 464529, 72, 12742, 0
1163, 86, 34, 53, 1, 0, 30.90%, 22, 0, 10, 415.00, 466613, 72, 12806, 0
1168, 86, 49, 53, 1, 0, 30.90%, 22, 0, 10, 393.16, 468627, 72, 12877, 0
1173, 86, 26, 53, 1, 0, 30.90%, 22, 0, 10, 362.90, 470434, 72, 12960, 0
1178, 86, 50, 53, 1, 0, 30.90%, 22, 0, 10, 364.22, 472334, 72, 13031, 0
1183, 86, 34, 53, 1, 0, 30.90%, 22, 0, 10, 404.84, 474263, 72, 13101, 0
1189, 86, 49, 53, 1, 0, 30.90%, 22, 0, 10, 382.44, 476247, 72, 13176, 0
1194, 86, 2, 53, 1, 0, 30.90%, 22, 0, 10, 435.21, 478430, 72, 13240, 0
1199, 87, 49, 53, 1, 0, 30.90%, 22, 0, 10, 380.90, 480236, 72, 13311, 0
1204, 87, 43, 53, 1, 0, 30.90%, 22, 0, 10, 345.21, 481911, 72, 13395, 0
1209, 87, 15, 53, 1, 0, 30.90%, 22, 0, 10, 374.06, 483880, 72, 13466, 0
1214, 87, 51, 54, 2, 0, 30.90%, 22, 0, 10, 349.28, 485770, 72, 13526, 0
1219, 87, 51, 54, 2, 0, 30.90%, 22, 0, 10, 283.72, 487118, 72, 13611, 0
1224, 87, 51, 54, 2, 0, 30.90%, 22, 0, 10, 268.18, 488478, 72, 13695, 0
1229, 87, 46, 54, 1, 0, 30.90%, 22, 0, 10, 320.64, 490217, 72, 13765, 0
1234, 87, 13, 54, 1, 0, 30.90%, 22, 0, 10, 362.64, 492042, 72, 13835, 0
1240, 87, 46, 54, 1, 0, 30.90%, 22, 0, 10, 384.57, 494082, 72, 13914, 0
1245, 87, 53, 54, 1, 0, 30.90%, 22, 0, 10, 369.39, 496019, 72, 13975, 0
1250, 87, 49, 54, 0, 0, 30.90%, 22, 0, 10, 297.67, 497421, 72, 14059, 0
1255, 87, 49, 54, 0, 0, 30.90%, 22, 0, 10, 325.06, 499149, 72, 14138, 0
1260, 88, 46, 54, 0, 0, 30.90%, 22, 0, 10, 378.79, 501158, 72, 14194, 0
1265, 88, 49, 54, 0, 0, 30.90%, 22, 0, 10, 337.02, 502848, 72, 14275, 0
1270, 88, 49, 54, 0, 0, 30.90%, 22, 0, 10, 364.38, 504785, 72, 14347, 0
1275, 88, 46, 54, 0, 0, 30.90%, 22, 0, 10, 339.95, 506452, 72, 14439, 0
1281, 88, 46, 54, 0, 0, 30.90%, 22, 0, 10, 339.52, 508179, 72, 14513, 0
1286, 88, 45, 54, 0, 0, 30.90%, 22, 0, 10, 329.55, 509984, 72, 14572, 0
1291, 88, 49, 54, 0, 0, 30.90%, 22, 0, 10, 343.04, 511672, 72, 14639, 0
1296, 88, 46, 54, 0, 0, 30.90%, 22, 0, 10, 327.87, 513312, 72, 14718, 0
1301, 88, 13, 54, 0, 0, 30.90%, 22, 0, 10, 391.87, 515240, 72, 14776, 0
1306, 89, 53, 54, 0, 0, 30.90%, 22, 0, 10, 363.89, 517196, 72, 14834, 0
1312, 89, 29, 54, 0, 0, 30.90%, 22, 0, 10, 257.43, 518389, 72, 14908, 0
1317, 89, 53, 54, 0, 0, 30.90%, 22, 0, 10, 250.34, 519696, 72, 14980, 0
1322, 89, 12, 54, 0, 0, 30.90%, 22, 0, 10, 323.21, 521341, 72, 15052, 0
1327, 89, 46, 54, 0, 0, 30.90%, 22, 0, 10, 376.33, 523414, 72, 15117, 0
1332, 89, 17, 54, 0, 0, 30.90%, 22, 0, 10, 395.13, 525344, 72, 15190, 0
1337, 89, 46, 54, 0, 0, 30.90%, 22, 0, 10, 351.59, 527184, 72, 15259, 0
1342, 89, 49, 54, 0, 0, 30.90%, 22, 0, 10, 377.57, 529070, 72, 15334, 0
1348, 90, 46, 54, 0, 0, 30.90%, 22, 0, 10, 444.14, 531203, 72, 15400, 0
1353, 90, 20, 54, 0, 0, 30.90%, 22, 0, 10, 356.64, 532980, 72, 15472, 0
1358, 90, 49, 54, 0, 0, 30.90%, 22, 0, 10, 368.25, 534957, 72, 15544, 0
1363, 90, 53, 54, 0, 0, 30.90%, 22, 0, 10, 355.75, 536812, 72, 15608, 0
1368, 90, 41, 54, 0, 0, 30.90%, 22, 0, 10, 249.69, 537951, 72, 15667, 0
1373, 90, 34, 54, 0, 0, 30.90%, 22, 0, 10, 297.10, 539497, 72, 15732, 0
1378, 90, 49, 54, 0, 0, 30.90%, 22, 0, 10, 389.88, 541631, 72, 15802, 0
1383, 90, 27, 54, 0, 0, 30.90%, 22, 0, 10, 356.26, 543447, 72, 15889, 0
1388, 90, 49, 54, 0, 0, 30.90%, 22, 0, 10, 338.16, 545139, 72, 15965, 0
1393, 91, 29, 54, 0, 0, 30.90%, 22, 0, 10, 501.22, 546989, 72, 16040, 0
1398, 91, 49, 54, 0, 0, 30.90%, 22, 0, 10, 367.25, 548747, 72, 16098, 0
1403, 91, 19, 54, 0, 0, 30.90%, 22, 0, 10, 342.98, 550384, 72, 16171, 0
1408, 91, 46, 54, 0, 0, 30.90%, 22, 0, 10, 346.09, 552160, 72, 16236, 0
1413, 91, 44, 54, 0, 0, 30.90%, 22, 0, 10, 312.81, 553755, 72, 16318, 0
1419, 91, 49, 54, 0, 0, 30.90%, 22, 0, 10, 328.44, 555397, 72, 16406, 0
1424, 91, 49, 54, 0, 0, 30.90%, 22, 0, 10, 383.00, 557325, 72, 16470, 0
1429, 91, 17, 54, 0, 0, 30.90%, 22, 0, 10, 363.94, 559118, 72, 16551, 0
1434, 91, 49, 54, 0, 0, 30.90%, 22, 0, 10, 341.36, 560847, 72, 16624, 0
1439, 92, 7, 54, 0, 0, 30.90%, 22, 0, 10, 410.32, 562975, 72, 16673, 0
1444, 92, 49, 54, 0, 0, 30.90%, 22, 0, 10, 294.75, 564744, 72, 16741, 0
1449, 92, 49, 54, 0, 0, 30.90%, 22, 0, 10, 359.43, 566476, 72, 16790, 0
1454, 92, 2, 54, 0, 0, 30.90%, 22, 0, 10, 370.39, 568311, 72, 16860, 0
1459, 92, 46, 54, 0, 0, 30.90%, 22, 0, 10, 400.87, 570509, 72, 16912, 0
1465, 92, 35, 54, 0, 0, 30.90%, 22, 0, 10, 374.23, 572289, 72, 16977, 0
1470, 92, 46, 54, 0, 0, 30.90%, 22, 0, 10, 345.79, 574090, 72, 17048, 0
1475, 92, 7, 54, 0, 0, 30.90%, 22, 0, 10, 374.21, 575928, 72, 17126, 0
1480, 93, 34, 54, 0, 0, 30.90%, 22, 0, 10, 356.38, 577675, 72, 17192, 0
1485, 93, 46, 54, 0, 0, 30.90%, 22, 0, 10, 365.10, 579583, 72, 17245, 0
1490, 93, 49, 54, 0, 0, 30.90%, 22, 0, 10, 348.02, 581320, 72, 17325, 0
1495, 93, 49, 54, 0, 0, 30.90%, 22, 0, 10, 316.50, 583026, 72, 17407, 0
1500, 93, 30, 54, 0, 0, 30.90%, 22, 0, 10, 365.30, 584853, 72, 17481, 0
1505, 93, 46, 54, 0, 0, 30.90%, 22, 0, 10, 384.57, 586980, 72, 17532, 0
1510, 93, 27, 54, 0, 0, 30.90%, 22, 0, 10, 382.05, 588869, 72, 17607, 0
1515, 93, 46, 54, 0, 0, 30.90%, 22, 0, 10, 377.15, 590721, 72, 17683, 0
1520, 94, 49, 54, 0, 0, 30.90%, 22, 0, 10, 370.84, 592694, 72, 17744, 0
1526, 94, 49, 54, 0, 0, 30.90%, 22, 0, 10, 292.40, 594116, 72, 17820, 0
1531, 94, 49, 54, 0, 0, 30.90%, 22, 0, 10, 359.58, 595959, 72, 17902, 0
1536, 94, 49, 54, 0, 0, 30.90%, 22, 0, 10, 375.20, 597955, 72, 17969, 0
1541, 94, 12, 54, 0, 0, 30.90%, 22, 0, 10, 404.85, 599882, 72, 18038, 0
1546, 94, 29, 54, 0, 0, 30.90%, 22, 0, 10, 378.11, 601734, 72, 18107, 0
1551, 94, 46, 54, 0, 0, 30.90%, 22, 0, 10, 333.25, 603557, 72, 18182, 0
1556, 94, 46, 54, 0, 0, 30.90%, 22, 0, 10, 366.28, 605575, 72, 18248, 0
1561, 94, 49, 54, 0, 0, 30.90%, 22, 0, 10, 357.65, 607376, 72, 18329, 0
1566, 94, 5, 54, 0, 0, 30.90%, 22, 0, 10, 367.23, 609182, 72, 18400, 0
1571, 95, 49, 55, 0, 0, 30.90%, 22, 0, 10, 272.69, 610480, 72, 18423, 0
1576, 95, 17, 55, 0, 0, 30.90%, 22, 0, 10, 359.72, 612389, 72, 18504, 0
1581, 95, 34, 55, 0, 0, 30.90%, 22, 0, 10, 399.60, 614441, 72, 18568, 0
1587, 95, 50, 55, 0, 0, 30.90%, 22, 0, 10, 341.77, 616186, 72, 18648, 0
1592, 95, 29, 55, 0, 0, 30.90%, 22, 0, 10, 324.78, 617821, 72, 18726, 0
1597, 95, 20, 55, 0, 0, 30.90%, 22, 0, 10, 389.51, 619863, 72, 18795, 0
1602, 95, 49, 55, 0, 0, 30.90%, 22, 0, 10, 294.06, 621212, 72, 18866, 0
1607, 95, 7, 55, 0, 0, 30.90%, 22, 0, 10, 360.12, 622974, 72, 18935, 0
1612, 95, 47, 55, 0, 0, 30.90%, 22, 0, 10, 325.80, 624566, 72, 18999, 0
1617, 96, 27, 55, 0, 0, 30.90%, 22, 0, 10, 298.27, 625998, 72, 19062, 0
1622, 96, 46, 55, 0, 0, 30.90%, 22, 0, 10, 303.71, 627565, 72, 19151, 0
1627, 96, 27, 55, 0, 0, 30.90%, 22, 0, 10, 396.37, 629655, 72, 19199, 0
1632, 96, 7, 55, 0, 0, 30.90%, 22, 0, 10, 352.26, 631300, 72, 19264, 0
1637, 96, 46, 55, 0, 0, 30.90%, 22, 0, 10, 408.02, 633370, 72, 19330, 0
1642, 96, 49, 55, 0, 0, 30.90%, 22, 0, 10, 127.62, 635129, 72, 19395, 0
1648, 96, 49, 55, 0, 0, 30.90%, 22, 0, 10, 217.25, 636383, 72, 19452, 0
1653, 96, 29, 55, 0, 0, 30.90%, 22, 0, 10, 16.17, 637338, 72, 19496, 0
1658, 96, 53, 55, 0, 0, 30.90%, 22, 0, 10, 278.72, 638938, 72, 19565, 0
1663, 97, 49, 55, 0, 0, 30.90%, 22, 0, 10, 409.07, 641065, 72, 19624, 0
1669, 97, 12, 55, 0, 0, 30.90%, 22, 0, 10, 395.50, 642910, 72, 19691, 0
1674, 97, 13, 55, 0, 0, 30.90%, 22, 0, 10, 445.23, 645327, 72, 19738, 0
1679, 97, 53, 55, 0, 0, 30.90%, 22, 0, 10, 288.12, 646659, 72, 19796, 0
1684, 97, 49, 55, 0, 0, 30.90%, 22, 0, 10, 303.62, 648029, 72, 19857, 0
1689, 97, 34, 55, 0, 0, 30.90%, 22, 0, 10, 401.62, 650050, 72, 19925, 0
1694, 97, 2, 55, 0, 0, 30.90%, 22, 0, 10, 394.33, 652025, 72, 19997, 0
1699, 98, 45, 55, 0, 0, 30.90%, 22, 0, 10, 303.71, 653616, 72, 20056, 0
1704, 98, 34, 55, 0, 0, 30.90%, 22, 0, 10, 367.54, 655302, 72, 20110, 0
1709, 98, 49, 55, 0, 0, 30.90%, 22, 0, 10, 345.38, 657113, 72, 20178, 0
1714, 98, 51, 55, 0, 0, 30.90%, 22, 0, 10, 276.14, 658486, 72, 20235, 0
1719, 98, 50, 55, 0, 0, 30.90%, 22, 0, 10, 280.64, 659923, 72, 20300, 0
1724, 98, 29, 55, 0, 0, 30.90%, 22, 0, 10, 268.93, 661263, 72, 20379, 0
1730, 98, 49, 55, 0, 0, 30.90%, 22, 0, 10, 322.51, 663024, 72, 20458, 0
1735, 98, 48, 55, 0, 0, 30.90%, 22, 0, 10, 342.35, 664836, 72, 20529, 0
1740, 98, 29, 55, 0, 0, 30.90%, 22, 0, 10, 300.20, 666272, 72, 20598, 0
1745, 98, 46, 55, 0, 0, 30.90%, 22, 0, 10, 341.14, 667770, 72, 20647, 0
1750, 98, 49, 55, 0, 0, 30.90%, 22, 0, 10, 355.80, 669546, 72, 20724, 0
1755, 99, 49, 55, 0, 0, 30.90%, 22, 0, 10, 384.72, 671640, 72, 20791, 0
1760, 99, 49, 55, 0, 0, 30.90%, 22, 0, 10, 347.01, 673348, 72, 20857, 0
1765, 99, 49, 55, 0, 0, 30.90%, 22, 0, 10, 303.47, 674852, 72, 20931, 0
1770, 99, 34, 55, 0, 0, 30.90%, 22, 0, 10, 308.13, 676382, 72, 21008, 0
1775, 99, 49, 55, 0, 0, 30.90%, 22, 0, 10, 354.30, 678219, 72, 21076, 0
1781, 99, 2, 55, 0, 0, 30.90%, 22, 0, 10, 346.34, 679964, 72, 21138, 0
1786, 99, 46, 55, 0, 0, 30.90%, 22, 0, 10, 349.86, 681685, 72, 21189, 0
1791, 99, 2, 55, 0, 0, 30.90%, 22, 0, 10, 378.08, 683502, 72, 21263, 0
1796, 99, 39, 55, 0, 0, 30.90%, 22, 0, 10, 349.02, 685219, 72, 21323, 0
1801, 99, 49, 55, 0, 0, 30.90%, 22, 0, 10, 357.24, 687064, 72, 21391, 0
1806, 99, 49, 55, 0, 0, 30.90%, 22, 0, 10, 344.45, 688922, 72, 21460, 0
1811, 100, 13, 55, 0, 0, 30.90%, 22, 0, 10, 319.48, 690598, 72, 21536, 0
1816, 100, 46, 55, 0, 0, 30.90%, 22, 0, 10, 300.74, 692174, 72, 21603, 0
1822, 100, 50, 55, 0, 0, 30.90%, 22, 0, 10, 301.98, 693814, 72, 21673, 0
1827, 100, 5, 55, 0, 0, 30.90%, 22, 0, 10, 357.39, 695542, 72, 21739, 0
1832, 100, 50, 55, 0, 0, 30.90%, 22, 0, 10, 324.71, 697261, 72, 21809, 0
1837, 100, 46, 55, 0, 0, 30.90%, 22, 0, 10, 361.31, 699127, 72, 21864, 0
1842, 100, 54, 55, 0, 0, 30.90%, 22, 0, 10, 261.20, 700446, 72, 21941, 0
1847, 100, 46, 55, 0, 0, 30.90%, 22, 0, 10, 307.27, 702043, 72, 22014, 0
1852, 100, 46, 55, 0, 0, 30.90%, 22, 0, 10, 388.36, 704022, 72, 22087, 0
1858, 100, 49, 55, 0, 0, 30.90%, 22, 0, 10, 365.37, 705693, 72, 22157, 0
1863, 100, 49, 55, 0, 0, 30.90%, 22, 0, 10, 329.89, 707310, 72, 22231, 0
1868, 100, 27, 55, 0, 0, 30.90%, 22, 0, 10, 317.75, 708893, 72, 22303, 0
1873, 101, 46, 55, 0, 0, 30.90%, 22, 0, 10, 361.54, 710788, 72, 22372, 0
1878, 101, 12, 55, 0, 0, 30.90%, 22, 0, 10, 344.43, 712401, 72, 22447, 0
1883, 101, 29, 55, 0, 0, 30.90%, 22, 0, 10, 354.35, 714286, 72, 22523, 0
1888, 101, 50, 55, 0, 0, 30.90%, 22, 0, 10, 333.64, 716048, 72, 22605, 0
1893, 101, 34, 55, 0, 0, 30.90%, 22, 0, 10, 454.79, 718043, 72, 22673, 0
1898, 101, 7, 55, 0, 0, 30.90%, 22, 0, 10, 389.28, 719990, 72, 22743, 0
1904, 101, 20, 55, 0, 0, 30.90%, 22, 0, 10, 388.70, 721928, 72, 22819, 0
1909, 101, 46, 55, 0, 0, 30.90%, 22, 0, 10, 344.54, 723673, 72, 22901, 0
1914, 101, 46, 55, 0, 0, 30.90%, 22, 0, 10, 341.45, 725467, 72, 22969, 0
1919, 101, 46, 55, 0, 0, 30.90%, 22, 0, 10, 358.73, 727370, 72, 23043, 0
1924, 101, 46, 55, 0, 0, 30.90%, 22, 0, 10, 327.54, 729043, 72, 23129, 0
1929, 101, 46, 55, 0, 0, 30.90%, 22, 0, 10, 400.31, 731100, 72, 23202, 0
1934, 102, 13, 56, 1, 0, 30.90%, 22, 0, 10, 368.88, 732903, 72, 23289, 0
1940, 102, 17, 56, 0, 0, 30.90%, 22, 0, 10, 450.01, 735353, 72, 23318, 0
1945, 102, 34, 56, 0, 0, 30.90%, 22, 0, 10, 324.31, 737718, 72, 23367, 0
1950, 102, 2, 56, 0, 0, 30.90%, 22, 0, 10, 363.61, 739631, 72, 23431, 0
1955, 102, 49, 56, 0, 0, 30.90%, 22, 0, 10, 343.23, 741424, 72, 23494, 0
1960, 102, 49, 56, 0, 0, 30.90%, 22, 0, 10, 386.39, 743363, 72, 23562, 0
1965, 102, 15, 56, 0, 0, 30.90%, 22, 0, 10, 371.09, 745154, 72, 23635, 0
1970, 102, 46, 56, 0, 0, 30.90%, 22, 0, 10, 328.83, 746903, 72, 23709, 0
1976, 103, 17, 56, 0, 0, 30.90%, 22, 0, 10, 373.09, 748803, 72, 23791, 0
1981, 103, 20, 56, 0, 0, 30.90%, 22, 0, 10, 385.06, 750695, 72, 23859, 0
1986, 103, 48, 56, 0, 0, 30.90%, 22, 0, 10, 371.38, 752627, 72, 23941, 0
1991, 103, 49, 56, 0, 0, 30.90%, 22, 0, 10, 362.96, 754420, 72, 24018, 0
1996, 103, 31, 56, 0, 0, 30.90%, 22, 0, 10, 348.94, 756201, 72, 24091, 0
2001, 103, 49, 56, 0, 0, 30.90%, 22, 0, 10, 365.55, 758074, 72, 24165, 0
2006, 103, 46, 56, 0, 0, 30.90%, 22, 0, 10, 291.42, 759604, 72, 24247, 0
2012, 103, 12, 56, 0, 0, 30.90%, 22, 0, 10, 314.07, 761105, 72, 24303, 0
2017, 103, 46, 56, 0, 0, 30.90%, 22, 0, 10, 375.36, 762994, 72, 24366, 0
2022, 103, 29, 56, 0, 0, 30.90%, 22, 0, 10, 372.22, 764820, 72, 24439, 0
2027, 104, 12, 56, 0, 0, 30.90%, 22, 0, 10, 307.30, 766251, 72, 24504, 0
2032, 104, 49, 56, 0, 0, 30.90%, 22, 0, 10, 346.99, 768027, 72, 24589, 0
2037, 104, 7, 56, 0, 0, 30.90%, 22, 0, 10, 334.24, 769659, 72, 24672, 0
2042, 104, 27, 56, 0, 0, 30.90%, 22, 0, 10, 329.04, 771412, 72, 24752, 0
2047, 104, 46, 56, 0, 0, 30.90%, 22, 0, 10, 281.55, 772931, 72, 24830, 0
2053, 104, 46, 56, 0, 0, 30.90%, 22, 0, 10, 327.81, 774643, 72, 24897, 0
2058, 104, 34, 56, 0, 0, 30.90%, 22, 0, 10, 342.23, 776381, 72, 24967, 0
2063, 104, 27, 56, 0, 0, 30.90%, 22, 0, 10, 375.36, 778302, 72, 25040, 0
2068, 104, 49, 56, 0, 0, 30.90%, 22, 0, 10, 340.99, 780061, 72, 25117, 0
2073, 105, 50, 57, 1, 0, 30.90%, 22, 0, 10, 330.43, 781811, 72, 25183, 0
2078, 105, 19, 57, 1, 0, 30.90%, 22, 0, 10, 308.71, 783243, 72, 25271, 0
2083, 105, 46, 57, 1, 0, 30.90%, 22, 0, 10, 350.96, 785170, 72, 25330, 0
2088, 105, 54, 57, 1, 0, 30.90%, 22, 0, 10, 338.67, 786890, 72, 25398, 0
2094, 105, 49, 57, 1, 0, 30.90%, 22, 0, 10, 337.31, 788506, 72, 25467, 0
2099, 105, 53, 57, 1, 0, 30.90%, 22, 0, 10, 346.82, 790294, 72, 25542, 0
2104, 105, 53, 57, 1, 0, 30.90%, 22, 0, 10, 253.62, 791485, 72, 25607, 0
2109, 105, 49, 57, 1, 0, 30.90%, 22, 0, 10, 381.29, 793589, 72, 25667, 0
2114, 105, 5, 57, 1, 0, 30.90%, 22, 0, 10, 384.57, 795534, 72, 25740, 0
2119, 105, 48, 57, 1, 0, 30.90%, 22, 0, 10, 296.37, 797001, 72, 25818, 0
2124, 105, 46, 57, 1, 0, 30.90%, 22, 0, 10, 297.38, 798455, 72, 25901, 0
2129, 106, 46, 57, 1, 0, 30.90%, 22, 0, 10, 346.87, 800344, 72, 25969, 0
2134, 106, 15, 57, 1, 0, 30.90%, 22, 0, 10, 434.83, 802668, 72, 26026, 0
2139, 106, 27, 57, 0, 0, 30.90%, 22, 0, 10, 418.88, 804782, 72, 26068, 0
2145, 106, 49, 57, 0, 0, 30.90%, 22, 0, 10, 433.78, 807034, 72, 26127, 0
2150, 106, 46, 57, 0, 0, 30.90%, 22, 0, 10, 348.85, 808800, 72, 26206, 0
2155, 106, 46, 57, 0, 0, 30.90%, 22, 0, 10, 346.86, 810648, 72, 26266, 0
2160, 106, 46, 57, 0, 0, 30.90%, 22, 0, 10, 352.59, 812392, 72, 26330, 0
2165, 106, 49, 57, 0, 0, 30.90%, 22, 0, 10, 371.95, 814400, 72, 26399, 0
2170, 106, 49, 57, 0, 0, 30.90%, 22, 0, 10, 323.18, 816036, 72, 26471, 0
2175, 107, 48, 57, 0, 0, 30.90%, 22, 0, 10, 369.34, 817858, 72, 26536, 0
2180, 107, 21, 57, 0, 0, 30.90%, 22, 0, 10, 349.52, 819519, 72, 26596, 0
2185, 107, 42, 57, 0, 0, 30.90%, 22, 0, 10, 399.41, 821649, 72, 26660, 0
2190, 107, 29, 57, 0, 0, 30.90%, 22, 0, 10, 362.14, 823447, 72, 26736, 0
2196, 107, 13, 57, 0, 0, 30.90%, 22, 0, 10, 399.77, 825424, 72, 26814, 0
2201, 107, 9, 57, 0, 0, 30.90%, 22, 0, 10, 381.90, 827363, 72, 26893, 0
2206, 108, 34, 57, 0, 0, 30.90%, 22, 0, 10, 377.16, 829295, 72, 26965, 0
2211, 108, 46, 57, 0, 0, 30.90%, 22, 0, 10, 325.06, 830819, 72, 27045, 0
2216, 108, 49, 57, 0, 0, 30.90%, 22, 0, 10, 359.02, 832809, 72, 27119, 0
2221, 108, 49, 57, 0, 0, 30.90%, 22, 0, 10, 360.70, 834586, 72, 27192, 0
2226, 108, 29, 57, 0, 0, 30.90%, 22, 0, 10, 366.97, 836360, 72, 27267, 0
2231, 108, 49, 57, 0, 0, 30.90%, 22, 0, 10, 363.19, 838186, 72, 27341, 0
2237, 108, 29, 57, 0, 0, 30.90%, 22, 0, 10, 368.35, 840081, 72, 27409, 0
2242, 108, 53, 57, 0, 0, 30.90%, 22, 0, 10, 340.64, 841845, 72, 27479, 0
2247, 108, 46, 57, 0, 0, 30.90%, 22, 0, 10, 274.90, 843133, 72, 27557, 0
2252, 108, 39, 57, 0, 0, 30.90%, 22, 0, 10, 345.03, 844911, 72, 27624, 0
2257, 108, 46, 57, 0, 0, 30.90%, 22, 0, 10, 372.29, 846919, 72, 27693, 0
2262, 108, 49, 57, 0, 0, 30.90%, 22, 0, 10, 349.87, 848666, 72, 27769, 0
2267, 109, 17, 58, 1, 0, 30.90%, 22, 0, 10, 424.83, 850694, 72, 27831, 0
2272, 109, 49, 58, 1, 0, 30.90%, 22, 0, 10, 383.40, 852601, 72, 27906, 0
2277, 109, 57, 58, 1, 0, 30.90%, 22, 0, 10, 258.39, 853791, 72, 27915, 0
2282, 109, 49, 58, 0, 0, 30.90%, 22, 0, 10, 239.03, 854837, 72, 27945, 0
2288, 109, 49, 58, 0, 0, 30.90%, 22, 0, 10, 333.90, 856596, 72, 28016, 0
2293, 109, 7, 58, 0, 0, 30.90%, 22, 0, 10, 341.16, 858302, 72, 28107, 0
2298, 109, 49, 58, 0, 0, 30.90%, 22, 0, 10, 378.53, 860295, 72, 28170, 0
2303, 109, 54, 58, 0, 0, 30.90%, 22, 0, 10, 346.08, 862057, 72, 28243, 0
2308, 109, 46, 58, 0, 0, 30.90%, 22, 0, 10, 327.40, 863763, 72, 28314, 0
2313, 109, 49, 58, 0, 0, 30.90%, 22, 0, 10, 321.23, 865427, 72, 28395, 0
2318, 109, 20, 58, 0, 0, 30.90%, 22, 0, 10, 348.96, 867178, 72, 28470, 0
2323, 110, 56, 58, 0, 0, 30.90%, 22, 0, 10, 394.06, 869154, 72, 28527, 0
2328, 110, 29, 58, 0, 0, 30.90%, 22, 0, 10, 366.70, 871012, 72, 28589, 0
2333, 110, 49, 58, 0, 0, 30.90%, 22, 0, 10, 378.10, 873012, 72, 28667, 0
2338, 110, 49, 58, 0, 0, 30.90%, 22, 0, 10, 352.49, 874775, 72, 28742, 0
2344, 110, 42, 58, 0, 0, 30.90%, 22, 0, 10, 389.29, 876729, 72, 28823, 0
2349, 110, 26, 58, 0, 0, 30.90%, 22, 0, 10, 434.78, 878918, 72, 28869, 0
2354, 110, 50, 58, 0, 0, 30.90%, 22, 0, 10, 308.18, 880292, 72, 28946, 0
2359, 110, 27, 58, 0, 0, 30.90%, 22, 0, 10, 299.75, 881762, 72, 29029, 0
2364, 111, 5, 58, 0, 0, 30.90%, 22, 0, 10, 370.19, 883721, 72, 29089, 0
2369, 111, 57, 58, 0, 0, 30.90%, 22, 0, 10, 383.87, 885752, 72, 29144, 0
2374, 111, 49, 58, 0, 0, 30.90%, 22, 0, 10, 389.97, 887697, 72, 29221, 0
2379, 111, 46, 58, 0, 0, 30.90%, 22, 0, 10, 431.38, 889958, 72, 29273, 0
2384, 111, 34, 58, 0, 0, 30.90%, 22, 0, 10, 464.46, 892175, 72, 29330, 0
2389, 111, 50, 58, 0, 0, 30.90%, 22, 0, 10, 323.27, 893655, 72, 29395, 0
2394, 111, 29, 58, 0, 0, 30.90%, 22, 0, 10, 281.82, 894995, 72, 29481, 0
2399, 112, 50, 58, 0, 0, 30.90%, 22, 0, 10, 333.93, 896773, 72, 29550, 0
2404, 112, 50, 58, 0, 0, 30.90%, 22, 0, 10, 275.12, 898068, 72, 29622, 0
2410, 112, 49, 58, 0, 0, 30.90%, 22, 0, 10, 315.47, 899725, 72, 29691, 0
2415, 112, 51, 58, 0, 0, 30.90%, 22, 0, 10, 334.60, 901367, 72, 29765, 0
2420, 112, 34, 58, 0, 0, 30.90%, 22, 0, 10, 345.47, 903015, 72, 29845, 0
2425, 112, 48, 58, 0, 0, 30.90%, 22, 0, 10, 353.25, 904901, 72, 29922, 0
2430, 112, 13, 58, 0, 0, 30.90%, 22, 0, 10, 365.18, 906710, 72, 29997, 0
2435, 112, 53, 58, 0, 0, 30.90%, 22, 0, 10, 356.83, 908617, 72, 30060, 0
2440, 112, 20, 58, 0, 0, 30.90%, 22, 0, 10, 290.10, 909924, 72, 30150, 0
2445, 112, 49, 58, 0, 0, 30.90%, 22, 0, 10, 307.52, 911508, 72, 30238, 0
2450, 112, 46, 58, 0, 0, 30.90%, 22, 0, 10, 308.63, 913122, 72, 30313, 0
2455, 113, 19, 58, 0, 0, 30.90%, 22, 0, 10, 439.50, 915526, 72, 30361, 0
2461, 113, 20, 58, 0, 0, 30.90%, 22, 0, 10, 352.12, 917313, 72, 30439, 0
2466, 113, 49, 58, 0, 0, 30.90%, 22, 0, 10, 356.43, 919199, 72, 30521, 0
2471, 113, 49, 58, 0, 0, 30.90%, 22, 0, 10, 335.23, 920913, 72, 30596, 0
2476, 113, 5, 58, 0, 0, 30.90%, 22, 0, 10, 311.45, 922509, 72, 30674, 0
2481, 113, 53, 58, 0, 0, 30.90%, 22, 0, 10, 271.28, 923902, 72, 30761, 0
2486, 113, 29, 58, 0, 0, 30.90%, 22, 0, 10, 362.42, 925759, 72, 30817, 0
2492, 114, 46, 58, 0, 0, 30.90%, 22, 0, 10, 362.83, 927621, 72, 30879, 0
2497, 114, 49, 58, 0, 0, 30.90%, 22, 0, 10, 332.41, 929301, 72, 30965, 0
2502, 114, 29, 58, 0, 0, 30.90%, 22, 0, 10, 371.78, 931353, 72, 31022, 0
2507, 114, 50, 58, 0, 0, 30.90%, 22, 0, 10, 213.08, 932566, 72, 31082, 0
2512, 114, 50, 58, 0, 0, 30.90%, 22, 0, 10, 227.22, 933726, 72, 31152, 0
2517, 114, 49, 58, 0, 0, 30.90%, 22, 0, 10, 346.55, 935688, 72, 31221, 0
2522, 114, 17, 58, 0, 0, 30.90%, 22, 0, 10, 342.08, 937410, 72, 31289, 0
2527, 114, 55, 58, 0, 0, 30.90%, 22, 0, 10, 403.27, 939570, 72, 31335, 0
2532, 114, 49, 58, 0, 0, 30.90%, 22, 0, 10, 352.34, 941339, 72, 31412, 0
2538, 115, 41, 58, 0, 0, 30.90%, 22, 0, 10, 344.14, 943128, 72, 31503, 0
2543, 115, 5, 58, 0, 0, 30.90%, 22, 0, 10, 334.89, 944831, 72, 31576, 0
2548, 115, 49, 58, 0, 0, 30.90%, 22, 0, 10, 351.46, 946730, 72, 31652, 0
2553, 115, 20, 58, 0, 0, 30.90%, 22, 0, 10, 402.66, 948764, 72, 31722, 0
2553, 115, 20, 58, 0, 0, 30.90%, 22, 0, 10, 0.00, 948777, 72, 31722, 0
2558, 115, 53, 58, 0, 0, 30.90%, 22, 0, 10, 350.81, 950549, 72, 31800, 0
2563, 115, 49, 58, 0, 0, 30.90%, 22, 0, 10, 364.04, 952466, 72, 31872, 0
2568, 115, 29, 58, 0, 0, 30.90%, 22, 0, 10, 337.13, 954145, 72, 31956, 0
2573, 115, 49, 58, 0, 0, 30.90%, 22, 0, 10, 339.18, 955827, 72, 32039, 0
2578, 115, 48, 58, 0, 0, 30.90%, 22, 0, 10, 384.78, 957834, 72, 32112, 0
2583, 115, 29, 58, 0, 0, 30.90%, 22, 0, 10, 351.50, 959493, 72, 32186, 0
2589, 116, 49, 58, 0, 0, 30.90%, 22, 0, 10, 337.28, 961190, 72, 32248, 0
2594, 116, 49, 58, 0, 0, 30.90%, 22, 0, 10, 334.40, 962934, 72, 32318, 0
2599, 116, 49, 58, 0, 0, 30.90%, 22, 0, 10, 319.06, 964550, 72, 32396, 0
2604, 116, 49, 58, 0, 0, 30.90%, 22, 0, 10, 309.84, 966174, 72, 32465, 0
2609, 116, 27, 58, 0, 0, 30.90%, 22, 0, 10, 353.42, 967928, 72, 32532, 0
2614, 116, 12, 58, 0, 0, 30.90%, 22, 0, 10, 416.60, 970011, 72, 32600, 0
2619, 116, 49, 58, 0, 0, 30.90%, 22, 0, 10, 368.20, 971863, 72, 32672, 0
2624, 116, 49, 58, 0, 0, 30.90%, 22, 0, 10, 319.70, 973531, 72, 32744, 0
2629, 116, 49, 58, 0, 0, 30.90%, 22, 0, 10, 355.39, 975343, 72, 32825, 0
2635, 116, 49, 58, 0, 0, 30.90%, 22, 0, 10, 336.90, 977044, 72, 32912, 0
2640, 116, 48, 58, 0, 0, 30.90%, 22, 0, 10, 314.74, 978767, 72, 32981, 0
2645, 116, 29, 58, 0, 0, 30.90%, 22, 0, 10, 298.24, 980198, 72, 33072, 0
2650, 117, 29, 58, 0, 0, 30.90%, 22, 0, 10, 343.96, 982067, 72, 33129, 0
2655, 117, 46, 58, 0, 0, 30.90%, 22, 0, 10, 345.62, 983839, 72, 33204, 0
2660, 117, 49, 58, 0, 0, 30.90%, 22, 0, 10, 384.91, 985850, 72, 33268, 0
2665, 117, 34, 58, 0, 0, 30.90%, 22, 0, 10, 342.12, 987551, 72, 33349, 0
2670, 117, 46, 58, 0, 0, 30.90%, 22, 0, 10, 384.29, 989514, 72, 33416, 0
2675, 117, 49, 58, 0, 0, 30.90%, 22, 0, 10, 369.26, 991398, 72, 33483, 0
2681, 117, 27, 58, 0, 0, 30.90%, 22, 0, 10, 342.23, 993079, 72, 33567, 0
2686, 117, 49, 58, 0, 0, 30.90%, 22, 0, 10, 313.25, 994712, 72, 33637, 0
2691, 118, 38, 58, 0, 0, 30.90%, 22, 0, 10, 376.04, 996796, 72, 33695, 0
2696, 118, 55, 58, 0, 0, 30.90%, 22, 0, 10, 362.32, 998575, 72, 33767, 0
2701, 118, 53, 58, 0, 0, 30.90%, 22, 0, 10, 412.55, 1000773, 72, 33814, 0
2706, 118, 34, 58, 0, 0, 30.90%, 22, 0, 10, 300.60, 1002093, 72, 33893, 0
2711, 118, 52, 58, 0, 0, 30.90%, 22, 0, 10, 329.74, 1004001, 72, 33960, 0
2716, 118, 46, 58, 0, 0, 30.90%, 22, 0, 10, 328.26, 1005565, 72, 34041, 0
2722, 118, 56, 58, 0, 0, 30.90%, 22, 0, 10, 346.48, 1007406, 72, 34099, 0
2727, 118, 48, 58, 0, 0, 30.90%, 22, 0, 10, 270.29, 1008666, 72, 34164, 0
2732, 119, 49, 58, 0, 0, 30.90%, 22, 0, 10, 381.45, 1010779, 72, 34224, 0
2737, 119, 27, 58, 0, 0, 30.90%, 22, 0, 10, 394.23, 1012699, 72, 34291, 0
2742, 119, 6, 58, 0, 0, 30.90%, 22, 0, 10, 398.47, 1014703, 72, 34366, 0
2747, 119, 49, 58, 0, 0, 30.90%, 22, 0, 10, 371.27, 1016661, 72, 34432, 0
2752, 119, 49, 58, 0, 0, 30.90%, 22, 0, 10, 342.94, 1018193, 72, 34495, 0
2757, 119, 49, 58, 0, 0, 30.90%, 22, 0, 10, 282.85, 1019564, 72, 34570, 0
2762, 119, 46, 58, 0, 0, 30.90%, 22, 0, 10, 332.11, 1021409, 72, 34633, 0
2767, 119, 46, 58, 0, 0, 30.90%, 22, 0, 10, 317.51, 1022993, 72, 34702, 0
2772, 119, 49, 58, 0, 0, 30.90%, 22, 0, 10, 319.71, 1024607, 72, 34783, 0
2778, 119, 49, 58, 0, 0, 30.90%, 22, 0, 10, 349.10, 1026395, 72, 34864, 0
2783, 119, 49, 58, 0, 0, 30.90%, 22, 0, 10, 340.12, 1028181, 72, 34941, 0
2788, 119, 46, 58, 0, 0, 30.90%, 22, 0, 10, 356.89, 1030065, 72, 35011, 0
2793, 119, 49, 58, 0, 0, 30.90%, 22, 0, 10, 339.84, 1031798, 72, 35081, 0
2798, 120, 49, 58, 0, 0, 30.90%, 22, 0, 10, 348.41, 1033581, 72, 35155, 0
2803, 120, 19, 58, 0, 0, 30.90%, 22, 0, 10, 337.53, 1035328, 72, 35223, 0
2808, 120, 49, 58, 0, 0, 30.90%, 22, 0, 10, 352.29, 1037110, 72, 35292, 0
2813, 120, 29, 58, 0, 0, 30.90%, 22, 0, 10, 340.95, 1038582, 72, 35347, 0
2818, 120, 27, 58, 0, 0, 30.90%, 22, 0, 10, 431.22, 1039277, 72, 35378, 0
2824, 120, 46, 58, 0, 0, 30.90%, 22, 0, 10, 73.44, 1040688, 72, 35430, 0
2829, 120, 20, 58, 0, 0, 30.90%, 22, 0, 10, 213.52, 1041953, 72, 35480, 0
2834, 120, 34, 58, 0, 0, 30.90%, 22, 0, 10, 362.64, 1043695, 72, 35533, 0
2839, 120, 29, 58, 0, 0, 30.90%, 22, 0, 10, 402.61, 1045235, 72, 35578, 0
2844, 120, 46, 58, 0, 0, 30.90%, 22, 0, 10, 385.56, 1046431, 72, 35635, 0
2849, 121, 27, 58, 0, 0, 30.90%, 22, 0, 10, 333.01, 1048015, 72, 35679, 0
2854, 121, 49, 58, 0, 0, 30.90%, 22, 0, 10, 197.35, 1049475, 72, 35732, 0
2859, 121, 49, 58, 0, 0, 30.90%, 22, 0, 10, 13.24, 1050426, 72, 35777, 0
2865, 121, 17, 58, 0, 0, 30.90%, 22, 0, 10, 26.94, 1051778, 72, 35824, 0
2870, 121, 55, 58, 0, 0, 30.90%, 22, 0, 10, 56.03, 1053556, 72, 35851, 0
2875, 121, 29, 58, 0, 0, 30.90%, 22, 0, 10, 421.62, 1055380, 72, 35900, 0
2880, 121, 49, 58, 0, 0, 30.90%, 22, 0, 10, 402.21, 1057287, 72, 35946, 0
2885, 121, 49, 58, 0, 0, 30.90%, 22, 0, 10, 314.01, 1058694, 72, 36009, 0
2890, 121, 49, 58, 0, 0, 30.90%, 22, 0, 10, 357.16, 1060116, 72, 36053, 0
2895, 121, 49, 58, 0, 0, 30.90%, 22, 0, 10, 342.73, 1061225, 72, 36117, 0
2901, 122, 27, 58, 0, 0, 30.90%, 22, 0, 10, 301.81, 1062817, 72, 36180, 0
2906, 122, 46, 58, 0, 0, 30.90%, 22, 0, 10, 310.37, 1064346, 72, 36239, 0
2911, 122, 29, 58, 0, 0, 30.90%, 22, 0, 10, 366.40, 1066286, 72, 36306, 0
2916, 122, 49, 58, 0, 0, 30.90%, 22, 0, 10, 370.82, 1067734, 72, 36353, 0
2921, 122, 15, 58, 0, 0, 30.90%, 22, 0, 10, 362.56, 1069457, 72, 36413, 0
2926, 122, 49, 58, 0, 0, 30.90%, 22, 0, 10, 369.03, 1071308, 72, 36476, 0
2931, 122, 2, 58, 0, 0, 30.90%, 22, 0, 10, 353.08, 1073066, 72, 36559, 0
2936, 122, 50, 58, 0, 0, 30.90%, 22, 0, 10, 342.52, 1074934, 72, 36622, 0
2941, 122, 50, 58, 0, 0, 30.90%, 22, 0, 10, 298.84, 1076361, 72, 36687, 0
2947, 123, 49, 58, 0, 0, 30.90%, 22, 0, 10, 396.85, 1078369, 72, 36742, 0
2952, 123, 13, 58, 0, 0, 30.90%, 22, 0, 10, 384.84, 1080266, 72, 36824, 0
2957, 123, 27, 58, 0, 0, 30.90%, 22, 0, 10, 346.62, 1082021, 72, 36902, 0
2962, 123, 46, 58, 0, 0, 30.90%, 22, 0, 10, 313.04, 1083375, 72, 36954, 0
2967, 123, 26, 58, 0, 0, 30.90%, 22, 0, 10, 339.15, 1085137, 72, 37032, 0
2972, 123, 46, 58, 0, 0, 30.90%, 22, 0, 10, 370.49, 1087037, 72, 37108, 0
2977, 123, 49, 58, 0, 0, 30.90%, 22, 0, 10, 326.96, 1088644, 72, 37189, 0
2982, 123, 34, 58, 0, 0, 30.90%, 22, 0, 10, 434.11, 1090837, 72, 37245, 0
2987, 123, 49, 58, 0, 0, 30.90%, 22, 0, 10, 376.40, 1092765, 72, 37316, 0
2992, 124, 56, 58, 0, 0, 30.90%, 22, 0, 10, 420.08, 1094820, 72, 37373, 0
2998, 124, 49, 58, 0, 0, 30.90%, 22, 0, 10, 340.59, 1096436, 72, 37439, 0
3003, 124, 49, 58, 0, 0, 30.90%, 22, 0, 10, 300.95, 1097968, 72, 37528, 0
3003, 124, 49, 58, 0, 0, 30.90%, 22, 0, 10, 0.00, 1097996, 72, 37529, 0
3008, 124, 15, 58, 0, 0, 30.90%, 22, 0, 10, 337.43, 1099660, 72, 37601, 0
3013, 124, 46, 58, 0, 0, 30.90%, 22, 0, 10, 328.49, 1101141, 72, 37645, 0
3018, 124, 49, 58, 0, 0, 30.90%, 22, 0, 10, 332.42, 1102821, 72, 37728, 0
3023, 124, 49, 58, 0, 0, 30.90%, 22, 0, 10, 305.81, 1104399, 72, 37808, 0
3029, 124, 34, 58, 0, 0, 30.90%, 22, 0, 10, 422.89, 1106585, 72, 37861, 0
3034, 124, 49, 58, 0, 0, 30.90%, 22, 0, 10, 327.31, 1108173, 72, 37925, 0
3039, 124, 7, 58, 0, 0, 30.90%, 22, 0, 10, 324.95, 1109805, 72, 38004, 0
3044, 125, 27, 58, 0, 0, 30.90%, 22, 0, 10, 269.61, 1110955, 72, 38042, 0
3049, 125, 48, 58, 0, 0, 30.90%, 22, 0, 10, 311.30, 1112700, 72, 38118, 0
3054, 125, 49, 58, 0, 0, 30.90%, 22, 0, 10, 327.87, 1114386, 72, 38199, 0
3059, 125, 49, 58, 0, 0, 30.90%, 22, 0, 10, 335.20, 1116090, 72, 38263, 0
3064, 125, 49, 58, 0, 0, 30.90%, 22, 0, 10, 336.70, 1117907, 72, 38335, 0
3069, 125, 49, 58, 0, 0, 30.90%, 22, 0, 10, 328.76, 1119575, 72, 38401, 0
3074, 125, 56, 58, 0, 0, 30.90%, 22, 0, 10, 353.99, 1121392, 72, 38482, 0
3079, 125, 12, 58, 0, 0, 30.90%, 22, 0, 10, 343.12, 1123161, 72, 38541, 0
3084, 125, 49, 58, 0, 0, 30.90%, 22, 0, 10, 346.51, 1124905, 72, 38621, 0
3090, 125, 50, 58, 0, 0, 30.90%, 22, 0, 10, 315.18, 1126615, 72, 38698, 0
3095, 125, 49, 58, 0, 0, 30.90%, 22, 0, 10, 337.47, 1128289, 72, 38772, 0
3100, 125, 29, 58, 0, 0, 30.90%, 22, 0, 10, 311.11, 1129801, 72, 38863, 0
3105, 126, 53, 58, 0, 0, 30.90%, 22, 0, 10, 307.58, 1131597, 72, 38921, 0
3110, 126, 17, 58, 0, 0, 30.90%, 22, 0, 10, 317.95, 1133127, 72, 38985, 0
3115, 126, 57, 58, 0, 0, 30.90%, 22, 0, 10, 257.14, 1134380, 72, 39020, 0
3120, 126, 50, 58, 0, 0, 30.90%, 22, 0, 10, 352.00, 1135596, 72, 39066, 0
3125, 126, 15, 58, 0, 0, 30.90%, 22, 0, 10, 305.84, 1137089, 72, 39147, 0
3130, 126, 50, 58, 0, 0, 30.90%, 22, 0, 10, 296.81, 1138669, 72, 39216, 0
3136, 126, 5, 58, 0, 0, 30.90%, 22, 0, 10, 321.12, 1140163, 72, 39278, 0
3141, 126, 46, 58, 0, 0, 30.90%, 22, 0, 10, 311.31, 1141819, 72, 39350, 0
3146, 126, 29, 58, 0, 0, 30.90%, 22, 0, 10, 361.57, 1143820, 72, 39412, 0
3151, 127, 46, 58, 0, 0, 30.90%, 22, 0, 10, 299.89, 1145257, 72, 39486, 0
3156, 127, 31, 58, 0, 0, 30.90%, 22, 0, 10, 356.03, 1147089, 72, 39538, 0
3161, 127, 50, 58, 0, 0, 30.90%, 22, 0, 10, 298.62, 1148509, 72, 39601, 0
3166, 127, 29, 58, 0, 0, 30.90%, 22, 0, 10, 345.87, 1150277, 72, 39666, 0
3171, 127, 55, 58, 0, 0, 30.90%, 22, 0, 10, 340.12, 1151938, 72, 39733, 0
3176, 127, 17, 58, 0, 0, 30.90%, 22, 0, 10, 408.57, 1154135, 72, 39779, 0
3182, 127, 49, 58, 0, 0, 30.90%, 22, 0, 10, 401.57, 1156154, 72, 39838, 0
3187, 127, 49, 58, 0, 0, 30.90%, 22, 0, 10, 343.59, 1157794, 72, 39898, 0
3192, 127, 49, 58, 0, 0, 30.90%, 22, 0, 10, 317.12, 1159384, 72, 39967, 0
3197, 128, 49, 58, 0, 0, 30.90%, 22, 0, 10, 334.66, 1161174, 72, 40036, 0
3202, 128, 49, 58, 0, 0, 30.90%, 22, 0, 10, 361.26, 1163093, 72, 40108, 0
3207, 128, 49, 58, 0, 0, 30.90%, 22, 0, 10, 365.90, 1164976, 72, 40174, 0
3212, 128, 49, 58, 0, 0, 30.90%, 22, 0, 10, 335.04, 1166639, 72, 40251, 0
3217, 128, 49, 58, 0, 0, 30.90%, 22, 0, 10, 394.91, 1168606, 72, 40311, 0
3222, 128, 49, 58, 0, 0, 30.90%, 22, 0, 10, 313.94, 1170164, 72, 40390, 0
3227, 128, 49, 58, 0, 0, 30.90%, 22, 0, 10, 302.54, 1171704, 72, 40467, 0
3233, 128, 49, 58, 0, 0, 30.90%, 22, 0, 10, 308.71, 1173324, 72, 40542, 0
3238, 128, 20, 58, 0, 0, 30.90%, 22, 0, 10, 346.69, 1175114, 72, 40600, 0
3243, 128, 49, 58, 0, 0, 30.90%, 22, 0, 10, 346.67, 1176927, 72, 40661, 0
3248, 128, 27, 58, 0, 0, 30.90%, 22, 0, 10, 354.33, 1178603, 72, 40732, 0
3253, 128, 50, 58, 0, 0, 30.90%, 22, 0, 10, 312.75, 1180161, 72, 40807, 0
3258, 128, 34, 58, 0, 0, 30.90%, 22, 0, 10, 369.54, 1182003, 72, 40877, 0
3263, 129, 49, 58, 0, 0, 30.90%, 22, 0, 10, 391.99, 1184069, 72, 40945, 0
3268, 129, 17, 58, 0, 0, 30.90%, 22, 0, 10, 379.74, 1185943, 72, 41030, 0
3274, 129, 27, 58, 0, 0, 30.90%, 22, 0, 10, 371.74, 1187851, 72, 41091, 0
3279, 129, 49, 58, 0, 0, 30.90%, 22, 0, 10, 311.43, 1189407, 72, 41159, 0
3284, 129, 46, 58, 0, 0, 30.90%, 22, 0, 10, 358.41, 1191198, 72, 41223, 0
3289, 129, 48, 58, 0, 0, 30.90%, 22, 0, 10, 332.25, 1192879, 72, 41309, 0
3294, 129, 49, 58, 0, 0, 30.90%, 22, 0, 10, 344.83, 1194627, 72, 41392, 0
3299, 129, 12, 58, 0, 0, 30.90%, 22, 0, 10, 341.78, 1196295, 72, 41464, 0
3304, 129, 49, 58, 0, 0, 30.90%, 22, 0, 10, 360.30, 1197445, 72, 41492, 0
3309, 130, 7, 58, 0, 0, 30.90%, 22, 0, 10, 334.58, 1199033, 72, 41575, 0
3314, 130, 12, 58, 0, 0, 30.90%, 22, 0, 10, 381.82, 1200952, 72, 41646, 0
3320, 130, 31, 58, 0, 0, 30.90%, 22, 0, 10, 343.58, 1202630, 72, 41714, 0
3325, 130, 49, 58, 0, 0, 30.90%, 22, 0, 10, 296.46, 1204128, 72, 41778, 0
3330, 130, 49, 58, 0, 0, 30.90%, 22, 0, 10, 338.19, 1205862, 72, 41839, 0
3335, 130, 50, 58, 0, 0, 30.90%, 22, 0, 10, 298.50, 1207350, 72, 41920, 0
3340, 130, 50, 58, 0, 0, 30.90%, 22, 0, 10, 274.75, 1208747, 72, 41987, 0
3345, 130, 20, 58, 0, 0, 30.90%, 22, 0, 10, 257.87, 1210189, 72, 42045, 0
3350, 130, 37, 58, 0, 0, 30.90%, 22, 0, 10, 345.58, 1212146, 72, 42098, 0
3356, 131, 55, 58, 0, 0, 30.90%, 22, 0, 10, 337.44, 1213961, 72, 42160, 0
3361, 131, 49, 58, 0, 0, 30.90%, 22, 0, 10, 360.34, 1215939, 72, 42208, 0
3366, 131, 46, 58, 0, 0, 30.90%, 22, 0, 10, 341.42, 1217682, 72, 42283, 0
3371, 131, 29, 58, 0, 0, 30.90%, 22, 0, 10, 333.40, 1219473, 72, 42341, 0
3376, 131, 49, 58, 0, 0, 30.90%, 22, 0, 10, 322.34, 1221147, 72, 42416, 0
3381, 131, 45, 58, 0, 0, 30.90%, 22, 0, 10, 326.20, 1222750, 72, 42486, 0
3386, 131, 49, 58, 0, 0, 30.90%, 22, 0, 10, 355.55, 1224627, 72, 42562, 0
3391, 131, 46, 58, 0, 0, 30.90%, 22, 0, 10, 349.90, 1226436, 72, 42625, 0
3397, 131, 39, 58, 0, 0, 30.90%, 22, 0, 10, 298.55, 1227998, 72, 42688, 0
3402, 131, 49, 58, 0, 0, 30.90%, 22, 0, 10, 318.19, 1229572, 72, 42740, 0
3407, 132, 57, 59, 1, 0, 30.90%, 22, 0, 10, 49.02, 1230884, 72, 42775, 0
3412, 132, 58, 59, 1, 0, 30.90%, 22, 0, 10, 430.25, 1231937, 72, 42806, 0
3417, 132, 58, 59, 1, 0, 30.90%, 22, 0, 10, 232.22, 1232597, 72, 42806, 0
3422, 132, 58, 59, 1, 0, 30.90%, 22, 0, 10, 102.94, 1233234, 72, 42806, 0
3427, 132, 12, 59, 0, 0, 30.90%, 22, 0, 10, 523.47, 1233859, 72, 42816, 0
3432, 132, 46, 59, 0, 0, 30.90%, 22, 0, 10, 392.72, 1235670, 72, 42884, 0
3437, 132, 57, 59, 0, 0, 30.90%, 22, 0, 10, 501.71, 1237222, 72, 42924, 0
3443, 132, 39, 59, 0, 0, 30.90%, 22, 0, 10, 366.17, 1238933, 72, 42987, 0
3448, 132, 49, 59, 0, 0, 30.90%, 22, 0, 10, 370.43, 1240771, 72, 43064, 0
3453, 132, 12, 59, 0, 0, 30.90%, 22, 0, 10, 401.47, 1242781, 72, 43135, 0
3458, 133, 49, 59, 0, 0, 30.90%, 22, 0, 10, 391.57, 1244807, 72, 43206, 0
3463, 133, 12, 59, 0, 0, 30.90%, 22, 0, 10, 392.84, 1246698, 72, 43283, 0
3468, 133, 34, 59, 0, 0, 30.90%, 22, 0, 10, 376.09, 1248666, 72, 43345, 0
3473, 133, 19, 59, 0, 0, 30.90%, 22, 0, 10, 397.45, 1250659, 72, 43425, 0
3478, 133, 46, 59, 0, 0, 30.90%, 22, 0, 10, 346.45, 1252465, 72, 43504, 0
3483, 133, 49, 59, 0, 0, 30.90%, 22, 0, 10, 357.77, 1254290, 72, 43587, 0
3488, 133, 49, 59, 0, 0, 30.90%, 22, 0, 10, 364.59, 1256168, 72, 43664, 0
3493, 133, 46, 59, 0, 0, 30.90%, 22, 0, 10, 351.09, 1257890, 72, 43742, 0
3498, 133, 49, 59, 0, 0, 30.90%, 22, 0, 10, 395.67, 1260043, 72, 43796, 0
3504, 133, 38, 59, 0, 0, 30.90%, 22, 0, 10, 407.58, 1262073, 72, 43861, 0
3509, 134, 57, 59, 0, 0, 30.90%, 22, 0, 10, 386.90, 1263978, 72, 43928, 0
3514, 134, 49, 59, 0, 0, 30.90%, 23, 0, 10, 322.65, 1265390, 72, 44004, 0
3519, 134, 13, 59, 0, 0, 30.90%, 23, 0, 10, 332.47, 1267065, 72, 44080, 0
3524, 134, 49, 59, 0, 0, 30.90%, 23, 0, 10, 462.98, 1269103, 72, 44151, 0
3529, 134, 8, 59, 0, 0, 30.90%, 23, 0, 10, 422.23, 1270967, 72, 44214, 0
3534, 134, 49, 59, 0, 0, 30.90%, 23, 0, 10, 340.98, 1272624, 72, 44277, 0
3539, 134, 48, 59, 0, 0, 30.90%, 23, 0, 10, 363.05, 1274449, 72, 44349, 0
3545, 134, 49, 59, 0, 0, 30.90%, 23, 0, 10, 320.58, 1275952, 72, 44418, 0
3550, 134, 49, 59, 0, 0, 30.90%, 23, 0, 10, 326.31, 1277578, 72, 44503, 0
3555, 134, 46, 59, 0, 0, 30.90%, 23, 0, 10, 378.50, 1279515, 72, 44564, 0
3560, 135, 5, 59, 0, 0, 30.90%, 23, 0, 10, 299.54, 1280911, 72, 44616, 0
3565, 135, 46, 59, 0, 0, 30.90%, 23, 0, 10, 384.29, 1282957, 72, 44679, 0
3570, 135, 49, 59, 0, 0, 30.90%, 23, 0, 10, 393.97, 1284910, 72, 44753, 0
3575, 135, 53, 59, 0, 0, 30.90%, 23, 0, 10, 359.23, 1286779, 72, 44816, 0
3580, 135, 46, 59, 0, 0, 30.90%, 23, 0, 10, 333.49, 1288417, 72, 44908, 0
3585, 135, 57, 59, 0, 0, 30.90%, 23, 0, 10, 246.52, 1289658, 72, 44966, 0
3590, 135, 17, 59, 0, 0, 30.90%, 23, 0, 10, 382.59, 1291676, 72, 45008, 0
3595, 135, 53, 59, 0, 0, 30.90%, 23, 0, 10, 345.71, 1293398, 72, 45075, 0
3600, 135, 58, 59, 0, 0, 30.90%, 23, 0, 10, 61.82, 1294904, 72, 45122, 0
3606, 136, 50, 59, 0, 0, 30.90%, 23, 0, 10, 373.66, 1296594, 72, 45201, 0
3611, 136, 8, 59, 0, 0, 30.90%, 23, 0, 10, 373.60, 1298386, 72, 45282, 0
3616, 136, 49, 59, 0, 0, 30.90%, 23, 0, 10, 345.47, 1300115, 72, 45369, 0
3621, 136, 12, 59, 0, 0, 30.90%, 23, 0, 10, 414.71, 1302283, 72, 45430, 0
3626, 136, 29, 59, 0, 0, 30.90%, 23, 0, 10, 403.04, 1304532, 72, 45481, 0
3631, 136, 49, 59, 0, 0, 30.90%, 23, 0, 10, 346.76, 1306330, 72, 45555, 0
3636, 136, 2, 59, 0, 0, 30.90%, 23, 0, 10, 417.56, 1308353, 72, 45615, 0
3641, 137, 49, 59, 0, 0, 30.90%, 23, 0, 10, 399.61, 1310490, 72, 45675, 0
3646, 137, 46, 59, 0, 0, 30.90%, 23, 0, 10, 349.05, 1312195, 72, 45752, 0
3651, 137, 49, 59, 0, 0, 30.90%, 23, 0, 10, 345.00, 1314021, 72, 45829, 0
3657, 137, 53, 59, 0, 0, 30.90%, 23, 0, 10, 316.80, 1315673, 72, 45894, 0
3662, 137, 53, 59, 0, 0, 30.90%, 23, 0, 10, 277.62, 1316960, 72, 45959, 0
3667, 137, 53, 59, 0, 0, 30.90%, 23, 0, 10, 217.14, 1318043, 72, 46021, 0
3672, 137, 46, 59, 0, 0, 30.90%, 23, 0, 10, 339.16, 1319871, 72, 46082, 0
3677, 137, 46, 59, 0, 0, 30.90%, 23, 0, 10, 318.14, 1321491, 72, 46156, 0
3682, 137, 46, 59, 0, 0, 30.90%, 23, 0, 10, 283.68, 1323155, 72, 46208, 0
3687, 137, 46, 59, 0, 0, 30.90%, 23, 0, 10, 301.11, 1324659, 72, 46297, 0
3692, 138, 49, 59, 0, 0, 30.90%, 23, 0, 10, 331.84, 1326445, 72, 46371, 0
3697, 138, 49, 59, 0, 0, 30.90%, 23, 0, 10, 362.08, 1328365, 72, 46444, 0
3703, 138, 49, 59, 0, 0, 30.90%, 23, 0, 10, 309.75, 1329860, 72, 46528, 0
3708, 138, 47, 59, 0, 0, 30.90%, 23, 0, 10, 335.16, 1331734, 72, 46594, 0
3713, 138, 19, 59, 0, 0, 30.90%, 23, 0, 10, 229.43, 1332842, 72, 46659, 0
3718, 138, 19, 59, 0, 0, 30.90%, 23, 0, 10, 391.49, 1335031, 72, 46722, 0
3723, 138, 55, 59, 0, 0, 30.90%, 23, 0, 10, 385.03, 1336933, 72, 46775, 0
3728, 138, 48, 59, 0, 0, 30.90%, 23, 0, 10, 390.36, 1338879, 72, 46832, 0
3733, 138, 12, 59, 0, 0, 30.90%, 23, 0, 10, 321.70, 1340438, 72, 46914, 0
3738, 139, 37, 59, 0, 0, 30.90%, 23, 0, 10, 383.12, 1341613, 72, 46953, 0
3743, 139, 2, 59, 0, 0, 30.90%, 23, 0, 10, 391.21, 1343587, 72, 47019, 0
3749, 139, 57, 59, 0, 0, 30.90%, 23, 0, 10, 316.32, 1345254, 72, 47062, 0
3754, 139, 46, 59, 0, 0, 30.90%, 23, 0, 10, 351.05, 1347001, 72, 47119, 0
3759, 139, 19, 59, 0, 0, 30.90%, 23, 0, 10, 417.51, 1349274, 72, 47178, 0
3764, 139, 20, 59, 0, 0, 30.90%, 23, 0, 10, 366.02, 1351069, 72, 47255, 0
3769, 139, 34, 59, 0, 0, 30.90%, 23, 0, 10, 370.51, 1352894, 72, 47332, 0
3774, 140, 50, 59, 0, 0, 30.90%, 23, 0, 10, 245.17, 1354671, 72, 47410, 0
3779, 140, 49, 59, 0, 0, 30.90%, 23, 0, 10, 321.85, 1356399, 72, 47488, 0
3785, 140, 49, 59, 0, 0, 30.90%, 23, 0, 10, 340.08, 1358138, 72, 47552, 0
3790, 140, 8, 59, 0, 0, 30.90%, 23, 0, 10, 338.56, 1359855, 72, 47622, 0
3795, 140, 49, 59, 0, 0, 30.90%, 23, 0, 10, 406.85, 1361983, 72, 47687, 0
3800, 140, 49, 59, 0, 0, 30.90%, 23, 0, 10, 367.29, 1363808, 72, 47761, 0
3805, 140, 41, 59, 0, 0, 30.90%, 23, 0, 10, 358.03, 1365594, 72, 47839, 0
3810, 140, 19, 59, 0, 0, 30.90%, 23, 0, 10, 364.86, 1367562, 72, 47906, 0
3815, 141, 29, 59, 0, 0, 30.90%, 23, 0, 10, 398.87, 1369674, 72, 47958, 0
3820, 141, 34, 59, 0, 0, 30.90%, 23, 0, 10, 343.26, 1371268, 72, 48022, 0
3825, 141, 46, 59, 0, 0, 30.90%, 23, 0, 10, 385.06, 1373383, 72, 48073, 0
3830, 141, 49, 59, 0, 0, 30.90%, 23, 0, 10, 339.91, 1375104, 72, 48148, 0
3835, 141, 38, 59, 0, 0, 30.90%, 23, 0, 10, 338.20, 1376840, 72, 48222, 0
3841, 141, 49, 59, 0, 0, 30.90%, 23, 0, 10, 324.64, 1378568, 72, 48291, 0
3846, 141, 17, 59, 0, 0, 30.90%, 23, 0, 10, 426.88, 1380878, 72, 48344, 0
3851, 142, 46, 59, 0, 0, 30.90%, 23, 0, 10, 407.10, 1382944, 72, 48405, 0
3856, 142, 4, 59, 0, 0, 30.90%, 23, 0, 10, 449.87, 1385219, 72, 48454, 0
3861, 142, 49, 59, 0, 0, 30.90%, 23, 0, 10, 386.77, 1387124, 72, 48522, 0
3866, 142, 49, 59, 0, 0, 30.90%, 23, 0, 10, 254.06, 1388192, 72, 48572, 0
3871, 142, 2, 59, 0, 0, 30.90%, 23, 0, 10, 375.62, 1390240, 72, 48639, 0
3876, 142, 53, 59, 0, 0, 30.90%, 23, 0, 10, 311.43, 1391850, 72, 48722, 0
3881, 142, 49, 59, 0, 0, 30.90%, 23, 0, 10, 359.00, 1393698, 72, 48791, 0
3887, 142, 7, 59, 0, 0, 30.90%, 23, 0, 10, 415.50, 1395770, 72, 48851, 0
3892, 142, 49, 59, 0, 0, 30.90%, 23, 0, 10, 356.32, 1397572, 72, 48935, 0
3897, 142, 49, 59, 0, 0, 30.90%, 23, 0, 10, 351.91, 1399487, 72, 49017, 0
3902, 143, 46, 59, 0, 0, 30.90%, 23, 0, 10, 374.39, 1401408, 72, 49082, 0
3907, 143, 19, 59, 0, 0, 30.90%, 23, 0, 10, 384.00, 1403362, 72, 49144, 0
3912, 143, 51, 59, 0, 0, 30.90%, 23, 0, 10, 393.98, 1405515, 72, 49195, 0
3917, 143, 46, 59, 0, 0, 30.90%, 23, 0, 10, 329.49, 1407048, 72, 49288, 0
3922, 143, 34, 59, 0, 0, 30.90%, 23, 0, 10, 392.08, 1408961, 72, 49362, 0
3927, 143, 46, 59, 0, 0, 30.90%, 23, 0, 10, 431.69, 1411250, 72, 49417, 0
3932, 144, 7, 59, 0, 0, 30.90%, 23, 0, 10, 429.79, 1413431, 72, 49473, 0
3937, 144, 48, 59, 0, 0, 30.90%, 23, 0, 10, 434.65, 1415668, 72, 49520, 0
3943, 144, 44, 59, 0, 0, 30.90%, 23, 0, 10, 329.32, 1417240, 72, 49586, 0
3948, 144, 57, 59, 0, 0, 30.90%, 23, 0, 10, 292.80, 1418813, 72, 49646, 0
3953, 144, 46, 59, 0, 0, 30.90%, 23, 0, 10, 372.94, 1420653, 72, 49702, 0
3958, 144, 53, 59, 0, 0, 30.90%, 23, 0, 10, 336.05, 1422371, 72, 49782, 0
3963, 145, 46, 59, 0, 0, 30.90%, 23, 0, 10, 324.53, 1423864, 72, 49853, 0
3968, 145, 49, 59, 0, 0, 30.90%, 23, 0, 10, 301.23, 1425470, 72, 49922, 0
3973, 145, 49, 59, 0, 0, 30.90%, 23, 0, 10, 362.61, 1427390, 72, 49992, 0
3979, 145, 13, 59, 0, 0, 30.90%, 23, 0, 10, 362.87, 1429194, 72, 50065, 0
3984, 145, 2, 59, 0, 0, 30.90%, 23, 0, 10, 360.93, 1431151, 72, 50124, 0
3989, 145, 34, 59, 0, 0, 30.90%, 23, 0, 10, 398.51, 1433154, 72, 50170, 0
3994, 145, 53, 59, 0, 0, 30.90%, 23, 0, 10, 275.35, 1434467, 72, 50244, 0
3999, 145, 49, 59, 0, 0, 30.90%, 23, 0, 10, 318.30, 1436164, 72, 50301, 0
4004, 145, 29, 59, 0, 0, 30.90%, 23, 0, 10, 281.48, 1437556, 72, 50361, 0
4009, 146, 53, 59, 0, 0, 30.90%, 23, 0, 10, 364.62, 1439577, 72, 50412, 0
4014, 146, 53, 59, 0, 0, 30.90%, 23, 0, 10, 276.75, 1440846, 72, 50491, 0
4019, 146, 49, 59, 0, 0, 30.90%, 23, 0, 10, 308.24, 1442615, 72, 50560, 0
4024, 146, 34, 59, 0, 0, 30.90%, 23, 0, 10, 369.37, 1444450, 72, 50617, 0
4029, 146, 58, 59, 0, 0, 30.90%, 23, 0, 10, 323.28, 1446182, 72, 50678, 0
4034, 146, 46, 59, 0, 0, 30.90%, 23, 0, 10, 342.80, 1447895, 72, 50737, 0
4040, 146, 49, 59, 0, 0, 30.90%, 23, 0, 10, 337.65, 1449621, 72, 50816, 0
4045, 147, 49, 59, 0, 0, 30.90%, 23, 0, 10, 353.71, 1451407, 72, 50890, 0
4050, 147, 5, 59, 0, 0, 30.90%, 23, 0, 10, 353.06, 1453141, 72, 50960, 0
4055, 147, 49, 59, 0, 0, 30.90%, 23, 0, 10, 358.28, 1455096, 72, 51036, 0
4060, 147, 49, 59, 0, 0, 30.90%, 23, 0, 10, 335.60, 1456799, 72, 51114, 0
4065, 147, 46, 59, 0, 0, 30.90%, 23, 0, 10, 335.20, 1458437, 72, 51201, 0
4070, 147, 20, 59, 0, 0, 30.90%, 23, 0, 10, 426.07, 1460677, 72, 51253, 0
4075, 147, 46, 59, 0, 0, 30.90%, 23, 0, 10, 384.46, 1462536, 72, 51326, 0
4081, 147, 49, 59, 0, 0, 30.90%, 23, 0, 10, 398.68, 1464612, 72, 51388, 0
4086, 147, 55, 59, 0, 0, 30.90%, 23, 0, 10, 401.83, 1466595, 72, 51454, 0
4091, 147, 49, 59, 0, 0, 30.90%, 23, 0, 10, 373.45, 1468514, 72, 51531, 0
4096, 148, 49, 59, 0, 0, 30.90%, 23, 0, 10, 346.41, 1470441, 72, 51587, 0
4101, 148, 15, 59, 0, 0, 30.90%, 23, 0, 10, 330.69, 1472010, 72, 51653, 0
4106, 148, 19, 59, 0, 0, 30.90%, 23, 0, 10, 344.72, 1473728, 72, 51722, 0
4111, 148, 49, 59, 0, 0, 30.90%, 23, 0, 10, 319.76, 1475399, 72, 51796, 0
4116, 148, 34, 59, 0, 0, 30.90%, 23, 0, 10, 380.46, 1477336, 72, 51840, 0
4121, 148, 49, 59, 0, 0, 30.90%, 23, 0, 10, 335.21, 1479034, 72, 51909, 0
4126, 148, 49, 59, 0, 0, 30.90%, 23, 0, 10, 419.91, 1480953, 72, 51972, 0
4131, 148, 49, 59, 0, 0, 30.90%, 23, 0, 10, 348.96, 1482553, 72, 52049, 0
4137, 148, 2, 59, 0, 0, 30.90%, 23, 0, 10, 348.95, 1484317, 72, 52123, 0
4142, 148, 49, 59, 0, 0, 30.90%, 23, 0, 10, 362.97, 1486204, 72, 52203, 0
4147, 148, 49, 59, 0, 0, 30.90%, 23, 0, 10, 344.20, 1487915, 72, 52291, 0
4152, 148, 49, 59, 0, 0, 30.90%, 23, 0, 10, 335.54, 1489659, 72, 52380, 0
4157, 149, 48, 59, 0, 0, 30.90%, 23, 0, 10, 324.46, 1491499, 72, 52445, 0
4162, 149, 34, 59, 0, 0, 30.90%, 23, 0, 10, 398.71, 1493440, 72, 52490, 0
4167, 149, 49, 59, 0, 0, 30.90%, 23, 0, 10, 345.34, 1495157, 72, 52549, 0
4172, 149, 49, 59, 0, 0, 30.90%, 23, 0, 10, 350.74, 1496887, 72, 52619, 0
4177, 149, 49, 59, 0, 0, 30.90%, 23, 0, 10, 393.85, 1498988, 72, 52676, 0
4182, 149, 50, 59, 0, 0, 30.90%, 23, 0, 10, 344.25, 1500666, 72, 52755, 0
4188, 149, 13, 59, 0, 0, 30.90%, 23, 0, 10, 328.70, 1502363, 72, 52823, 0
4193, 149, 49, 59, 0, 0, 30.90%, 23, 0, 10, 379.36, 1504433, 72, 52888, 0
4198, 149, 56, 59, 0, 0, 30.90%, 23, 0, 10, 369.79, 1506398, 72, 52944, 0
4203, 149, 49, 59, 0, 0, 30.90%, 23, 0, 10, 324.32, 1508002, 72, 53012, 0
4208, 149, 49, 59, 0, 0, 30.90%, 23, 0, 10, 338.68, 1509687, 72, 53081, 0
4213, 149, 34, 59, 0, 0, 30.90%, 23, 0, 10, 392.55, 1511667, 72, 53151, 0
4218, 150, 49, 59, 0, 0, 30.90%, 23, 0, 10, 347.22, 1513395, 72, 53212, 0
4223, 150, 49, 59, 0, 0, 30.90%, 23, 0, 10, 303.49, 1514877, 72, 53272, 0
4228, 150, 5, 59, 0, 0, 30.90%, 23, 0, 10, 385.77, 1516860, 72, 53338, 0
4234, 150, 53, 59, 0, 0, 30.90%, 23, 0, 10, 377.38, 1518934, 72, 53398, 0
4239, 150, 34, 59, 0, 0, 30.90%, 23, 0, 10, 291.93, 1520235, 72, 53463, 0
4244, 150, 16, 59, 0, 0, 30.90%, 23, 0, 10, 440.02, 1522687, 72, 53505, 0
4249, 151, 5, 59, 0, 0, 30.90%, 23, 0, 10, 429.22, 1524892, 72, 53553, 0
4254, 151, 46, 59, 0, 0, 30.90%, 23, 0, 10, 367.92, 1526782, 72, 53622, 0
4259, 151, 29, 59, 0, 0, 30.90%, 23, 0, 10, 373.96, 1528574, 72, 53684, 0
4264, 151, 46, 59, 0, 0, 30.90%, 23, 0, 10, 367.26, 1530429, 72, 53740, 0
4269, 151, 49, 59, 0, 0, 30.90%, 23, 0, 10, 294.75, 1531875, 72, 53811, 0
4274, 151, 13, 59, 0, 0, 30.90%, 23, 0, 10, 380.34, 1533762, 72, 53873, 0
4280, 151, 53, 59, 0, 0, 30.90%, 23, 0, 10, 283.14, 1535121, 72, 53957, 0
4285, 151, 46, 59, 0, 0, 30.90%, 23, 0, 10, 369.54, 1537192, 72, 54014, 0
4290, 151, 5, 59, 0, 0, 30.90%, 23, 0, 10, 364.67, 1539011, 72, 54095, 0
4295, 152, 49, 59, 0, 0, 30.90%, 23, 0, 10, 362.46, 1540803, 72, 54176, 0
4300, 152, 57, 59, 0, 0, 30.90%, 23, 0, 10, 361.86, 1542511, 72, 54230, 0
4305, 152, 27, 59, 0, 0, 30.90%, 23, 0, 10, 421.46, 1544551, 72, 54287, 0
4310, 152, 49, 59, 0, 0, 30.90%, 23, 0, 10, 366.30, 1546424, 72, 54361, 0
4316, 152, 49, 59, 0, 0, 30.90%, 23, 0, 10, 357.21, 1548211, 72, 54425, 0
4321, 152, 57, 59, 0, 0, 30.90%, 23, 0, 10, 328.60, 1549858, 72, 54499, 0
4326, 152, 46, 59, 0, 0, 30.90%, 23, 0, 10, 340.48, 1551682, 72, 54558, 0
4331, 153, 2, 59, 0, 0, 30.90%, 23, 0, 10, 373.27, 1553718, 72, 54626, 0
4336, 153, 46, 59, 0, 0, 30.90%, 23, 0, 10, 317.35, 1555600, 72, 54697, 0
4341, 153, 20, 59, 0, 0, 30.90%, 23, 0, 10, 423.69, 1557863, 72, 54750, 0
4346, 153, 54, 59, 0, 0, 30.90%, 23, 0, 10, 309.24, 1559344, 72, 54793, 0
4351, 153, 49, 59, 0, 0, 30.90%, 23, 0, 10, 367.22, 1561255, 72, 54850, 0
4356, 154, 58, 59, 0, 0, 30.90%, 23, 0, 10, 64.07, 1563034, 72, 54896, 0
4361, 154, 49, 59, 0, 0, 30.90%, 23, 0, 10, 313.84, 1564365, 72, 54952, 0
4367, 154, 34, 59, 0, 0, 30.90%, 23, 0, 10, 375.49, 1566220, 72, 55019, 0
4372, 154, 48, 59, 0, 0, 30.90%, 23, 0, 10, 348.10, 1568110, 72, 55087, 0
4377, 154, 49, 59, 0, 0, 30.90%, 23, 0, 10, 330.93, 1569820, 72, 55168, 0
4382, 154, 51, 59, 0, 0, 30.90%, 23, 0, 10, 341.66, 1571566, 72, 55251, 0
4387, 154, 34, 59, 0, 0, 30.90%, 23, 0, 10, 384.78, 1573493, 72, 55310, 0
4392, 154, 46, 59, 0, 0, 30.90%, 23, 0, 10, 368.63, 1575477, 72, 55365, 0
4397, 154, 49, 59, 0, 0, 30.90%, 23, 0, 10, 372.31, 1577383, 72, 55438, 0
4402, 154, 53, 59, 0, 0, 30.90%, 23, 0, 10, 297.57, 1578874, 72, 55507, 0
4408, 155, 7, 59, 0, 0, 30.90%, 23, 0, 10, 333.87, 1580406, 72, 55572, 0
4413, 155, 34, 59, 0, 0, 30.90%, 23, 0, 10, 377.99, 1582321, 72, 55642, 0
4418, 155, 49, 59, 0, 0, 30.90%, 23, 0, 10, 356.87, 1584229, 72, 55710, 0
4423, 155, 46, 59, 0, 0, 30.90%, 23, 0, 10, 342.91, 1585917, 72, 55788, 0
4428, 155, 57, 59, 0, 0, 30.90%, 23, 0, 10, 317.89, 1587719, 72, 55847, 0
4433, 155, 49, 59, 0, 0, 30.90%, 23, 0, 10, 380.85, 1589717, 72, 55913, 0
4438, 155, 49, 59, 0, 0, 30.90%, 23, 0, 10, 356.54, 1591454, 72, 55976, 0
4444, 155, 44, 59, 0, 0, 30.90%, 23, 0, 10, 338.42, 1593184, 72, 56058, 0
4449, 155, 49, 59, 0, 0, 30.90%, 23, 0, 10, 315.94, 1594774, 72, 56139, 0
4454, 155, 57, 59, 0, 0, 30.90%, 23, 0, 10, 262.55, 1596169, 72, 56227, 0
4459, 156, 49, 59, 0, 0, 30.90%, 23, 0, 10, 330.32, 1597865, 72, 56280, 0
4464, 156, 46, 59, 0, 0, 30.90%, 23, 0, 10, 347.43, 1599671, 72, 56363, 0
4469, 156, 46, 59, 0, 0, 30.90%, 23, 0, 10, 393.31, 1601648, 72, 56431, 0
4474, 156, 49, 59, 0, 0, 30.90%, 23, 0, 10, 325.52, 1603348, 72, 56499, 0
4479, 156, 49, 59, 0, 0, 30.90%, 23, 0, 10, 324.14, 1604968, 72, 56572, 0
4485, 156, 49, 59, 0, 0, 30.90%, 23, 0, 10, 335.72, 1606636, 72, 56660, 0
4490, 156, 49, 59, 0, 0, 30.90%, 23, 0, 10, 357.44, 1608592, 72, 56733, 0
4495, 156, 49, 59, 0, 0, 30.90%, 23, 0, 10, 386.16, 1610560, 72, 56810, 0
4500, 156, 53, 59, 0, 0, 30.90%, 23, 0, 10, 291.91, 1612016, 72, 56879, 0
4505, 156, 46, 59, 0, 0, 30.90%, 23, 0, 10, 308.88, 1613538, 72, 56926, 0
4510, 156, 49, 59, 0, 0, 30.90%, 23, 0, 10, 351.21, 1615416, 72, 56990, 0
4515, 156, 49, 59, 0, 0, 30.90%, 23, 0, 10, 354.74, 1617330, 72, 57059, 0
4520, 156, 51, 59, 0, 0, 30.90%, 23, 0, 10, 288.29, 1618717, 72, 57138, 0
4525, 156, 46, 59, 0, 0, 30.90%, 23, 0, 10, 361.84, 1620593, 72, 57202, 0
4531, 157, 17, 59, 0, 0, 30.90%, 23, 0, 10, 358.64, 1622372, 72, 57266, 0
4536, 157, 49, 59, 0, 0, 30.90%, 23, 0, 10, 344.35, 1624196, 72, 57324, 0
4541, 157, 49, 59, 0, 0, 30.90%, 23, 0, 10, 364.06, 1626046, 72, 57386, 0
4546, 157, 34, 59, 0, 0, 30.90%, 23, 0, 10, 363.31, 1627749, 72, 57444, 0
4551, 157, 12, 59, 0, 0, 30.90%, 23, 0, 10, 358.87, 1629513, 72, 57513, 0
4556, 157, 53, 59, 0, 0, 30.90%, 23, 0, 10, 302.24, 1631093, 72, 57594, 0
4561, 157, 46, 59, 0, 0, 30.90%, 23, 0, 10, 349.74, 1632834, 72, 57673, 0
4566, 157, 53, 59, 0, 0, 30.90%, 23, 0, 10, 304.39, 1634429, 72, 57734, 0
4571, 157, 27, 59, 0, 0, 30.90%, 23, 0, 10, 289.26, 1635675, 72, 57791, 0
4576, 158, 54, 59, 0, 0, 30.90%, 23, 0, 10, 249.26, 1636980, 72, 57855, 0
4581, 158, 57, 59, 0, 0, 30.90%, 23, 0, 10, 180.40, 1637931, 72, 57882, 0
4586, 158, 44, 59, 0, 0, 30.90%, 23, 0, 10, 256.70, 1638937, 72, 57924, 0
4592, 158, 27, 59, 0, 0, 30.90%, 23, 0, 10, 353.03, 1640845, 72, 57984, 0
4597, 158, 34, 59, 0, 0, 30.90%, 23, 0, 10, 385.21, 1642923, 72, 58035, 0
4602, 158, 56, 59, 0, 0, 30.90%, 23, 0, 10, 349.47, 1644575, 72, 58094, 0
4607, 158, 49, 59, 0, 0, 30.90%, 23, 0, 10, 375.84, 1646378, 72, 58167, 0
4612, 159, 19, 59, 0, 0, 30.90%, 23, 0, 10, 371.46, 1648197, 72, 58234, 0
4617, 159, 49, 59, 0, 0, 30.90%, 23, 0, 10, 334.17, 1649898, 72, 58288, 0
4622, 159, 46, 59, 0, 0, 30.90%, 23, 0, 10, 315.13, 1651434, 72, 58361, 0
4627, 159, 48, 59, 0, 0, 30.90%, 23, 0, 10, 368.07, 1653494, 72, 58420, 0
4632, 159, 49, 59, 0, 0, 30.90%, 23, 0, 10, 323.70, 1655117, 72, 58488, 0
4637, 159, 34, 59, 0, 0, 30.90%, 23, 0, 10, 436.99, 1657197, 72, 58552, 0
4643, 159, 46, 59, 0, 0, 30.90%, 23, 0, 10, 447.83, 1659520, 72, 58595, 0
4648, 159, 53, 59, 0, 0, 30.90%, 23, 0, 10, 326.81, 1661087, 72, 58662, 0
4653, 159, 46, 59, 0, 0, 30.90%, 23, 0, 10, 328.35, 1662560, 72, 58732, 0
4658, 159, 15, 59, 0, 0, 30.90%, 23, 0, 10, 381.75, 1664541, 72, 58805, 0
4663, 160, 49, 59, 0, 0, 30.90%, 23, 0, 10, 375.03, 1666419, 72, 58865, 0
4668, 160, 49, 59, 0, 0, 30.90%, 23, 0, 10, 329.31, 1667972, 72, 58945, 0
4673, 160, 49, 59, 0, 0, 30.90%, 23, 0, 10, 367.94, 1670001, 72, 59007, 0
4679, 160, 49, 59, 0, 0, 30.90%, 23, 0, 10, 328.29, 1671656, 72, 59092, 0
4684, 160, 49, 59, 0, 0, 30.90%, 23, 0, 10, 334.25, 1673590, 72, 59168, 0
4689, 160, 29, 59, 0, 0, 30.90%, 23, 0, 10, 353.95, 1675475, 72, 59238, 0
4694, 160, 58, 59, 0, 0, 30.90%, 23, 0, 10, 362.43, 1677253, 72, 59306, 0
4699, 160, 49, 59, 0, 0, 30.90%, 23, 0, 10, 327.23, 1678747, 72, 59384, 0
4704, 160, 21, 59, 0, 0, 30.90%, 23, 0, 10, 362.74, 1680555, 72, 59461, 0
4709, 160, 46, 59, 0, 0, 30.90%, 23, 0, 10, 375.15, 1682587, 72, 59534, 0
4714, 161, 46, 59, 0, 0, 30.90%, 23, 0, 10, 360.96, 1684436, 72, 59610, 0
4719, 161, 53, 59, 0, 0, 30.90%, 23, 0, 10, 337.62, 1686236, 72, 59685, 0
4724, 161, 49, 59, 0, 0, 30.90%, 23, 0, 10, 413.63, 1688457, 72, 59746, 0
4729, 161, 33, 59, 0, 0, 30.90%, 23, 0, 10, 362.10, 1690181, 72, 59835, 0
4734, 161, 46, 59, 0, 0, 30.90%, 23, 0, 10, 274.75, 1691939, 72, 59908, 0
4739, 161, 58, 59, 0, 0, 30.90%, 23, 0, 10, 304.41, 1693657, 72, 59953, 0
4745, 161, 53, 59, 0, 0, 30.90%, 23, 0, 10, 244.81, 1694753, 72, 59999, 0
4750, 161, 49, 59, 0, 0, 30.90%, 23, 0, 10, 357.15, 1696631, 72, 60062, 0
4755, 161, 50, 59, 0, 0, 30.90%, 23, 0, 10, 316.18, 1698275, 72, 60144, 0
4760, 162, 30, 59, 0, 0, 30.90%, 23, 0, 10, 303.67, 1699819, 72, 60224, 0
4765, 162, 49, 59, 0, 0, 30.90%, 23, 0, 10, 273.17, 1701302, 72, 60261, 0
4770, 162, 49, 60, 1, 0, 30.90%, 23, 0, 10, 336.31, 1703150, 72, 60346, 0
4775, 162, 34, 60, 1, 0, 30.90%, 23, 0, 10, 342.37, 1704932, 72, 60439, 0
4780, 162, 59, 61, 2, 0, 30.90%, 23, 0, 10, 221.50, 1706285, 72, 60472, 0
4785, 162, 19, 61, 1, 0, 30.90%, 23, 0, 10, 395.03, 1708603, 72, 60539, 0
4791, 162, 49, 61, 0, 0, 30.90%, 23, 0, 10, 427.29, 1710899, 72, 60602, 0
4796, 162, 53, 61, 0, 0, 30.90%, 23, 0, 10, 364.48, 1712715, 72, 60685, 0
4801, 162, 50, 61, 0, 0, 30.90%, 23, 0, 10, 333.41, 1714279, 72, 60761, 0
4806, 162, 50, 61, 0, 0, 30.90%, 23, 0, 10, 282.82, 1715660, 72, 60832, 0
4811, 162, 49, 61, 0, 0, 30.90%, 23, 0, 10, 351.51, 1717502, 72, 60892, 0
4816, 162, 34, 61, 0, 0, 30.90%, 23, 0, 10, 319.70, 1719046, 72, 60981, 0
4821, 163, 9, 61, 0, 0, 30.90%, 23, 0, 10, 331.27, 1720967, 72, 61042, 0
4826, 163, 49, 61, 0, 0, 30.90%, 23, 0, 10, 320.00, 1722563, 72, 61113, 0
4832, 163, 32, 61, 0, 0, 30.90%, 23, 0, 10, 269.92, 1723932, 72, 61171, 0
4837, 163, 19, 61, 0, 0, 30.90%, 23, 0, 10, 386.91, 1726069, 72, 61224, 0
4842, 163, 49, 61, 0, 0, 30.90%, 23, 0, 10, 399.92, 1728098, 72, 61298, 0
4847, 163, 49, 61, 0, 0, 30.90%, 23, 0, 10, 381.46, 1730024, 72, 61371, 0
4852, 163, 49, 61, 0, 0, 30.90%, 23, 0, 10, 383.37, 1731968, 72, 61445, 0
4857, 163, 34, 61, 0, 0, 30.90%, 23, 0, 10, 375.09, 1733888, 72, 61510, 0
4862, 163, 49, 61, 0, 0, 30.90%, 23, 0, 10, 351.47, 1735660, 72, 61587, 0
4868, 163, 46, 61, 0, 0, 30.90%, 23, 0, 10, 344.87, 1737504, 72, 61652, 0
4873, 164, 49, 61, 0, 0, 30.90%, 23, 0, 10, 354.34, 1739217, 72, 61717, 0
4878, 164, 57, 61, 0, 0, 30.90%, 23, 0, 10, 340.07, 1741007, 72, 61786, 0
4883, 164, 15, 61, 0, 0, 30.90%, 23, 0, 10, 251.23, 1742449, 72, 61828, 0
4888, 164, 49, 61, 0, 0, 30.90%, 23, 0, 10, 336.85, 1744247, 72, 61908, 0
4893, 164, 15, 61, 0, 0, 30.90%, 23, 0, 10, 379.34, 1746223, 72, 61989, 0
4898, 164, 49, 61, 0, 0, 30.90%, 23, 0, 10, 369.37, 1748080, 72, 62061, 0
4903, 164, 49, 61, 0, 0, 30.90%, 23, 0, 10, 362.58, 1749964, 72, 62127, 0
4908, 164, 49, 61, 0, 0, 30.90%, 23, 0, 10, 369.27, 1752026, 72, 62189, 0
4914, 164, 49, 61, 0, 0, 30.90%, 23, 0, 10, 305.69, 1753502, 72, 62267, 0
4919, 164, 53, 61, 0, 0, 30.90%, 23, 0, 10, 304.06, 1755074, 72, 62337, 0
4924, 164, 53, 61, 0, 0, 30.90%, 23, 0, 10, 206.86, 1756002, 72, 62395, 0
4929, 164, 34, 61, 0, 0, 30.90%, 23, 0, 10, 288.85, 1757497, 72, 62449, 0
4934, 165, 22, 61, 0, 0, 30.90%, 23, 0, 10, 356.72, 1759504, 72, 62501, 0
4939, 165, 46, 61, 0, 0, 30.90%, 23, 0, 10, 336.91, 1761184, 72, 62554, 0
4944, 165, 49, 61, 0, 0, 30.90%, 23, 0, 10, 44.84, 1762566, 72, 62622, 0
4949, 165, 49, 61, 0, 0, 30.90%, 23, 0, 10, 350.49, 1764177, 72, 62686, 0
4954, 165, 34, 61, 0, 0, 30.90%, 23, 0, 10, 371.88, 1766031, 72, 62750, 0
4959, 165, 43, 61, 0, 0, 30.90%, 23, 0, 10, 211.19, 1767625, 72, 62813, 0
4965, 165, 29, 61, 0, 0, 30.90%, 23, 0, 10, 316.44, 1769393, 72, 62889, 0
4970, 165, 46, 61, 0, 0, 30.90%, 23, 0, 10, 329.78, 1771105, 72, 62953, 0
4975, 165, 57, 61, 0, 0, 30.90%, 23, 0, 10, 289.31, 1772576, 72, 63011, 0
4980, 166, 49, 61, 0, 0, 30.90%, 23, 0, 10, 320.03, 1774050, 72, 63057, 0
4985, 166, 8, 61, 0, 0, 30.90%, 23, 0, 10, 384.60, 1776017, 72, 63131, 0
4990, 166, 49, 61, 0, 0, 30.90%, 23, 0, 10, 338.94, 1777623, 72, 63198, 0
4995, 166, 49, 61, 0, 0, 30.90%, 23, 0, 10, 354.63, 1779444, 72, 63266, 0
5000, 166, 57, 61, 0, 0, 30.90%, 23, 0, 10, 65.57, 1781078, 72, 63323, 0
5005, 166, 46, 61, 0, 0, 30.90%, 23, 0, 10, 479.55, 1782410, 72, 63362, 0
5011, 166, 49, 61, 0, 0, 30.90%, 23, 0, 10, 318.82, 1783940, 72, 63427, 0
5016, 166, 49, 61, 0, 0, 30.90%, 23, 0, 10, 330.43, 1785644, 72, 63497, 0
5021, 166, 49, 61, 0, 0, 30.90%, 23, 0, 10, 286.57, 1787030, 72, 63558, 0
5026, 166, 53, 61, 0, 0, 30.90%, 23, 0, 10, 276.10, 1788502, 72, 63630, 0
5031, 166, 38, 61, 0, 0, 30.90%, 23, 0, 10, 411.76, 1790516, 72, 63674, 0
5036, 167, 46, 61, 0, 0, 30.90%, 23, 0, 10, 392.83, 1792632, 72, 63715, 0
5041, 167, 38, 61, 0, 0, 30.90%, 23, 0, 10, 84.51, 1794049, 72, 63755, 0
5047, 167, 49, 61, 0, 0, 30.90%, 23, 0, 10, 280.80, 1795728, 72, 63797, 0
5052, 167, 46, 61, 0, 0, 30.90%, 23, 0, 10, 289.92, 1797210, 72, 63858, 0
5057, 167, 49, 61, 0, 0, 30.90%, 23, 0, 10, 380.55, 1798888, 72, 63914, 0
5062, 167, 8, 61, 0, 0, 30.90%, 23, 0, 10, 345.89, 1800527, 72, 63984, 0
5067, 167, 49, 61, 0, 0, 30.90%, 23, 0, 10, 355.76, 1802353, 72, 64056, 0
5072, 167, 49, 61, 0, 0, 30.90%, 23, 0, 10, 358.32, 1804213, 72, 64132, 0
5077, 167, 34, 61, 0, 0, 30.90%, 23, 0, 10, 364.14, 1806008, 72, 64199, 0
5082, 167, 49, 61, 0, 0, 30.90%, 23, 0, 10, 309.25, 1807532, 72, 64274, 0
5087, 168, 39, 61, 0, 0, 30.90%, 23, 0, 10, 349.05, 1809372, 72, 64347, 0
5092, 168, 49, 61, 0, 0, 30.90%, 23, 0, 10, 320.41, 1810990, 72, 64413, 0
5098, 168, 2, 61, 0, 0, 30.90%, 23, 0, 10, 361.35, 1812897, 72, 64474, 0
5103, 168, 46, 61, 0, 0, 30.90%, 23, 0, 10, 398.57, 1814915, 72, 64528, 0
5108, 168, 49, 61, 0, 0, 30.90%, 23, 0, 10, 368.21, 1816798, 72, 64598, 0
5113, 168, 46, 61, 0, 0, 30.90%, 23, 0, 10, 354.90, 1818593, 72, 64682, 0
5118, 168, 49, 61, 0, 0, 30.90%, 23, 0, 10, 130.38, 1820093, 72, 64731, 0
5123, 168, 17, 61, 0, 0, 30.90%, 23, 0, 10, 278.07, 1821699, 72, 64798, 0
5128, 169, 46, 61, 0, 0, 30.90%, 23, 0, 10, 24.88, 1823137, 72, 64847, 0
5133, 169, 49, 61, 0, 0, 30.90%, 23, 0, 10, 286.30, 1824431, 72, 64903, 0
5138, 169, 49, 61, 0, 0, 30.90%, 23, 0, 10, 335.00, 1826211, 72, 64984, 0
5143, 169, 49, 61, 0, 0, 30.90%, 23, 0, 10, 296.29, 1827691, 72, 65055, 0
5148, 169, 46, 61, 0, 0, 30.90%, 23, 0, 10, 312.47, 1829265, 72, 65146, 0
5154, 169, 49, 61, 0, 0, 30.90%, 23, 0, 10, 341.45, 1831133, 72, 65218, 0
5159, 169, 49, 61, 0, 0, 30.90%, 23, 0, 10, 326.37, 1832769, 72, 65309, 0
5164, 169, 56, 61, 0, 0, 30.90%, 23, 0, 10, 323.28, 1834503, 72, 65395, 0
5169, 169, 49, 61, 0, 0, 30.90%, 23, 0, 10, 326.86, 1836219, 72, 65474, 0
5174, 169, 49, 61, 0, 0, 30.90%, 23, 0, 10, 381.70, 1838266, 72, 65544, 0
5179, 169, 49, 61, 0, 0, 30.90%, 23, 0, 10, 407.93, 1840483, 72, 65603, 0
5184, 169, 13, 61, 0, 0, 30.90%, 23, 0, 10, 301.14, 1842159, 72, 65694, 0
5190, 169, 49, 61, 0, 0, 30.90%, 23, 0, 10, 373.02, 1844247, 72, 65759, 0
5195, 169, 44, 61, 0, 0, 30.90%, 23, 0, 10, 314.83, 1845804, 72, 65835, 0
5200, 170, 34, 61, 0, 0, 30.90%, 23, 0, 10, 420.01, 1847981, 72, 65884, 0
5205, 170, 49, 61, 0, 0, 30.90%, 23, 0, 10, 354.57, 1849807, 72, 65945, 0
5210, 170, 34, 61, 0, 0, 30.90%, 23, 0, 10, 344.79, 1851427, 72, 66022, 0
5215, 170, 49, 61, 0, 0, 30.90%, 23, 0, 10, 340.42, 1853205, 72, 66106, 0
5220, 170, 49, 61, 0, 0, 30.90%, 23, 0, 10, 349.49, 1854944, 72, 66186, 0
5225, 170, 46, 61, 0, 0, 30.90%, 23, 0, 10, 339.87, 1856625, 72, 66274, 0
5230, 170, 51, 61, 0, 0, 30.90%, 23, 0, 10, 347.32, 1858385, 72, 66357, 0
5235, 170, 34, 61, 0, 0, 30.90%, 23, 0, 10, 387.56, 1860299, 72, 66430, 0
5241, 170, 49, 61, 0, 0, 30.90%, 23, 0, 10, 340.73, 1862045, 72, 66517, 0
5246, 171, 17, 61, 0, 0, 30.90%, 23, 0, 10, 384.95, 1864062, 72, 66596, 0
5251, 171, 49, 61, 0, 0, 30.90%, 23, 0, 10, 343.01, 1865844, 72, 66680, 0
5256, 171, 50, 61, 0, 0, 30.90%, 23, 0, 10, 354.23, 1867709, 72, 66754, 0
5261, 171, 50, 61, 0, 0, 30.90%, 23, 0, 10, 270.68, 1869013, 72, 66843, 0
5266, 171, 34, 61, 0, 0, 30.90%, 23, 0, 10, 342.79, 1870709, 72, 66920, 0
5271, 171, 20, 61, 0, 0, 30.90%, 23, 0, 10, 388.92, 1872831, 72, 66991, 0
5276, 171, 53, 61, 0, 0, 30.90%, 23, 0, 10, 395.93, 1874884, 72, 67051, 0
5281, 171, 53, 61, 0, 0, 30.90%, 23, 0, 10, 280.96, 1876115, 72, 67126, 0
5287, 171, 8, 61, 0, 0, 30.90%, 23, 0, 10, 284.40, 1877518, 72, 67214, 0
5292, 172, 2, 61, 0, 0, 30.90%, 23, 0, 10, 348.45, 1879440, 72, 67274, 0
5297, 172, 49, 61, 0, 0, 30.90%, 23, 0, 10, 330.22, 1881314, 72, 67347, 0
5302, 172, 57, 61, 0, 0, 30.90%, 23, 0, 10, 343.70, 1883070, 72, 67431, 0
5307, 172, 19, 61, 0, 0, 30.90%, 23, 0, 10, 347.90, 1884680, 72, 67510, 0
5312, 172, 49, 61, 0, 0, 30.90%, 23, 0, 10, 347.24, 1886466, 72, 67598, 0
5317, 172, 49, 61, 0, 0, 30.90%, 23, 0, 10, 376.61, 1888415, 72, 67674, 0
5322, 172, 44, 61, 0, 0, 30.90%, 23, 0, 10, 379.90, 1890311, 72, 67747, 0
5327, 172, 49, 61, 0, 0, 30.90%, 23, 0, 10, 407.80, 1892456, 72, 67804, 0
5332, 172, 7, 61, 0, 0, 30.90%, 23, 0, 10, 436.96, 1894664, 72, 67865, 0
5337, 172, 49, 61, 0, 0, 30.90%, 23, 0, 10, 345.19, 1896276, 72, 67941, 0
5342, 172, 53, 61, 0, 0, 30.90%, 23, 0, 10, 252.31, 1897476, 72, 68014, 0
5347, 173, 46, 61, 0, 0, 30.90%, 23, 0, 10, 393.52, 1899442, 72, 68069, 0
5353, 173, 49, 61, 0, 0, 30.90%, 23, 0, 10, 345.36, 1901161, 72, 68138, 0
5358, 173, 6, 61, 0, 0, 30.90%, 23, 0, 10, 403.49, 1903107, 72, 68215, 0
5363, 173, 49, 61, 0, 0, 30.90%, 23, 0, 10, 364.87, 1904963, 72, 68286, 0
5368, 173, 53, 61, 0, 0, 30.90%, 23, 0, 10, 308.05, 1906538, 72, 68366, 0
5373, 173, 56, 61, 0, 0, 30.90%, 23, 0, 10, 341.28, 1908210, 72, 68447, 0
5378, 173, 34, 61, 0, 0, 30.90%, 23, 0, 10, 420.41, 1910413, 72, 68499, 0
5383, 173, 53, 61, 0, 0, 30.90%, 23, 0, 10, 318.12, 1911955, 72, 68574, 0
5388, 174, 19, 61, 0, 0, 30.90%, 23, 0, 10, 383.57, 1913821, 72, 68639, 0
5394, 174, 49, 61, 0, 0, 30.90%, 23, 0, 10, 380.36, 1915759, 72, 68722, 0
5399, 174, 57, 61, 0, 0, 30.90%, 23, 0, 10, 389.13, 1917904, 72, 68780, 0
5404, 174, 50, 61, 0, 0, 30.90%, 23, 0, 10, 422.74, 1920040, 72, 68842, 0
5409, 174, 49, 61, 0, 0, 30.90%, 23, 0, 10, 351.74, 1921653, 72, 68934, 0
5414, 174, 49, 61, 0, 0, 30.90%, 23, 0, 10, 328.66, 1923256, 72, 69010, 0
5419, 174, 49, 61, 0, 0, 30.90%, 23, 0, 10, 348.53, 1925106, 72, 69077, 0
5424, 174, 49, 61, 0, 0, 30.90%, 23, 0, 10, 311.91, 1926656, 72, 69158, 0
5429, 174, 33, 61, 0, 0, 30.90%, 23, 0, 10, 314.57, 1928190, 72, 69245, 0
5434, 174, 49, 61, 0, 0, 30.90%, 23, 0, 10, 346.70, 1930004, 72, 69321, 0
5439, 175, 32, 61, 0, 0, 30.90%, 23, 0, 10, 415.74, 1932230, 72, 69376, 0
5444, 175, 49, 61, 0, 0, 30.90%, 23, 0, 10, 366.19, 1934097, 72, 69457, 0
5449, 175, 50, 61, 0, 0, 30.90%, 23, 0, 10, 426.03, 1936282, 72, 69513, 0
5455, 175, 50, 61, 0, 0, 30.90%, 23, 0, 10, 340.35, 1937856, 72, 69603, 0
5460, 175, 49, 61, 0, 0, 30.90%, 23, 0, 10, 352.44, 1939620, 72, 69676, 0
5465, 175, 53, 61, 0, 0, 30.90%, 23, 0, 10, 305.22, 1941196, 72, 69751, 0
5470, 175, 5, 61, 0, 0, 30.90%, 23, 0, 10, 324.72, 1942790, 72, 69834, 0
5475, 175, 34, 61, 0, 0, 30.90%, 23, 0, 10, 156.88, 1943973, 72, 69878, 0
5480, 175, 12, 61, 0, 0, 30.90%, 23, 0, 10, 380.75, 1946212, 72, 69925, 0
5485, 175, 49, 61, 0, 0, 30.90%, 23, 0, 10, 357.03, 1947985, 72, 70009, 0
5490, 176, 19, 61, 0, 0, 30.90%, 23, 0, 10, 412.12, 1950085, 72, 70077, 0
5495, 176, 49, 61, 0, 0, 30.90%, 23, 0, 10, 410.34, 1952226, 72, 70146, 0
5501, 176, 34, 61, 0, 0, 30.90%, 23, 0, 10, 395.51, 1954204, 72, 70225, 0
5506, 176, 59, 61, 0, 0, 30.90%, 23, 0, 10, 421.23, 1956400, 72, 70286, 0
5511, 176, 53, 61, 0, 0, 30.90%, 23, 0, 10, 363.45, 1958342, 72, 70361, 0
5516, 176, 27, 61, 0, 0, 30.90%, 23, 0, 10, 317.97, 1959756, 72, 70431, 0
5521, 177, 50, 61, 0, 0, 30.90%, 23, 0, 10, 421.10, 1961948, 72, 70496, 0
5526, 177, 50, 61, 0, 0, 30.90%, 23, 0, 10, 322.96, 1963474, 72, 70568, 0
5531, 177, 19, 61, 0, 0, 30.90%, 23, 0, 10, 424.35, 1965701, 72, 70627, 0
5536, 177, 49, 61, 0, 0, 30.90%, 23, 0, 10, 438.23, 1967968, 72, 70697, 0
5541, 177, 49, 61, 0, 0, 30.90%, 23, 0, 10, 390.33, 1969948, 72, 70776, 0
5546, 177, 15, 61, 0, 0, 30.90%, 23, 0, 10, 295.78, 1971444, 72, 70827, 0
5552, 177, 15, 61, 0, 0, 30.90%, 23, 0, 10, 380.02, 1973458, 72, 70889, 0
5557, 178, 46, 61, 0, 0, 30.90%, 23, 0, 10, 381.79, 1975491, 72, 70956, 0
5562, 178, 49, 61, 0, 0, 30.90%, 23, 0, 10, 380.78, 1977550, 72, 71025, 0
5567, 178, 56, 61, 0, 0, 30.90%, 23, 0, 10, 348.98, 1979171, 72, 71109, 0
5572, 178, 49, 61, 0, 0, 30.90%, 23, 0, 10, 359.75, 1981081, 72, 71190, 0
5577, 178, 34, 61, 0, 0, 30.90%, 23, 0, 10, 426.13, 1983145, 72, 71266, 0
5582, 178, 15, 61, 0, 0, 30.90%, 23, 0, 10, 410.18, 1985212, 72, 71322, 0
5587, 178, 49, 61, 0, 0, 30.90%, 23, 0, 10, 380.07, 1987223, 72, 71386, 0
5592, 178, 49, 61, 0, 0, 30.90%, 23, 0, 10, 369.65, 1989011, 72, 71458, 0
5597, 179, 36, 61, 0, 0, 30.90%, 23, 0, 10, 403.86, 1990853, 72, 71526, 0
5602, 179, 49, 61, 0, 0, 30.90%, 23, 0, 10, 433.66, 1992954, 72, 71596, 0
5608, 179, 34, 61, 0, 0, 30.90%, 23, 0, 10, 392.90, 1994809, 72, 71688, 0
5613, 179, 2, 61, 0, 0, 30.90%, 23, 0, 10, 382.52, 1996668, 72, 71774, 0
5618, 179, 34, 61, 0, 0, 30.90%, 23, 0, 10, 419.97, 1998993, 72, 71841, 0
5623, 180, 7, 61, 0, 0, 30.90%, 23, 0, 10, 400.37, 2000998, 72, 71920, 0
5628, 180, 49, 61, 0, 0, 30.90%, 23, 0, 10, 387.48, 2003080, 72, 72009, 0
5633, 180, 38, 61, 0, 0, 30.90%, 23, 0, 10, 424.73, 2005243, 72, 72080, 0
5638, 180, 34, 61, 0, 0, 30.90%, 23, 0, 10, 436.56, 2007478, 72, 72149, 0
5643, 180, 49, 61, 0, 0, 30.90%, 23, 0, 10, 407.01, 2009510, 72, 72216, 0
5648, 180, 12, 61, 0, 0, 30.90%, 23, 0, 10, 389.39, 2011344, 72, 72289, 0
5654, 180, 49, 61, 0, 0, 30.90%, 23, 0, 10, 405.68, 2013592, 72, 72347, 0
5659, 181, 7, 61, 0, 0, 30.90%, 23, 0, 10, 434.80, 2015736, 72, 72402, 0
5664, 181, 49, 61, 0, 0, 30.90%, 23, 0, 10, 376.12, 2017705, 72, 72483, 0
5669, 181, 46, 61, 0, 0, 30.90%, 23, 0, 10, 387.35, 2019607, 72, 72554, 0
5674, 181, 12, 61, 0, 0, 30.90%, 23, 0, 10, 411.76, 2021729, 72, 72625, 0
5679, 181, 49, 61, 0, 0, 30.90%, 23, 0, 10, 360.45, 2023514, 72, 72698, 0
5684, 181, 49, 61, 0, 0, 30.90%, 23, 0, 10, 411.92, 2025650, 72, 72755, 0
5689, 181, 53, 61, 0, 0, 30.90%, 23, 0, 10, 389.96, 2027626, 72, 72825, 0
5694, 181, 54, 61, 0, 0, 30.90%, 23, 0, 10, 246.46, 2029126, 72, 72890, 0
5699, 181, 49, 61, 0, 0, 30.90%, 23, 0, 10, 326.45, 2030852, 72, 72958, 0
5704, 182, 49, 61, 0, 0, 30.90%, 23, 0, 10, 385.05, 2032844, 72, 73029, 0
5709, 182, 34, 61, 0, 0, 30.90%, 23, 0, 10, 369.25, 2034669, 72, 73094, 0
5715, 182, 49, 61, 0, 0, 30.90%, 23, 0, 10, 369.24, 2036550, 72, 73160, 0
5720, 182, 3, 61, 0, 0, 30.90%, 23, 0, 10, 379.88, 2038509, 72, 73240, 0
5725, 182, 49, 61, 0, 0, 30.90%, 23, 0, 10, 364.56, 2040390, 72, 73315, 0
5730, 182, 58, 61, 0, 0, 30.90%, 23, 0, 10, 356.58, 2042252, 72, 73383, 0
5735, 182, 47, 61, 0, 0, 30.90%, 23, 0, 10, 412.20, 2043990, 72, 73434, 0
5740, 182, 49, 61, 0, 0, 30.90%, 23, 0, 10, 422.21, 2046189, 72, 73504, 0
5745, 182, 5, 61, 0, 0, 30.90%, 23, 0, 10, 383.26, 2048022, 72, 73592, 0
5750, 183, 50, 61, 0, 0, 30.90%, 23, 0, 10, 360.58, 2049908, 72, 73676, 0
5756, 183, 53, 61, 0, 0, 30.90%, 23, 0, 10, 304.58, 2051506, 72, 73749, 0
5761, 183, 34, 61, 0, 0, 30.90%, 23, 0, 10, 299.01, 2052746, 72, 73810, 0
5766, 183, 49, 61, 0, 0, 30.90%, 23, 0, 10, 323.71, 2054549, 72, 73875, 0
5771, 183, 46, 61, 0, 0, 30.90%, 23, 0, 10, 238.12, 2055721, 72, 73930, 0
5776, 183, 57, 61, 0, 0, 30.90%, 23, 0, 10, 336.96, 2057741, 72, 73982, 0
5781, 183, 49, 61, 0, 0, 30.90%, 23, 0, 10, 304.43, 2059237, 72, 74066, 0
5786, 183, 46, 61, 0, 0, 30.90%, 23, 0, 10, 359.47, 2060979, 72, 74136, 0
5792, 183, 49, 61, 0, 0, 30.90%, 23, 0, 10, 373.54, 2062626, 72, 74202, 0
5797, 183, 50, 61, 0, 0, 30.90%, 23, 0, 10, 337.65, 2064305, 72, 74281, 0
5802, 183, 50, 61, 0, 0, 30.90%, 23, 0, 10, 272.26, 2065596, 72, 74373, 0
5807, 184, 19, 61, 0, 0, 30.90%, 23, 0, 10, 303.14, 2067293, 72, 74442, 0
5812, 184, 49, 61, 0, 0, 30.90%, 23, 0, 10, 413.63, 2069526, 72, 74484, 0
5817, 184, 49, 61, 0, 0, 30.90%, 23, 0, 10, 324.31, 2071068, 72, 74569, 0
5822, 184, 49, 61, 0, 0, 30.90%, 23, 0, 10, 315.79, 2072746, 72, 74652, 0
5828, 184, 49, 61, 0, 0, 30.90%, 23, 0, 10, 374.02, 2074749, 72, 74717, 0
5833, 184, 49, 61, 0, 0, 30.90%, 23, 0, 10, 323.28, 2076328, 72, 74789, 0
5833, 184, 49, 61, 0, 0, 30.90%, 23, 0, 10, 0.00, 2076364, 72, 74790, 0
5838, 184, 44, 61, 0, 0, 30.90%, 23, 0, 10, 349.23, 2078374, 72, 74852, 0
5843, 184, 58, 61, 0, 0, 30.90%, 23, 0, 10, 64.13, 2080098, 72, 74903, 0
5848, 185, 57, 61, 0, 0, 30.90%, 23, 0, 10, 416.70, 2081587, 72, 74935, 0
5853, 185, 49, 61, 0, 0, 30.90%, 23, 0, 10, 375.43, 2083415, 72, 75003, 0
5858, 185, 49, 61, 0, 0, 30.90%, 23, 0, 10, 326.86, 2085154, 72, 75083, 0
5864, 185, 49, 61, 0, 0, 30.90%, 23, 0, 10, 302.86, 2086672, 72, 75161, 0
5869, 185, 13, 61, 0, 0, 30.90%, 23, 0, 10, 349.92, 2088483, 72, 75220, 0
5874, 185, 49, 61, 0, 0, 30.90%, 23, 0, 10, 315.69, 2090063, 72, 75289, 0
5879, 185, 49, 61, 0, 0, 30.90%, 23, 0, 10, 333.36, 2091710, 72, 75361, 0
5884, 185, 51, 61, 0, 0, 30.90%, 23, 0, 10, 338.60, 2093440, 72, 75432, 0
5889, 185, 51, 61, 0, 0, 30.90%, 23, 0, 10, 280.87, 2094744, 72, 75513, 0
5894, 185, 20, 61, 0, 0, 30.90%, 23, 0, 10, 366.87, 2096692, 72, 75579, 0
5899, 186, 17, 61, 0, 0, 30.90%, 23, 0, 10, 463.35, 2099107, 72, 75630, 0
5905, 186, 53, 61, 0, 0, 30.90%, 23, 0, 10, 370.26, 2100729, 72, 75701, 0
5910, 186, 29, 61, 0, 0, 30.90%, 23, 0, 10, 293.96, 2102092, 72, 75764, 0
5915, 186, 60, 61, 0, 0, 30.90%, 23, 0, 10, 411.38, 2104185, 72, 75835, 0
5920, 186, 49, 61, 0, 0, 30.90%, 23, 0, 10, 412.46, 2106337, 72, 75905, 0
5925, 186, 49, 61, 0, 0, 30.90%, 23, 0, 10, 337.86, 2108027, 72, 75974, 0
5930, 186, 7, 61, 0, 0, 30.90%, 23, 0, 10, 338.57, 2109707, 72, 76053, 0
5935, 186, 53, 61, 0, 0, 30.90%, 23, 0, 10, 350.54, 2111553, 72, 76112, 0
5940, 186, 20, 61, 0, 0, 30.90%, 23, 0, 10, 388.04, 2113453, 72, 76183, 0
5946, 186, 49, 61, 0, 0, 30.90%, 23, 0, 10, 358.31, 2115282, 72, 76266, 0
5951, 187, 49, 61, 0, 0, 30.90%, 23, 0, 10, 347.26, 2117037, 72, 76341, 0
5956, 187, 12, 61, 0, 0, 30.90%, 23, 0, 10, 394.19, 2119040, 72, 76410, 0
5961, 187, 49, 61, 0, 0, 30.90%, 23, 0, 10, 367.78, 2120967, 72, 76472, 0
5966, 187, 34, 61, 0, 0, 30.90%, 23, 0, 10, 380.79, 2122904, 72, 76542, 0
5971, 187, 49, 61, 0, 0, 30.90%, 23, 0, 10, 352.57, 2124790, 72, 76617, 0
5976, 187, 49, 61, 0, 0, 30.90%, 23, 0, 10, 342.30, 2126473, 72, 76685, 0
5981, 187, 46, 61, 0, 0, 30.90%, 23, 0, 10, 332.42, 2128141, 72, 76766, 0
5986, 187, 20, 61, 0, 0, 30.90%, 23, 0, 10, 345.30, 2129931, 72, 76840, 0
5991, 188, 29, 61, 0, 0, 30.90%, 23, 0, 10, 361.53, 2131782, 72, 76901, 0
5997, 188, 49, 61, 0, 0, 30.90%, 23, 0, 10, 348.79, 2133591, 72, 76982, 0
6002, 188, 17, 61, 0, 0, 30.90%, 23, 0, 10, 411.69, 2135679, 72, 77053, 0
6007, 188, 53, 61, 0, 0, 30.90%, 23, 0, 10, 393.94, 2137486, 72, 77120, 0
6012, 188, 34, 61, 0, 0, 30.90%, 23, 0, 10, 290.67, 2138695, 72, 77203, 0
6017, 188, 29, 61, 0, 0, 30.90%, 23, 0, 10, 350.84, 2140732, 72, 77269, 0
6022, 188, 49, 61, 0, 0, 30.90%, 23, 0, 10, 344.20, 2142523, 72, 77336, 0
6027, 188, 5, 61, 0, 0, 30.90%, 23, 0, 10, 396.28, 2144577, 72, 77394, 0
6033, 189, 50, 61, 0, 0, 30.90%, 23, 0, 10, 335.06, 2146329, 72, 77447, 0
6038, 189, 49, 61, 0, 0, 30.90%, 23, 0, 10, 311.48, 2147798, 72, 77523, 0
6043, 189, 13, 61, 0, 0, 30.90%, 23, 0, 10, 379.01, 2149740, 72, 77594, 0
6048, 189, 53, 61, 0, 0, 30.90%, 23, 0, 10, 254.36, 2150880, 72, 77665, 0
6053, 189, 49, 61, 0, 0, 30.90%, 23, 0, 10, 278.24, 2152269, 72, 77746, 0
6053, 189, 49, 61, 0, 0, 30.90%, 23, 0, 10, 0.00, 2152289, 72, 77747, 0
6058, 189, 49, 61, 0, 0, 30.90%, 23, 0, 10, 384.41, 2154241, 72, 77811, 0
6063, 189, 57, 61, 0, 0, 30.90%, 23, 0, 10, 330.80, 2155895, 72, 77883, 0
6068, 189, 20, 61, 0, 0, 30.90%, 23, 0, 10, 373.41, 2157670, 72, 77944, 0
6073, 189, 49, 61, 0, 0, 30.90%, 23, 0, 10, 339.98, 2159434, 72, 78023, 0
6078, 189, 49, 61, 0, 0, 30.90%, 23, 0, 10, 289.70, 2160884, 72, 78088, 0
6083, 189, 19, 61, 0, 0, 30.90%, 23, 0, 10, 355.43, 2162664, 72, 78154, 0
6089, 190, 49, 61, 0, 0, 30.90%, 23, 0, 10, 400.50, 2164860, 72, 78226, 0
6094, 190, 49, 61, 0, 0, 30.90%, 23, 0, 10, 364.70, 2166665, 72, 78311, 0
6099, 190, 34, 61, 0, 0, 30.90%, 23, 0, 10, 370.82, 2168486, 72, 78383, 0
6104, 190, 49, 61, 0, 0, 30.90%, 23, 0, 10, 376.02, 2170492, 72, 78456, 0
6109, 190, 34, 61, 0, 0, 30.90%, 23, 0, 10, 343.91, 2172123, 72, 78523, 0
6114, 190, 49, 61, 0, 0, 30.90%, 23, 0, 10, 326.23, 2173581, 72, 78564, 0
6119, 190, 48, 61, 0, 0, 30.90%, 23, 0, 10, 332.73, 2175205, 72, 78632, 0
6124, 190, 45, 61, 0, 0, 30.90%, 23, 0, 10, 383.99, 2177224, 72, 78684, 0
6129, 190, 2, 61, 0, 0, 30.90%, 23, 0, 10, 397.60, 2179270, 72, 78745, 0
6135, 191, 49, 61, 0, 0, 30.90%, 23, 0, 10, 331.76, 2180867, 72, 78825, 0
6140, 191, 53, 61, 0, 0, 30.90%, 23, 0, 10, 324.82, 2182575, 72, 78895, 0
6145, 191, 19, 61, 0, 0, 30.90%, 23, 0, 10, 340.57, 2184199, 72, 78974, 0
6150, 191, 57, 61, 0, 0, 30.90%, 23, 0, 10, 328.35, 2185959, 72, 79043, 0
6155, 191, 27, 61, 0, 0, 30.90%, 23, 0, 10, 337.71, 2187619, 72, 79117, 0
6160, 191, 56, 61, 0, 0, 30.90%, 23, 0, 10, 389.17, 2189735, 72, 79173, 0
6165, 191, 49, 61, 0, 0, 30.90%, 23, 0, 10, 333.17, 2191340, 72, 79238, 0
6170, 191, 46, 61, 0, 0, 30.90%, 23, 0, 10, 375.47, 2193259, 72, 79305, 0
6176, 192, 46, 61, 0, 0, 30.90%, 23, 0, 10, 378.02, 2195094, 72, 79369, 0
6181, 192, 53, 61, 0, 0, 30.90%, 23, 0, 10, 316.18, 2196689, 72, 79437, 0
6186, 192, 7, 61, 0, 0, 30.90%, 23, 0, 10, 345.47, 2198306, 72, 79522, 0
6191, 192, 11, 61, 0, 0, 30.90%, 23, 0, 10, 376.04, 2200206, 72, 79595, 0
6196, 192, 52, 61, 0, 0, 30.90%, 23, 0, 10, 372.01, 2202112, 72, 79673, 0
6201, 192, 21, 61, 0, 0, 30.90%, 23, 0, 10, 404.47, 2204133, 72, 79743, 0
6206, 192, 51, 61, 0, 0, 30.90%, 23, 0, 10, 322.44, 2205667, 72, 79830, 0
6211, 193, 49, 61, 0, 0, 30.90%, 23, 0, 10, 377.67, 2207685, 72, 79899, 0
6216, 193, 49, 61, 0, 0, 30.90%, 23, 0, 10, 352.33, 2209517, 72, 79970, 0
6222, 193, 49, 61, 0, 0, 30.90%, 23, 0, 10, 297.61, 2211006, 72, 80032, 0
6227, 193, 34, 61, 0, 0, 30.90%, 23, 0, 10, 367.67, 2212829, 72, 80092, 0
6232, 193, 49, 61, 0, 0, 30.90%, 23, 0, 10, 396.03, 2214913, 72, 80146, 0
6237, 193, 49, 61, 0, 0, 30.90%, 23, 0, 10, 347.21, 2216633, 72, 80229, 0
6242, 193, 49, 61, 0, 0, 30.90%, 23, 0, 10, 322.15, 2218296, 72, 80317, 0
6247, 193, 49, 61, 0, 0, 30.90%, 23, 0, 10, 329.48, 2219972, 72, 80385, 0
6252, 193, 58, 61, 0, 0, 30.90%, 23, 0, 10, 293.48, 2221523, 72, 80439, 0
6257, 194, 46, 61, 0, 0, 30.90%, 23, 0, 10, 363.50, 2223444, 72, 80506, 0
6262, 194, 34, 61, 0, 0, 30.90%, 23, 0, 10, 303.78, 2224690, 72, 80551, 0
6268, 194, 49, 61, 0, 0, 30.90%, 23, 0, 10, 424.78, 2226913, 72, 80611, 0
6273, 194, 34, 61, 0, 0, 30.90%, 23, 0, 10, 423.76, 2228881, 72, 80673, 0
6278, 194, 2, 61, 0, 0, 30.90%, 23, 0, 10, 339.13, 2230436, 72, 80718, 0
6283, 194, 49, 61, 0, 0, 30.90%, 23, 0, 10, 354.19, 2232292, 72, 80800, 0
6288, 194, 49, 61, 0, 0, 30.90%, 23, 0, 10, 308.74, 2233827, 72, 80887, 0
6293, 194, 49, 61, 0, 0, 30.90%, 23, 0, 10, 341.47, 2235613, 72, 80965, 0
6298, 194, 49, 61, 0, 0, 30.90%, 23, 0, 10, 335.91, 2237347, 72, 81040, 0
6303, 194, 46, 61, 0, 0, 30.90%, 23, 0, 10, 341.90, 2239005, 72, 81117, 0
6308, 195, 46, 61, 0, 0, 30.90%, 23, 0, 10, 379.48, 2240873, 72, 81188, 0
6313, 195, 49, 61, 0, 0, 30.90%, 23, 0, 10, 455.43, 2242803, 72, 81263, 0
6319, 195, 2, 61, 0, 0, 30.90%, 23, 0, 10, 416.69, 2244815, 72, 81336, 0
6324, 195, 49, 61, 0, 0, 30.90%, 23, 0, 10, 348.10, 2246582, 72, 81418, 0
6329, 195, 49, 61, 0, 0, 30.90%, 23, 0, 10, 378.28, 2248629, 72, 81482, 0
6334, 195, 34, 61, 0, 0, 30.90%, 23, 0, 10, 399.13, 2250583, 72, 81553, 0
6339, 195, 49, 61, 0, 0, 30.90%, 23, 0, 10, 383.94, 2252447, 72, 81631, 0
6344, 195, 56, 61, 0, 0, 30.90%, 23, 0, 10, 351.77, 2254195, 72, 81706, 0
6349, 195, 59, 61, 0, 0, 30.90%, 23, 0, 10, 396.28, 2256276, 72, 81772, 0
6354, 196, 49, 61, 0, 0, 30.90%, 23, 0, 10, 361.09, 2258200, 72, 81831, 0
6360, 196, 46, 61, 0, 0, 30.90%, 23, 0, 10, 346.21, 2259874, 72, 81901, 0
6365, 196, 34, 61, 0, 0, 30.90%, 23, 0, 10, 400.85, 2261696, 72, 81955, 0
6370, 196, 49, 61, 0, 0, 30.90%, 23, 0, 10, 345.06, 2263355, 72, 82021, 0
6375, 196, 7, 61, 0, 0, 30.90%, 23, 0, 10, 319.99, 2264913, 72, 82100, 0
6380, 196, 46, 61, 0, 0, 30.90%, 23, 0, 10, 392.66, 2267016, 72, 82153, 0
6385, 196, 49, 61, 0, 0, 30.90%, 23, 0, 10, 338.66, 2268698, 72, 82223, 0
6390, 196, 19, 61, 0, 0, 30.90%, 23, 0, 10, 440.36, 2270067, 72, 82276, 0
6395, 196, 49, 61, 0, 0, 30.90%, 23, 0, 10, 329.39, 2271619, 72, 82353, 0
6400, 196, 49, 61, 0, 0, 30.90%, 23, 0, 10, 327.07, 2273285, 72, 82438, 0
6405, 196, 56, 61, 0, 0, 30.90%, 23, 0, 10, 316.67, 2274887, 72, 82521, 0
6411, 197, 49, 61, 0, 0, 30.90%, 23, 0, 10, 352.50, 2276743, 72, 82586, 0
6416, 197, 17, 61, 0, 0, 30.90%, 23, 0, 10, 368.25, 2278564, 72, 82665, 0
6421, 197, 55, 61, 0, 0, 30.90%, 23, 0, 10, 375.85, 2280608, 72, 82718, 0
6426, 197, 36, 61, 0, 0, 30.90%, 23, 0, 10, 248.26, 2282085, 72, 82771, 0
6431, 197, 56, 61, 0, 0, 30.90%, 23, 0, 10, 323.61, 2283791, 72, 82837, 0
6436, 197, 53, 61, 0, 0, 30.90%, 23, 0, 10, 324.68, 2285427, 72, 82912, 0
6441, 197, 49, 61, 0, 0, 30.90%, 23, 0, 10, 377.62, 2287298, 72, 82986, 0
6446, 197, 49, 62, 1, 0, 30.90%, 23, 0, 10, 379.10, 2289181, 72, 83067, 0
6451, 197, 61, 62, 1, 0, 30.90%, 23, 0, 10, 462.99, 2291622, 72, 83092, 0
6457, 197, 52, 62, 0, 0, 30.90%, 23, 0, 10, 365.38, 2293443, 72, 83164, 0
6462, 197, 49, 62, 0, 0, 30.90%, 23, 0, 10, 319.73, 2294962, 72, 83259, 0
6467, 198, 46, 62, 0, 0, 30.90%, 23, 0, 10, 288.68, 2296357, 72, 83331, 0
6472, 198, 10, 62, 0, 0, 30.90%, 23, 0, 10, 231.72, 2297673, 72, 83371, 0
6477, 198, 49, 62, 0, 0, 30.90%, 23, 0, 10, 304.75, 2299315, 72, 83437, 0
6482, 198, 50, 62, 0, 0, 30.90%, 23, 0, 10, 310.84, 2301065, 72, 83505, 0
6487, 198, 34, 62, 0, 0, 30.90%, 23, 0, 10, 329.08, 2302712, 72, 83555, 0
6493, 198, 17, 62, 0, 0, 30.90%, 23, 0, 10, 355.37, 2304613, 72, 83627, 0
6498, 198, 33, 62, 0, 0, 30.90%, 23, 0, 10, 368.58, 2306497, 72, 83696, 0
6503, 199, 19, 63, 1, 0, 30.90%, 23, 0, 10, 435.27, 2308859, 72, 83735, 0
6508, 199, 5, 63, 0, 0, 30.90%, 23, 0, 10, 430.58, 2310938, 72, 83800, 0
6513, 199, 17, 63, 0, 0, 30.90%, 23, 0, 10, 351.81, 2312576, 72, 83871, 0
6518, 199, 27, 63, 0, 0, 30.90%, 23, 0, 10, 337.28, 2314250, 72, 83935, 0
6523, 199, 46, 63, 0, 0, 30.90%, 23, 0, 10, 354.18, 2316125, 72, 84005, 0
6528, 199, 17, 63, 0, 0, 30.90%, 23, 0, 10, 383.90, 2318109, 72, 84066, 0
6534, 199, 49, 63, 0, 0, 30.90%, 23, 0, 10, 335.06, 2319699, 72, 84147, 0
6539, 200, 49, 63, 0, 0, 30.90%, 23, 0, 10, 362.47, 2321604, 72, 84208, 0
6544, 200, 46, 63, 0, 0, 30.90%, 23, 0, 10, 384.93, 2323583, 72, 84277, 0
6549, 200, 40, 63, 0, 0, 30.90%, 23, 0, 10, 334.60, 2325274, 72, 84352, 0
6554, 200, 54, 63, 0, 0, 30.90%, 23, 0, 10, 389.15, 2327361, 72, 84398, 0
6559, 200, 15, 63, 0, 0, 30.90%, 23, 0, 10, 382.80, 2329063, 72, 84455, 0
6564, 200, 44, 63, 0, 0, 30.90%, 23, 0, 10, 316.29, 2330672, 72, 84526, 0
6569, 201, 34, 63, 0, 0, 30.90%, 23, 0, 10, 372.18, 2332525, 72, 84585, 0
6574, 201, 12, 63, 0, 0, 30.90%, 23, 0, 10, 480.89, 2334514, 72, 84649, 0
6579, 201, 49, 63, 0, 0, 30.90%, 23, 0, 10, 397.33, 2336529, 72, 84722, 0
6584, 201, 53, 63, 0, 0, 30.90%, 23, 0, 10, 405.48, 2338445, 72, 84786, 0
6589, 201, 21, 63, 0, 0, 30.90%, 23, 0, 10, 287.42, 2339741, 72, 84866, 0
6595, 201, 49, 63, 0, 0, 30.90%, 23, 0, 10, 342.78, 2341700, 72, 84942, 0
6600, 202, 5, 63, 0, 0, 30.90%, 23, 0, 10, 410.84, 2343785, 72, 85005, 0
6605, 202, 38, 63, 0, 0, 30.90%, 23, 0, 10, 386.09, 2345897, 72, 85054, 0
6610, 202, 17, 63, 0, 0, 30.90%, 23, 0, 10, 360.78, 2347754, 72, 85118, 0
6615, 202, 46, 63, 0, 0, 30.90%, 23, 0, 10, 393.25, 2349791, 72, 85180, 0
6620, 202, 53, 63, 0, 0, 30.90%, 23, 0, 10, 278.48, 2351092, 72, 85237, 0
6625, 202, 34, 63, 0, 0, 30.90%, 23, 0, 10, 373.38, 2352866, 72, 85290, 0
6630, 202, 49, 63, 0, 0, 30.90%, 23, 0, 10, 370.88, 2354777, 72, 85362, 0
6636, 203, 19, 63, 0, 0, 30.90%, 23, 0, 10, 381.95, 2356707, 72, 85417, 0
6641, 203, 34, 63, 0, 0, 30.90%, 23, 0, 10, 391.20, 2358574, 72, 85478, 0
6646, 203, 34, 63, 0, 0, 30.90%, 23, 0, 10, 431.13, 2360716, 72, 85538, 0
6651, 203, 5, 63, 0, 0, 30.90%, 23, 0, 10, 379.88, 2361968, 72, 85581, 0
6656, 203, 34, 63, 0, 0, 30.90%, 23, 0, 10, 371.74, 2363965, 72, 85643, 0
6661, 203, 34, 63, 0, 0, 30.90%, 23, 0, 10, 381.94, 2365921, 72, 85705, 0
6666, 204, 7, 63, 0, 0, 30.90%, 23, 0, 10, 393.92, 2367915, 72, 85756, 0
6671, 204, 16, 63, 0, 0, 30.90%, 23, 0, 10, 371.96, 2369759, 72, 85816, 0
6677, 204, 2, 63, 0, 0, 30.90%, 23, 0, 10, 205.65, 2370972, 72, 85855, 0
6682, 204, 34, 63, 0, 0, 30.90%, 23, 0, 10, 332.48, 2372888, 72, 85911, 0
6687, 204, 46, 63, 0, 0, 30.90%, 23, 0, 10, 360.16, 2374784, 72, 85986, 0
6692, 205, 5, 63, 0, 0, 30.90%, 23, 0, 10, 406.11, 2376918, 72, 86034, 0
6697, 205, 11, 63, 0, 0, 30.90%, 23, 0, 10, 380.67, 2378787, 72, 86081, 0
6702, 205, 34, 63, 0, 0, 30.90%, 23, 0, 10, 392.19, 2380797, 72, 86128, 0
6707, 205, 15, 63, 0, 0, 30.90%, 23, 0, 10, 346.42, 2382450, 72, 86195, 0
6713, 205, 53, 63, 0, 0, 30.90%, 23, 0, 10, 270.33, 2383820, 72, 86274, 0
6718, 205, 7, 63, 0, 0, 30.90%, 23, 0, 10, 368.69, 2385591, 72, 86342, 0
6723, 205, 46, 63, 0, 0, 30.90%, 23, 0, 10, 362.68, 2387484, 72, 86408, 0
6728, 206, 20, 63, 0, 0, 30.90%, 23, 0, 10, 379.62, 2389451, 72, 86447, 0
6733, 206, 2, 63, 0, 0, 30.90%, 23, 0, 10, 388.54, 2391405, 72, 86486, 0
6738, 206, 39, 63, 0, 0, 30.90%, 23, 0, 10, 378.81, 2393369, 72, 86541, 0
6743, 206, 34, 63, 0, 0, 30.90%, 23, 0, 10, 385.22, 2395344, 72, 86607, 0
6748, 206, 60, 63, 0, 0, 30.90%, 23, 0, 10, 412.49, 2397443, 72, 86674, 0
6753, 206, 27, 63, 0, 0, 30.90%, 23, 0, 10, 344.48, 2399237, 72, 86741, 0
6758, 207, 15, 63, 0, 0, 30.90%, 23, 0, 10, 401.04, 2401263, 72, 86796, 0
6764, 207, 12, 63, 0, 0, 30.90%, 23, 0, 10, 359.32, 2402723, 72, 86849, 0
6769, 207, 50, 63, 0, 0, 30.90%, 23, 0, 10, 357.43, 2404602, 72, 86902, 0
6774, 207, 5, 63, 0, 0, 30.90%, 23, 0, 10, 380.54, 2406482, 72, 86962, 0
6779, 207, 46, 63, 0, 0, 30.90%, 23, 0, 10, 367.10, 2408389, 72, 87032, 0
6784, 207, 34, 63, 0, 0, 30.90%, 23, 0, 10, 382.33, 2410457, 72, 87095, 0
6789, 207, 12, 63, 0, 0, 30.90%, 23, 0, 10, 376.84, 2412433, 72, 87161, 0
6794, 208, 49, 63, 0, 0, 30.90%, 23, 0, 10, 273.24, 2414406, 72, 87215, 0
6800, 208, 35, 63, 0, 0, 30.90%, 23, 0, 10, 314.91, 2416077, 72, 87298, 0
6805, 208, 34, 63, 0, 0, 30.90%, 23, 0, 10, 347.13, 2417933, 72, 87371, 0
6810, 208, 49, 63, 0, 0, 30.90%, 23, 0, 10, 358.44, 2419733, 72, 87447, 0
6815, 208, 53, 63, 0, 0, 30.90%, 23, 0, 10, 263.46, 2421001, 72, 87508, 0
6820, 208, 15, 63, 0, 0, 30.90%, 23, 0, 10, 361.78, 2422800, 72, 87564, 0
6825, 208, 49, 63, 0, 0, 30.90%, 23, 0, 10, 392.38, 2424863, 72, 87632, 0
6830, 208, 8, 63, 0, 0, 30.90%, 23, 0, 10, 87.49, 2425928, 72, 87694, 0
6835, 209, 56, 63, 0, 0, 30.90%, 23, 0, 10, 379.07, 2427651, 72, 87768, 0
6840, 209, 46, 63, 0, 0, 30.90%, 23, 0, 10, 352.55, 2429350, 72, 87830, 0
6845, 209, 34, 63, 0, 0, 30.90%, 23, 0, 10, 380.10, 2431209, 72, 87905, 0
6851, 209, 49, 63, 0, 0, 30.90%, 23, 0, 10, 361.67, 2433129, 72, 87980, 0
6856, 209, 15, 63, 0, 0, 30.90%, 23, 0, 10, 444.72, 2435509, 72, 88041, 0
6861, 209, 56, 63, 0, 0, 30.90%, 23, 0, 10, 352.42, 2437215, 72, 88117, 0
6866, 210, 55, 63, 0, 0, 30.90%, 23, 0, 10, 318.83, 2438799, 72, 88176, 0
6871, 210, 58, 63, 0, 0, 30.90%, 23, 0, 10, 66.19, 2439995, 72, 88220, 0
6876, 210, 15, 63, 0, 0, 30.90%, 23, 0, 10, 501.24, 2442142, 72, 88289, 0
6881, 210, 46, 63, 0, 0, 30.90%, 23, 0, 10, 376.33, 2443911, 72, 88366, 0
6886, 210, 17, 63, 0, 0, 30.90%, 23, 0, 10, 415.90, 2446186, 72, 88417, 0
6892, 210, 19, 63, 0, 0, 30.90%, 23, 0, 10, 360.90, 2447920, 72, 88500, 0
6897, 211, 34, 63, 0, 0, 30.90%, 23, 0, 10, 406.03, 2450024, 72, 88567, 0
6902, 211, 49, 63, 0, 0, 30.90%, 23, 0, 10, 392.38, 2452093, 72, 88622, 0
6907, 211, 53, 63, 0, 0, 30.90%, 23, 0, 10, 279.32, 2453489, 72, 88684, 0
6912, 211, 59, 63, 0, 0, 30.90%, 23, 0, 10, 302.34, 2454862, 72, 88750, 0
6917, 211, 34, 63, 0, 0, 30.90%, 23, 0, 10, 360.14, 2456837, 72, 88825, 0
6922, 211, 49, 63, 0, 0, 30.90%, 23, 0, 10, 374.72, 2458799, 72, 88875, 0
6927, 211, 46, 63, 0, 0, 30.90%, 23, 0, 10, 413.89, 2460909, 72, 88941, 0
6932, 212, 49, 63, 0, 0, 30.90%, 23, 0, 10, 338.25, 2462497, 72, 89006, 0
6937, 212, 17, 63, 0, 0, 30.90%, 23, 0, 10, 404.55, 2464471, 72, 89045, 0
6943, 212, 17, 63, 0, 0, 30.90%, 23, 0, 10, 432.01, 2466688, 72, 89112, 0
6948, 212, 34, 63, 0, 0, 30.90%, 23, 0, 10, 422.09, 2468930, 72, 89166, 0
6953, 212, 7, 63, 0, 0, 30.90%, 23, 0, 10, 382.35, 2470897, 72, 89228, 0
6958, 212, 39, 63, 0, 0, 30.90%, 23, 0, 10, 334.50, 2472638, 72, 89277, 0
6963, 213, 34, 63, 0, 0, 30.90%, 23, 0, 10, 393.40, 2474670, 72, 89322, 0
6968, 213, 20, 63, 0, 0, 30.90%, 23, 0, 10, 360.58, 2476412, 72, 89385, 0
6973, 213, 49, 63, 0, 0, 30.90%, 23, 0, 10, 297.86, 2478416, 72, 89455, 0
6978, 213, 58, 63, 0, 0, 30.90%, 23, 0, 10, 286.62, 2479963, 72, 89532, 0
6983, 213, 54, 63, 0, 0, 30.90%, 23, 0, 10, 331.65, 2481716, 72, 89601, 0
6988, 213, 49, 63, 0, 0, 30.90%, 23, 0, 10, 368.70, 2483658, 72, 89661, 0
6994, 213, 49, 63, 0, 0, 30.90%, 23, 0, 10, 376.77, 2485567, 72, 89713, 0
6999, 214, 49, 63, 0, 0, 30.90%, 23, 0, 10, 352.63, 2487291, 72, 89793, 0
7004, 214, 49, 63, 0, 0, 30.90%, 23, 0, 10, 377.23, 2489156, 72, 89863, 0
7009, 214, 61, 63, 0, 0, 30.90%, 23, 0, 10, 405.20, 2491142, 72, 89929, 0
7014, 214, 47, 63, 0, 0, 30.90%, 23, 0, 10, 409.86, 2493314, 72, 89962, 0
7019, 214, 49, 63, 0, 0, 30.90%, 23, 0, 10, 403.20, 2495420, 72, 90021, 0
7024, 214, 5, 63, 0, 0, 30.90%, 23, 0, 10, 366.41, 2497190, 72, 90089, 0
7029, 215, 29, 63, 0, 0, 30.90%, 23, 0, 10, 343.98, 2499034, 72, 90146, 0
7034, 215, 49, 63, 0, 0, 30.90%, 23, 0, 10, 340.72, 2500829, 72, 90218, 0
7039, 215, 61, 64, 1, 0, 30.90%, 23, 0, 10, 431.78, 2503098, 72, 90236, 0
7044, 215, 49, 64, 1, 0, 30.90%, 23, 0, 10, 245.40, 2504894, 72, 90292, 0
7049, 215, 63, 64, 1, 0, 30.90%, 23, 0, 10, 408.21, 2507115, 72, 90310, 0
7055, 215, 34, 64, 0, 0, 30.90%, 23, 0, 10, 391.93, 2509071, 72, 90376, 0
7060, 215, 17, 64, 0, 0, 30.90%, 23, 0, 10, 385.53, 2511091, 72, 90403, 0
7065, 215, 60, 64, 0, 0, 30.90%, 23, 0, 10, 409.91, 2513091, 72, 90465, 0
7070, 215, 46, 64, 0, 0, 30.90%, 23, 0, 10, 384.95, 2515114, 72, 90505, 0
7075, 215, 56, 64, 0, 0, 30.90%, 23, 0, 10, 358.84, 2516858, 72, 90550, 0
7080, 216, 34, 64, 0, 0, 30.90%, 23, 0, 10, 349.21, 2518651, 72, 90605, 0
7085, 216, 20, 64, 0, 0, 30.90%, 23, 0, 10, 347.23, 2520355, 72, 90670, 0
7090, 216, 20, 64, 0, 0, 30.90%, 23, 0, 10, 380.42, 2522213, 72, 90736, 0
7096, 216, 2, 64, 0, 0, 30.90%, 23, 0, 10, 383.11, 2524143, 72, 90794, 0
7101, 216, 38, 64, 0, 0, 30.90%, 23, 0, 10, 375.55, 2526095, 72, 90863, 0
7106, 217, 46, 64, 0, 0, 30.90%, 23, 0, 10, 340.20, 2527893, 72, 90945, 0
7111, 217, 49, 64, 0, 0, 30.90%, 23, 0, 10, 365.05, 2529757, 72, 91001, 0
7116, 217, 13, 64, 0, 0, 30.90%, 23, 0, 10, 343.99, 2531473, 72, 91066, 0
7121, 217, 20, 64, 0, 0, 30.90%, 23, 0, 10, 383.50, 2533613, 72, 91096, 0
7126, 217, 34, 64, 0, 0, 30.90%, 23, 0, 10, 335.76, 2535212, 72, 91154, 0
7131, 217, 59, 64, 0, 0, 30.90%, 23, 0, 10, 406.66, 2537372, 72, 91211, 0
7136, 218, 5, 64, 0, 0, 30.90%, 23, 0, 10, 482.15, 2539899, 72, 91236, 0
7141, 218, 35, 64, 0, 0, 30.90%, 23, 0, 10, 390.05, 2541754, 72, 91303, 0
7147, 218, 41, 64, 0, 0, 30.90%, 23, 0, 10, 384.32, 2543842, 72, 91349, 0
7152, 218, 38, 64, 0, 0, 30.90%, 23, 0, 10, 328.54, 2545498, 72, 91425, 0
7157, 218, 53, 64, 0, 0, 30.90%, 23, 0, 10, 362.57, 2547576, 72, 91486, 0
7162, 218, 23, 64, 0, 0, 30.90%, 23, 0, 10, 348.42, 2549164, 72, 91551, 0
7167, 218, 19, 64, 0, 0, 30.90%, 23, 0, 10, 359.56, 2550950, 72, 91596, 0
7172, 218, 53, 64, 0, 0, 30.90%, 23, 0, 10, 314.88, 2552726, 72, 91660, 0
7177, 219, 30, 64, 0, 0, 30.90%, 23, 0, 10, 341.13, 2554354, 72, 91733, 0
7182, 219, 29, 64, 0, 0, 30.90%, 23, 0, 10, 405.12, 2556402, 72, 91793, 0
7187, 219, 34, 64, 0, 0, 30.90%, 23, 0, 10, 447.90, 2557740, 72, 91838, 0
7193, 219, 29, 64, 0, 0, 30.90%, 23, 0, 10, 426.28, 2559977, 72, 91890, 0
7198, 219, 16, 64, 0, 0, 30.90%, 23, 0, 10, 332.88, 2561808, 72, 91958, 0
7203, 219, 46, 64, 0, 0, 30.90%, 23, 0, 10, 379.84, 2563867, 72, 92016, 0
7208, 220, 46, 64, 0, 0, 30.90%, 23, 0, 10, 190.58, 2564880, 72, 92063, 0
7213, 220, 48, 64, 0, 0, 30.90%, 23, 0, 10, 296.24, 2566657, 72, 92137, 0
7218, 220, 46, 64, 0, 0, 30.90%, 23, 0, 10, 344.54, 2568484, 72, 92201, 0
7223, 220, 53, 64, 0, 0, 30.90%, 23, 0, 10, 331.85, 2570300, 72, 92265, 0
7228, 220, 19, 64, 0, 0, 30.90%, 23, 0, 10, 297.12, 2571678, 72, 92330, 0
7233, 220, 49, 64, 0, 0, 30.90%, 23, 0, 10, 344.78, 2573465, 72, 92386, 0
7238, 220, 15, 64, 0, 0, 30.90%, 23, 0, 10, 452.33, 2574765, 72, 92444, 0
7243, 220, 63, 64, 0, 0, 30.90%, 23, 0, 10, 428.32, 2576933, 72, 92481, 0
7248, 220, 49, 64, 0, 0, 30.90%, 23, 0, 10, 358.24, 2578734, 72, 92533, 0
7254, 221, 5, 64, 0, 0, 30.90%, 23, 0, 10, 298.17, 2580227, 72, 92598, 0
7259, 221, 43, 64, 0, 0, 30.90%, 23, 0, 10, 382.31, 2582212, 72, 92637, 0
7264, 221, 27, 64, 0, 0, 30.90%, 23, 0, 10, 398.20, 2584336, 72, 92701, 0
7269, 221, 49, 64, 0, 0, 30.90%, 23, 0, 10, 360.48, 2586175, 72, 92741, 0
7274, 221, 56, 64, 0, 0, 30.90%, 23, 0, 10, 354.89, 2587926, 72, 92797, 0
7279, 221, 2, 64, 0, 0, 30.90%, 23, 0, 10, 366.53, 2589810, 72, 92852, 0
7284, 222, 49, 64, 0, 0, 30.90%, 23, 0, 10, 357.62, 2591787, 72, 92910, 0
7289, 222, 49, 64, 0, 0, 30.90%, 23, 0, 10, 320.89, 2593196, 72, 92957, 0
7295, 222, 49, 64, 0, 0, 30.90%, 23, 0, 10, 375.06, 2595141, 72, 93019, 0
7300, 222, 50, 64, 0, 0, 30.90%, 23, 0, 10, 345.71, 2596858, 72, 93095, 0
7305, 222, 61, 64, 0, 0, 30.90%, 23, 0, 10, 386.94, 2598910, 72, 93134, 0
7310, 222, 61, 64, 0, 0, 30.90%, 23, 0, 10, 402.61, 2600978, 72, 93169, 0
7315, 223, 45, 64, 0, 0, 30.90%, 23, 0, 10, 390.97, 2602973, 72, 93209, 0
7320, 223, 50, 64, 0, 0, 30.90%, 23, 0, 10, 358.28, 2604649, 72, 93277, 0
7325, 223, 34, 64, 0, 0, 30.90%, 23, 0, 10, 399.27, 2606651, 72, 93329, 0
7330, 223, 57, 64, 0, 0, 30.90%, 23, 0, 10, 324.56, 2608429, 72, 93354, 0
7335, 223, 34, 64, 0, 0, 30.90%, 23, 0, 10, 415.22, 2610582, 72, 93397, 0
7340, 223, 62, 64, 0, 0, 30.90%, 23, 0, 10, 371.59, 2612529, 72, 93474, 0
7345, 224, 34, 64, 0, 0, 30.90%, 23, 0, 10, 454.94, 2614950, 72, 93527, 0
7351, 224, 8, 64, 0, 0, 30.90%, 23, 0, 10, 417.98, 2617054, 72, 93584, 0
7356, 224, 49, 64, 0, 0, 30.90%, 23, 0, 10, 391.82, 2619087, 72, 93644, 0
7361, 224, 5, 64, 0, 0, 30.90%, 23, 0, 10, 400.00, 2621088, 72, 93707, 0
7366, 224, 49, 64, 0, 0, 30.90%, 23, 0, 10, 354.21, 2622896, 72, 93770, 0
7371, 224, 59, 64, 0, 0, 30.90%, 23, 0, 10, 386.16, 2624835, 72, 93853, 0
7376, 224, 55, 64, 0, 0, 30.90%, 23, 0, 10, 422.64, 2627027, 72, 93907, 0
7381, 225, 54, 64, 0, 0, 30.90%, 23, 0, 10, 425.60, 2629282, 72, 93930, 0
7386, 225, 34, 64, 0, 0, 30.90%, 23, 0, 10, 400.34, 2631215, 72, 94002, 0
7392, 225, 58, 64, 0, 0, 30.90%, 23, 0, 10, 362.37, 2633176, 72, 94041, 0
7397, 225, 29, 64, 0, 0, 30.90%, 23, 0, 10, 317.04, 2634831, 72, 94108, 0
7402, 225, 49, 64, 0, 0, 30.90%, 23, 0, 10, 154.86, 2635872, 72, 94136, 0
7407, 225, 59, 64, 0, 0, 30.90%, 23, 0, 10, 309.60, 2637447, 72, 94167, 0
7412, 225, 17, 64, 0, 0, 30.90%, 23, 0, 10, 464.60, 2639298, 72, 94224, 0
7417, 226, 44, 64, 0, 0, 30.90%, 23, 0, 10, 417.70, 2641376, 72, 94275, 0
7422, 226, 46, 64, 0, 0, 30.90%, 23, 0, 10, 368.77, 2643011, 72, 94335, 0
7427, 226, 15, 64, 0, 0, 30.90%, 23, 0, 10, 378.65, 2644913, 72, 94398, 0
7432, 226, 49, 64, 0, 0, 30.90%, 23, 0, 10, 375.31, 2646908, 72, 94470, 0
7437, 226, 49, 64, 0, 0, 30.90%, 23, 0, 10, 350.36, 2648764, 72, 94544, 0
7442, 226, 46, 64, 0, 0, 30.90%, 23, 0, 10, 409.90, 2650384, 72, 94601, 0
7448, 226, 12, 64, 0, 0, 30.90%, 23, 0, 10, 309.94, 2652094, 72, 94628, 0
7453, 227, 46, 64, 0, 0, 30.90%, 23, 0, 10, 334.40, 2653788, 72, 94695, 0
7458, 227, 20, 64, 0, 0, 30.90%, 23, 0, 10, 383.67, 2655865, 72, 94744, 0
7463, 227, 20, 64, 0, 0, 30.90%, 23, 0, 10, 367.18, 2657746, 72, 94809, 0
7468, 227, 46, 64, 0, 0, 30.90%, 23, 0, 10, 358.41, 2659536, 72, 94871, 0
7473, 227, 28, 64, 0, 0, 30.90%, 23, 0, 10, 374.18, 2661539, 72, 94931, 0
7478, 227, 58, 64, 0, 0, 30.90%, 23, 0, 10, 76.33, 2663086, 72, 94982, 0
7483, 228, 49, 64, 0, 0, 30.90%, 23, 0, 10, 276.71, 2664791, 72, 95034, 0
7488, 228, 13, 64, 0, 0, 30.90%, 23, 0, 10, 386.32, 2666945, 72, 95081, 0
7494, 228, 15, 64, 0, 0, 30.90%, 23, 0, 10, 484.79, 2668251, 72, 95136, 0
7499, 228, 48, 64, 0, 0, 30.90%, 23, 0, 10, 404.12, 2670253, 72, 95194, 0
7504, 228, 53, 64, 0, 0, 30.90%, 23, 0, 10, 384.28, 2672155, 72, 95250, 0
7509, 228, 53, 64, 0, 0, 30.90%, 23, 0, 10, 237.95, 2673190, 72, 95309, 0
7514, 229, 13, 64, 0, 0, 30.90%, 23, 0, 10, 331.01, 2674908, 72, 95374, 0
7519, 229, 46, 64, 0, 0, 30.90%, 23, 0, 10, 275.46, 2676319, 72, 95426, 0
7524, 229, 59, 64, 0, 0, 30.90%, 23, 0, 10, 407.12, 2678505, 72, 95500, 0
7529, 229, 46, 64, 0, 0, 30.90%, 23, 0, 10, 406.61, 2680578, 72, 95545, 0
7535, 229, 5, 64, 0, 0, 30.90%, 23, 0, 10, 402.92, 2682550, 72, 95604, 0
7540, 229, 57, 64, 0, 0, 30.90%, 23, 0, 10, 383.80, 2684557, 72, 95663, 0
7545, 229, 53, 64, 0, 0, 30.90%, 23, 0, 10, 307.91, 2685927, 72, 95743, 0
7550, 230, 13, 64, 0, 0, 30.90%, 23, 0, 10, 364.20, 2687642, 72, 95815, 0
7555, 230, 13, 64, 0, 0, 30.90%, 23, 0, 10, 370.56, 2689430, 72, 95889, 0
7560, 230, 53, 64, 0, 0, 30.90%, 23, 0, 10, 333.88, 2691283, 72, 95952, 0
7565, 230, 56, 64, 0, 0, 30.90%, 23, 0, 10, 253.64, 2692431, 72, 96003, 0
7570, 230, 49, 64, 0, 0, 30.90%, 23, 0, 10, 295.95, 2694004, 72, 96072, 0
7575, 230, 46, 64, 0, 0, 30.90%, 23, 0, 10, 381.45, 2696113, 72, 96122, 0
7580, 230, 20, 64, 0, 0, 30.90%, 23, 0, 10, 395.83, 2698192, 72, 96183, 0
7586, 231, 46, 64, 0, 0, 30.90%, 23, 0, 10, 393.71, 2700293, 72, 96241, 0
7591, 231, 13, 64, 0, 0, 30.90%, 23, 0, 10, 439.14, 2702592, 72, 96286, 0
7596, 231, 13, 64, 0, 0, 30.90%, 23, 0, 10, 408.73, 2704685, 72, 96339, 0
7601, 231, 43, 64, 0, 0, 30.90%, 23, 0, 10, 332.15, 2706177, 72, 96404, 0
7606, 231, 17, 64, 0, 0, 30.90%, 23, 0, 10, 398.37, 2708212, 72, 96463, 0
7611, 232, 21, 64, 0, 0, 30.90%, 23, 0, 10, 407.83, 2710279, 72, 96518, 0
7616, 232, 12, 64, 0, 0, 30.90%, 23, 0, 10, 448.90, 2712561, 72, 96556, 0
7621, 232, 53, 64, 0, 0, 30.90%, 23, 0, 10, 345.54, 2714402, 72, 96605, 0
7626, 232, 46, 64, 0, 0, 30.90%, 23, 0, 10, 269.91, 2715606, 72, 96667, 0
7631, 232, 34, 64, 0, 0, 30.90%, 23, 0, 10, 398.39, 2717787, 72, 96694, 0
7636, 232, 53, 64, 0, 0, 30.90%, 23, 0, 10, 292.50, 2719183, 72, 96751, 0
7642, 232, 46, 64, 0, 0, 30.90%, 23, 0, 10, 388.65, 2721191, 72, 96796, 0
7647, 233, 20, 64, 0, 0, 30.90%, 23, 0, 10, 422.90, 2723458, 72, 96854, 0
7652, 233, 46, 64, 0, 0, 30.90%, 23, 0, 10, 415.43, 2725600, 72, 96921, 0
7657, 233, 53, 64, 0, 0, 30.90%, 23, 0, 10, 278.27, 2726936, 72, 96981, 0
7662, 233, 60, 64, 0, 0, 30.90%, 23, 0, 10, 349.72, 2728637, 72, 97050, 0
7667, 233, 61, 64, 0, 0, 30.90%, 23, 0, 10, 414.48, 2730741, 72, 97109, 0
7672, 233, 53, 64, 0, 0, 30.90%, 23, 0, 10, 377.36, 2732740, 72, 97135, 0
7677, 233, 53, 64, 0, 0, 30.90%, 23, 0, 10, 269.53, 2733949, 72, 97210, 0
7682, 233, 7, 64, 0, 0, 30.90%, 23, 0, 10, 329.44, 2735738, 72, 97280, 0
7688, 234, 46, 64, 0, 0, 30.90%, 23, 0, 10, 344.65, 2737586, 72, 97351, 0
7693, 234, 53, 64, 0, 0, 30.90%, 23, 0, 10, 63.36, 2739045, 72, 97410, 0
7698, 234, 5, 64, 0, 0, 30.90%, 23, 0, 10, 288.92, 2740649, 72, 97478, 0
7703, 234, 49, 64, 0, 0, 30.90%, 23, 0, 10, 308.57, 2742380, 72, 97544, 0
7708, 234, 57, 64, 0, 0, 30.90%, 23, 0, 10, 305.69, 2744055, 72, 97591, 0
7713, 234, 7, 64, 0, 0, 30.90%, 23, 0, 10, 339.98, 2745824, 72, 97644, 0
7718, 234, 29, 64, 0, 0, 30.90%, 23, 0, 10, 329.28, 2747333, 72, 97708, 0
7723, 234, 25, 64, 0, 0, 30.90%, 23, 0, 10, 226.84, 2748472, 72, 97743, 0
7729, 234, 61, 64, 0, 0, 30.90%, 23, 0, 10, 325.31, 2750157, 72, 97784, 0
7734, 235, 58, 64, 0, 0, 30.90%, 23, 0, 10, 304.98, 2752214, 72, 97825, 0
7739, 235, 46, 64, 0, 0, 30.90%, 23, 0, 10, 296.72, 2753618, 72, 97874, 0
7744, 235, 34, 64, 0, 0, 30.90%, 23, 0, 10, 235.65, 2754865, 72, 97920, 0
7749, 235, 52, 64, 0, 0, 30.90%, 23, 0, 10, 358.97, 2756906, 72, 97974, 0
7754, 235, 49, 64, 0, 0, 30.90%, 23, 0, 10, 336.84, 2758621, 72, 98041, 0
7759, 235, 46, 64, 0, 0, 30.90%, 23, 0, 10, 375.95, 2760631, 72, 98065, 0
7764, 235, 49, 64, 0, 0, 30.90%, 23, 0, 10, 312.97, 2762061, 72, 98120, 0
7769, 236, 46, 64, 0, 0, 30.90%, 23, 0, 10, 329.09, 2763799, 72, 98179, 0
7774, 236, 63, 64, 0, 0, 30.90%, 23, 0, 10, 401.03, 2765795, 72, 98215, 0
7779, 236, 46, 64, 0, 0, 30.90%, 23, 0, 10, 351.08, 2767694, 72, 98257, 0
7784, 236, 57, 64, 0, 0, 30.90%, 23, 0, 10, 269.13, 2769007, 72, 98311, 0
7790, 236, 20, 64, 0, 0, 30.90%, 23, 0, 10, 330.56, 2770532, 72, 98364, 0
7795, 236, 53, 64, 0, 0, 30.90%, 23, 0, 10, 283.16, 2772034, 72, 98419, 0
7800, 236, 57, 64, 0, 0, 30.90%, 23, 0, 10, 373.90, 2773991, 72, 98479, 0
7805, 236, 45, 64, 0, 0, 30.90%, 23, 0, 10, 345.57, 2775539, 72, 98518, 0
7810, 237, 12, 64, 0, 0, 30.90%, 23, 0, 10, 340.60, 2777314, 72, 98597, 0
7815, 237, 34, 64, 0, 0, 30.90%, 23, 0, 10, 376.65, 2779214, 72, 98654, 0
7820, 237, 49, 64, 0, 0, 30.90%, 23, 0, 10, 467.96, 2780813, 72, 98694, 0
7826, 237, 57, 64, 0, 0, 30.90%, 23, 0, 10, 345.01, 2782549, 72, 98755, 0
7831, 237, 29, 64, 0, 0, 30.90%, 23, 0, 10, 363.71, 2784526, 72, 98811, 0
7836, 237, 63, 64, 0, 0, 30.90%, 23, 0, 10, 386.17, 2786506, 72, 98849, 0
7841, 238, 49, 64, 0, 0, 30.90%, 23, 0, 10, 362.18, 2788294, 72, 98908, 0
7846, 238, 58, 64, 0, 0, 30.90%, 23, 0, 10, 312.68, 2790019, 72, 98958, 0
7851, 238, 46, 64, 0, 0, 30.90%, 23, 0, 10, 297.08, 2791342, 72, 99025, 0
7856, 238, 49, 64, 0, 0, 30.90%, 23, 0, 10, 319.98, 2793135, 72, 99095, 0
7861, 238, 14, 64, 0, 0, 30.90%, 23, 0, 10, 396.60, 2795164, 72, 99152, 0
7866, 238, 46, 64, 0, 0, 30.90%, 23, 0, 10, 361.10, 2797078, 72, 99206, 0
7871, 238, 53, 64, 0, 0, 30.90%, 23, 0, 10, 287.24, 2798531, 72, 99269, 0
7877, 239, 46, 64, 0, 0, 30.90%, 23, 0, 10, 300.31, 2800004, 72, 99336, 0
7882, 239, 42, 64, 0, 0, 30.90%, 23, 0, 10, 370.80, 2801980, 72, 99408, 0
7887, 239, 46, 64, 0, 0, 30.90%, 23, 0, 10, 138.07, 2803509, 72, 99458, 0
7892, 239, 53, 64, 0, 0, 30.90%, 23, 0, 10, 243.78, 2805009, 72, 99528, 0
7897, 239, 49, 64, 0, 0, 30.90%, 23, 0, 10, 279.38, 2806388, 72, 99598, 0
7902, 239, 46, 64, 0, 0, 30.90%, 23, 0, 10, 358.50, 2808390, 72, 99666, 0
7907, 239, 34, 64, 0, 0, 30.90%, 23, 0, 10, 291.41, 2810156, 72, 99703, 0
7912, 240, 39, 64, 0, 0, 30.90%, 23, 0, 10, 297.65, 2811823, 72, 99771, 0
7917, 240, 62, 64, 0, 0, 30.90%, 23, 0, 10, 350.51, 2813582, 72, 99835, 0
7923, 240, 20, 64, 0, 0, 30.90%, 23, 0, 10, 384.30, 2815654, 72, 99860, 0
7928, 240, 57, 64, 0, 0, 30.90%, 23, 0, 10, 333.55, 2817414, 72, 99917, 0
7933, 240, 46, 64, 0, 0, 30.90%, 23, 0, 10, 360.71, 2819147, 72, 99961, 0
7938, 240, 49, 64, 0, 0, 30.90%, 23, 0, 10, 367.78, 2821117, 72, 100030, 0
7943, 241, 41, 64, 0, 0, 30.90%, 23, 0, 10, 83.89, 2822498, 72, 100073, 0
7948, 241, 46, 64, 0, 0, 30.90%, 23, 0, 10, 386.16, 2824468, 72, 100139, 0
7953, 241, 57, 64, 0, 0, 30.90%, 23, 0, 10, 272.93, 2825857, 72, 100191, 0
7958, 241, 34, 64, 0, 0, 30.90%, 23, 0, 10, 352.28, 2827552, 72, 100238, 0
7963, 241, 20, 64, 0, 0, 30.90%, 23, 0, 10, 158.10, 2829124, 72, 100280, 0
7968, 241, 17, 64, 0, 0, 30.90%, 23, 0, 10, 316.64, 2831052, 72, 100319, 0
7973, 241, 15, 64, 0, 0, 30.90%, 23, 0, 10, 399.41, 2833119, 72, 100348, 0
7979, 242, 34, 64, 0, 0, 30.90%, 23, 0, 10, 428.78, 2835367, 72, 100392, 0
7984, 242, 13, 64, 0, 0, 30.90%, 23, 0, 10, 409.45, 2837350, 72, 100426, 0
7989, 242, 57, 64, 0, 0, 30.90%, 23, 0, 10, 240.77, 2838451, 72, 100471, 0
7994, 242, 53, 64, 0, 0, 30.90%, 23, 0, 10, 244.67, 2839751, 72, 100547, 0
7999, 242, 49, 64, 0, 0, 30.90%, 23, 0, 10, 338.18, 2841505, 72, 100609, 0
8004, 242, 49, 64, 0, 0, 30.90%, 23, 0, 10, 308.56, 2843020, 72, 100684, 0
8009, 242, 61, 64, 0, 0, 30.90%, 23, 0, 10, 380.78, 2844962, 72, 100746, 0
8014, 242, 49, 64, 0, 0, 30.90%, 23, 0, 10, 373.02, 2846887, 72, 100795, 0
8019, 242, 53, 64, 0, 0, 30.90%, 23, 0, 10, 289.56, 2848268, 72, 100889, 0
8024, 243, 20, 64, 0, 0, 30.90%, 23, 0, 10, 397.62, 2850347, 72, 100953, 0
8029, 243, 53, 64, 0, 0, 30.90%, 23, 0, 10, 304.99, 2851905, 72, 101029, 0
8034, 243, 17, 64, 0, 0, 30.90%, 23, 0, 10, 275.00, 2853220, 72, 101095, 0
8040, 243, 49, 64, 0, 0, 30.90%, 23, 0, 10, 375.58, 2855306, 72, 101160, 0
8045, 243, 34, 64, 0, 0, 30.90%, 23, 0, 10, 364.90, 2857174, 72, 101236, 0
8050, 243, 44, 64, 0, 0, 30.90%, 23, 0, 10, 362.17, 2859113, 72, 101308, 0
8055, 244, 50, 64, 0, 0, 30.90%, 23, 0, 10, 386.64, 2861061, 72, 101377, 0
8060, 244, 17, 64, 0, 0, 30.90%, 23, 0, 10, 415.17, 2863012, 72, 101430, 0
8065, 244, 34, 64, 0, 0, 30.90%, 23, 0, 10, 362.29, 2864791, 72, 101497, 0
8070, 244, 49, 64, 0, 0, 30.90%, 23, 0, 10, 380.90, 2866726, 72, 101552, 0
8075, 244, 15, 64, 0, 0, 30.90%, 23, 0, 10, 370.39, 2868600, 72, 101613, 0
8081, 244, 29, 64, 0, 0, 30.90%, 23, 0, 10, 347.60, 2870456, 72, 101681, 0
8086, 244, 17, 64, 0, 0, 30.90%, 23, 0, 10, 337.31, 2872199, 72, 101737, 0
8091, 244, 43, 64, 0, 0, 30.90%, 23, 0, 10, 341.85, 2873950, 72, 101796, 0
8096, 245, 63, 64, 0, 0, 30.90%, 23, 0, 10, 389.79, 2875945, 72, 101862, 0
8101, 245, 49, 64, 0, 0, 30.90%, 23, 0, 10, 383.21, 2877971, 72, 101901, 0
8106, 245, 53, 64, 0, 0, 30.90%, 23, 0, 10, 285.45, 2879429, 72, 101963, 0
8111, 245, 59, 64, 0, 0, 30.90%, 23, 0, 10, 308.47, 2880831, 72, 102034, 0
8116, 245, 51, 64, 0, 0, 30.90%, 23, 0, 10, 393.61, 2882992, 72, 102097, 0
8121, 245, 34, 64, 0, 0, 30.90%, 23, 0, 10, 341.84, 2884596, 72, 102173, 0
8126, 245, 43, 64, 0, 0, 30.90%, 23, 0, 10, 403.01, 2886564, 72, 102234, 0
8132, 246, 57, 64, 0, 0, 30.90%, 23, 0, 10, 375.13, 2888593, 72, 102271, 0
8137, 246, 63, 64, 0, 0, 30.90%, 23, 0, 10, 363.32, 2890275, 72, 102315, 0
8142, 246, 46, 64, 0, 0, 30.90%, 23, 0, 10, 424.62, 2892516, 72, 102353, 0
8147, 246, 46, 64, 0, 0, 30.90%, 23, 0, 10, 357.12, 2894283, 72, 102429, 0
8152, 246, 15, 64, 0, 0, 30.90%, 23, 0, 10, 431.83, 2896418, 72, 102487, 0
8157, 246, 15, 64, 0, 0, 30.90%, 23, 0, 10, 424.03, 2898542, 72, 102520, 0
8162, 246, 56, 64, 0, 0, 30.90%, 23, 0, 10, 338.57, 2900286, 72, 102598, 0
8167, 246, 58, 64, 0, 0, 30.90%, 23, 0, 10, 48.43, 2901700, 72, 102653, 0
8172, 247, 53, 64, 0, 0, 30.90%, 23, 0, 10, 323.54, 2903466, 72, 102702, 0
8177, 247, 17, 64, 0, 0, 30.90%, 23, 0, 10, 264.62, 2904660, 72, 102772, 0
8182, 247, 49, 64, 0, 0, 30.90%, 23, 0, 10, 328.56, 2906496, 72, 102835, 0
8188, 247, 51, 64, 0, 0, 30.90%, 23, 0, 10, 375.71, 2908588, 72, 102888, 0
8193, 247, 49, 64, 0, 0, 30.90%, 23, 0, 10, 379.94, 2910470, 72, 102954, 0
8198, 247, 61, 64, 0, 0, 30.90%, 23, 0, 10, 343.35, 2912127, 72, 103013, 0
8203, 247, 61, 64, 0, 0, 30.90%, 23, 0, 10, 412.41, 2914291, 72, 103029, 0
8208, 248, 15, 64, 0, 0, 30.90%, 23, 0, 10, 405.40, 2916322, 72, 103083, 0
8213, 248, 49, 64, 0, 0, 30.90%, 23, 0, 10, 420.16, 2918444, 72, 103146, 0
8218, 248, 19, 64, 0, 0, 30.90%, 23, 0, 10, 353.61, 2920043, 72, 103222, 0
8223, 248, 49, 64, 0, 0, 30.90%, 23, 0, 10, 354.37, 2921717, 72, 103270, 0
8228, 248, 49, 64, 0, 0, 30.90%, 23, 0, 10, 148.13, 2923084, 72, 103312, 0
8233, 248, 63, 64, 0, 0, 30.90%, 23, 0, 10, 339.45, 2924833, 72, 103359, 0
8238, 248, 12, 64, 0, 0, 30.90%, 23, 0, 10, 394.31, 2926899, 72, 103387, 0
8243, 249, 46, 64, 0, 0, 30.90%, 23, 0, 10, 367.72, 2928764, 72, 103455, 0
8248, 249, 21, 64, 0, 0, 30.90%, 23, 0, 10, 246.69, 2929904, 72, 103508, 0
8253, 249, 53, 64, 0, 0, 30.90%, 23, 0, 10, 321.96, 2931620, 72, 103576, 0
8258, 249, 62, 64, 0, 0, 30.90%, 23, 0, 10, 294.25, 2932958, 72, 103649, 0
8264, 249, 5, 64, 0, 0, 30.90%, 23, 0, 10, 323.15, 2934641, 72, 103722, 0
8269, 249, 17, 64, 0, 0, 30.90%, 23, 0, 10, 365.34, 2936624, 72, 103799, 0
8274, 249, 61, 64, 0, 0, 30.90%, 23, 0, 10, 409.13, 2938622, 72, 103841, 0
8279, 249, 8, 64, 0, 0, 30.90%, 23, 0, 10, 364.42, 2940458, 72, 103897, 0
8284, 249, 49, 64, 0, 0, 30.90%, 23, 0, 10, 461.95, 2942294, 72, 103977, 0
8289, 250, 50, 64, 0, 0, 30.90%, 23, 0, 10, 366.23, 2943999, 72, 104048, 0
8294, 250, 13, 64, 0, 0, 30.90%, 23, 0, 10, 399.34, 2945977, 72, 104114, 0
8299, 250, 5, 64, 0, 0, 30.90%, 23, 0, 10, 382.44, 2947872, 72, 104179, 0
8305, 250, 63, 64, 0, 0, 30.90%, 23, 0, 10, 390.87, 2949880, 72, 104215, 0
8310, 250, 58, 64, 0, 0, 30.90%, 23, 0, 10, 378.89, 2951906, 72, 104247, 0
8315, 250, 49, 64, 0, 0, 30.90%, 23, 0, 10, 408.16, 2953986, 72, 104268, 0
8320, 251, 34, 64, 0, 0, 30.90%, 23, 0, 10, 389.74, 2955900, 72, 104331, 0
8325, 251, 8, 64, 0, 0, 30.90%, 23, 0, 10, 394.03, 2957884, 72, 104402, 0
8330, 251, 55, 64, 0, 0, 30.90%, 23, 0, 10, 401.34, 2959883, 72, 104468, 0
8335, 251, 28, 64, 0, 0, 30.90%, 23, 0, 10, 378.56, 2961662, 72, 104543, 0
8340, 251, 57, 64, 0, 0, 30.90%, 23, 0, 10, 321.14, 2963348, 72, 104589, 0
8345, 251, 49, 64, 0, 0, 30.90%, 23, 0, 10, 286.32, 2964536, 72, 104630, 0
8350, 251, 53, 64, 0, 0, 30.90%, 23, 0, 10, 295.53, 2966120, 72, 104705, 0
8355, 252, 19, 64, 0, 0, 30.90%, 23, 0, 10, 363.34, 2968104, 72, 104759, 0
8361, 252, 61, 64, 0, 0, 30.90%, 23, 0, 10, 362.25, 2970008, 72, 104811, 0
8366, 252, 2, 64, 0, 0, 30.90%, 23, 0, 10, 353.94, 2971926, 72, 104880, 0
8371, 252, 12, 64, 0, 0, 30.90%, 23, 0, 10, 427.61, 2974158, 72, 104928, 0
8376, 252, 34, 64, 0, 0, 30.90%, 23, 0, 10, 398.53, 2976120, 72, 104988, 0
8381, 252, 53, 64, 0, 0, 30.90%, 23, 0, 10, 279.50, 2977521, 72, 105054, 0
8386, 252, 49, 64, 0, 0, 30.90%, 23, 0, 10, 283.12, 2978927, 72, 105137, 0
8391, 253, 57, 64, 0, 0, 30.90%, 23, 0, 10, 223.08, 2980175, 72, 105193, 0
8396, 253, 49, 64, 0, 0, 30.90%, 23, 0, 10, 363.66, 2982288, 72, 105258, 0
8402, 253, 63, 64, 0, 0, 30.90%, 23, 0, 10, 417.04, 2984366, 72, 105301, 0
8407, 253, 46, 64, 0, 0, 30.90%, 23, 0, 10, 350.16, 2986159, 72, 105350, 0
8412, 253, 20, 64, 0, 0, 30.90%, 23, 0, 10, 356.42, 2988007, 72, 105415, 0
8417, 253, 46, 64, 0, 0, 30.90%, 23, 0, 10, 406.18, 2990097, 72, 105451, 0
8422, 253, 12, 64, 0, 0, 30.90%, 23, 0, 10, 366.60, 2991856, 72, 105518, 0
8427, 254, 56, 64, 0, 0, 30.90%, 23, 0, 10, 409.06, 2994012, 72, 105551, 0
8432, 254, 34, 64, 0, 0, 30.90%, 23, 0, 10, 387.39, 2995872, 72, 105615, 0
8437, 254, 46, 64, 0, 0, 30.90%, 23, 0, 10, 354.86, 2997736, 72, 105675, 0
8443, 254, 57, 64, 0, 0, 30.90%, 23, 0, 10, 242.41, 2998968, 72, 105722, 0
8448, 254, 61, 64, 0, 0, 30.90%, 23, 0, 10, 372.50, 3000847, 72, 105759, 0
8453, 254, 15, 64, 0, 0, 30.90%, 23, 0, 10, 416.64, 3003060, 72, 105807, 0
8458, 254, 34, 64, 0, 0, 30.90%, 23, 0, 10, 442.10, 3005248, 72, 105859, 0
8463, 255, 18, 64, 0, 0, 30.90%, 23, 0, 10, 373.26, 3007075, 72, 105920, 0
8468, 255, 44, 64, 0, 0, 30.90%, 23, 0, 10, 365.99, 3009021, 72, 105977, 0
8473, 255, 46, 64, 0, 0, 30.90%, 23, 0, 10, 356.84, 3010786, 72, 106051, 0
8478, 255, 7, 64, 0, 0, 30.90%, 23, 0, 10, 393.32, 3012800, 72, 106111, 0
8484, 255, 49, 64, 0, 0, 30.90%, 23, 0, 10, 357.14, 3014681, 72, 106178, 0
8489, 255, 63, 64, 0, 0, 30.90%, 23, 0, 10, 392.66, 3016644, 72, 106243, 0
8494, 255, 49, 64, 0, 0, 30.90%, 23, 0, 10, 392.66, 3018737, 72, 106278, 0
8499, 256, 13, 64, 0, 0, 30.90%, 23, 0, 10, 380.04, 3020527, 72, 106336, 0
8504, 256, 13, 64, 0, 0, 30.90%, 23, 0, 10, 401.37, 3022024, 72, 106373, 0
8509, 256, 34, 64, 0, 0, 30.90%, 23, 0, 10, 394.02, 3023995, 72, 106444, 0
8514, 256, 12, 64, 0, 0, 30.90%, 23, 0, 10, 353.57, 3025782, 72, 106517, 0
8519, 256, 2, 64, 0, 0, 30.90%, 23, 0, 10, 379.23, 3027794, 72, 106545, 0
8525, 256, 49, 64, 0, 0, 30.90%, 23, 0, 10, 379.42, 3029743, 72, 106609, 0
8530, 256, 49, 64, 0, 0, 30.90%, 23, 0, 10, 379.90, 3031685, 72, 106678, 0
8535, 257, 49, 64, 0, 0, 30.90%, 23, 0, 10, 256.11, 3033724, 72, 106733, 0
8540, 257, 49, 64, 0, 0, 30.90%, 23, 0, 10, 255.84, 3034991, 72, 106787, 0
8545, 257, 46, 64, 0, 0, 30.90%, 23, 0, 10, 352.55, 3036900, 72, 106858, 0
8550, 257, 49, 64, 0, 0, 30.90%, 23, 0, 10, 370.46, 3038881, 72, 106921, 0
8555, 257, 49, 64, 0, 0, 30.90%, 23, 0, 10, 308.31, 3040024, 72, 106972, 0
8561, 257, 15, 64, 0, 0, 30.90%, 23, 0, 10, 348.43, 3041888, 72, 107033, 0
8566, 258, 60, 64, 0, 0, 30.90%, 23, 0, 10, 397.72, 3043896, 72, 107088, 0
8571, 258, 46, 64, 0, 0, 30.90%, 23, 0, 10, 416.09, 3046062, 72, 107121, 0
8576, 258, 63, 64, 0, 0, 30.90%, 23, 0, 10, 271.79, 3047265, 72, 107166, 0
8581, 258, 49, 64, 0, 0, 30.90%, 23, 0, 10, 371.79, 3049459, 72, 107205, 0
8586, 258, 46, 64, 0, 0, 30.90%, 23, 0, 10, 396.49, 3051509, 72, 107265, 0
8591, 258, 2, 64, 0, 0, 30.90%, 23, 0, 10, 413.78, 3053534, 72, 107333, 0
8596, 259, 34, 64, 0, 0, 30.90%, 23, 0, 10, 417.22, 3055600, 72, 107379, 0
8601, 259, 20, 64, 0, 0, 30.90%, 23, 0, 10, 346.74, 3057224, 72, 107461, 0
8606, 259, 49, 64, 0, 0, 30.90%, 23, 0, 10, 397.58, 3059249, 72, 107524, 0
8611, 259, 34, 64, 0, 0, 30.90%, 23, 0, 10, 416.39, 3061393, 72, 107576, 0
8616, 259, 58, 64, 0, 0, 30.90%, 23, 0, 10, 346.35, 3063190, 72, 107639, 0
8622, 259, 19, 64, 0, 0, 30.90%, 23, 0, 10, 392.10, 3064761, 72, 107686, 0
8627, 260, 56, 64, 0, 0, 30.90%, 23, 0, 10, 383.34, 3066757, 72, 107752, 0
8632, 260, 7, 64, 0, 0, 30.90%, 23, 0, 10, 353.65, 3068454, 72, 107818, 0
8637, 260, 60, 64, 0, 0, 30.90%, 23, 0, 10, 341.12, 3070268, 72, 107885, 0
8642, 260, 34, 64, 0, 0, 30.90%, 23, 0, 10, 354.84, 3072194, 72, 107958, 0
8647, 260, 63, 64, 0, 0, 30.90%, 23, 0, 10, 403.79, 3074256, 72, 108001, 0
8653, 260, 49, 64, 0, 0, 30.90%, 23, 0, 10, 443.34, 3076607, 72, 108045, 0
8658, 260, 57, 64, 0, 0, 30.90%, 23, 0, 10, 364.04, 3078456, 72, 108111, 0
8663, 261, 49, 64, 0, 0, 30.90%, 23, 0, 10, 392.48, 3080475, 72, 108165, 0
8668, 261, 5, 64, 0, 0, 30.90%, 23, 0, 10, 401.62, 3082391, 72, 108228, 0
8673, 261, 53, 64, 0, 0, 30.90%, 23, 0, 10, 289.08, 3083850, 72, 108293, 0
8678, 261, 15, 64, 0, 0, 30.90%, 23, 0, 10, 342.64, 3085421, 72, 108357, 0
8683, 261, 15, 64, 0, 0, 30.90%, 23, 0, 10, 612.74, 3087214, 72, 108408, 0
8688, 261, 61, 64, 0, 0, 30.90%, 23, 0, 10, 452.61, 3089215, 72, 108443, 0
8694, 261, 46, 64, 0, 0, 30.90%, 23, 0, 10, 377.91, 3091161, 72, 108490, 0
8699, 262, 46, 64, 0, 0, 30.90%, 23, 0, 10, 407.03, 3093166, 72, 108547, 0
8704, 262, 34, 64, 0, 0, 30.90%, 23, 0, 10, 386.13, 3095099, 72, 108610, 0
8709, 262, 49, 64, 0, 0, 30.90%, 23, 0, 10, 329.08, 3096693, 72, 108682, 0
8714, 262, 29, 64, 0, 0, 30.90%, 23, 0, 10, 334.43, 3098409, 72, 108757, 0
8719, 262, 34, 64, 0, 0, 30.90%, 23, 0, 10, 330.32, 3100107, 72, 108813, 0
8724, 263, 58, 64, 0, 0, 30.90%, 23, 0, 10, 374.43, 3102145, 72, 108870, 0
8729, 263, 49, 64, 0, 0, 30.90%, 23, 0, 10, 346.65, 3103828, 72, 108906, 0
8735, 263, 8, 64, 0, 0, 30.90%, 23, 0, 10, 360.40, 3105700, 72, 108963, 0
8740, 263, 49, 64, 0, 0, 30.90%, 23, 0, 10, 364.76, 3107587, 72, 109024, 0
8745, 263, 5, 64, 0, 0, 30.90%, 23, 0, 10, 379.58, 3109439, 72, 109092, 0
8750, 263, 46, 64, 0, 0, 30.90%, 23, 0, 10, 395.12, 3111465, 72, 109152, 0
8755, 263, 29, 64, 0, 0, 30.90%, 23, 0, 10, 307.43, 3112737, 72, 109208, 0
8760, 264, 53, 64, 0, 0, 30.90%, 23, 0, 10, 293.64, 3114288, 72, 109288, 0
8765, 264, 46, 64, 0, 0, 30.90%, 23, 0, 10, 383.08, 3116203, 72, 109356, 0
8770, 264, 2, 64, 0, 0, 30.90%, 23, 0, 10, 436.65, 3118344, 72, 109399, 0
8776, 264, 20, 64, 0, 0, 30.90%, 23, 0, 10, 389.22, 3120165, 72, 109446, 0
8781, 264, 43, 64, 0, 0, 30.90%, 23, 0, 10, 310.87, 3121649, 72, 109509, 0
8786, 264, 55, 64, 0, 0, 30.90%, 23, 0, 10, 354.66, 3123473, 72, 109573, 0
8791, 264, 61, 64, 0, 0, 30.90%, 23, 0, 10, 396.90, 3125584, 72, 109610, 0
8796, 265, 49, 64, 0, 0, 30.90%, 23, 0, 10, 413.89, 3127663, 72, 109659, 0
8801, 265, 56, 64, 0, 0, 30.90%, 23, 0, 10, 341.10, 3129157, 72, 109720, 0
8806, 265, 20, 64, 0, 0, 30.90%, 23, 0, 10, 386.20, 3131163, 72, 109778, 0
8811, 265, 34, 64, 0, 0, 30.90%, 23, 0, 10, 290.85, 3132489, 72, 109847, 0
8816, 265, 56, 64, 0, 0, 30.90%, 23, 0, 10, 356.97, 3134382, 72, 109906, 0
8822, 265, 49, 64, 0, 0, 30.90%, 23, 0, 10, 364.31, 3136252, 72, 109952, 0
8827, 265, 57, 64, 0, 0, 30.90%, 23, 0, 10, 268.96, 3137573, 72, 110004, 0
8832, 266, 46, 64, 0, 0, 30.90%, 23, 0, 10, 354.91, 3139467, 72, 110070, 0
8837, 266, 61, 64, 0, 0, 30.90%, 23, 0, 10, 399.25, 3141513, 72, 110138, 0
8842, 266, 63, 64, 0, 0, 30.90%, 23, 0, 10, 432.16, 3143620, 72, 110168, 0
8847, 266, 49, 64, 0, 0, 30.90%, 23, 0, 10, 391.28, 3145623, 72, 110223, 0
8852, 266, 13, 64, 0, 0, 30.90%, 23, 0, 10, 373.06, 3147415, 72, 110290, 0
8857, 267, 55, 64, 0, 0, 30.90%, 23, 0, 10, 438.26, 3149669, 72, 110339, 0
8862, 267, 59, 64, 0, 0, 30.90%, 23, 0, 10, 413.94, 3151671, 72, 110392, 0
8867, 267, 44, 64, 0, 0, 30.90%, 23, 0, 10, 356.31, 3153515, 72, 110465, 0
8872, 267, 49, 64, 0, 0, 30.90%, 23, 0, 10, 277.82, 3154882, 72, 110510, 0
8877, 267, 20, 64, 0, 0, 30.90%, 23, 0, 10, 324.30, 3156276, 72, 110559, 0
8882, 267, 44, 64, 0, 0, 30.90%, 23, 0, 10, 333.78, 3158054, 72, 110641, 0
8888, 267, 63, 64, 0, 0, 30.90%, 23, 0, 10, 431.73, 3160517, 72, 110672, 0
8890, 267, 46, 64, 0, 0, 30.90%, 23, 0, 10, 383.78, 3161492, 72, 110709, 0
