# relative_time, cycles_done, cur_item, corpus_count, pending_total, pending_favs, map_size, saved_crashes, saved_hangs, max_depth, execs_per_sec, total_execs, edges_found, total_crashes, servers_count
60, 18, 24, 25, 0, 0, 30.59%, 12, 0, 3, 672.53, 45037, 26, 181, 0
66, 20, 6, 25, 0, 0, 30.59%, 12, 0, 3, 723.84, 48803, 26, 202, 0
71, 21, 0, 25, 0, 0, 30.59%, 12, 0, 3, 747.83, 52731, 26, 210, 0
76, 22, 24, 26, 1, 0, 30.59%, 12, 0, 3, 745.54, 56570, 26, 239, 0
81, 23, 6, 26, 1, 0, 30.59%, 12, 0, 3, 736.75, 60254, 26, 266, 0
86, 24, 25, 26, 1, 0, 30.59%, 13, 0, 3, 733.73, 64092, 26, 291, 0
91, 25, 0, 26, 0, 0, 30.59%, 13, 0, 3, 685.94, 67392, 26, 311, 0
96, 27, 6, 26, 0, 0, 30.59%, 13, 0, 3, 682.65, 70944, 26, 319, 0
101, 28, 6, 26, 0, 0, 30.59%, 13, 0, 3, 723.41, 74624, 26, 335, 0
107, 29, 6, 26, 0, 0, 30.59%, 13, 0, 3, 731.69, 78452, 26, 353, 0
112, 30, 24, 26, 0, 0, 30.59%, 13, 0, 3, 704.62, 82019, 26, 367, 0
117, 32, 24, 26, 0, 0, 30.59%, 13, 0, 3, 717.24, 85697, 26, 385, 0
122, 33, 7, 26, 0, 0, 30.59%, 13, 0, 3, 727.17, 89302, 26, 397, 0
127, 34, 6, 26, 0, 0, 30.59%, 13, 0, 3, 730.59, 93121, 26, 407, 0
132, 36, 16, 26, 0, 0, 30.59%, 13, 0, 3, 731.62, 96861, 26, 425, 0
137, 37, 0, 26, 0, 0, 30.59%, 13, 0, 3, 748.53, 100633, 26, 443, 0
142, 38, 7, 26, 0, 0, 30.59%, 13, 0, 3, 749.81, 104400, 26, 462, 0
147, 40, 14, 26, 0, 0, 30.59%, 13, 0, 3, 745.78, 108200, 26, 478, 0
152, 41, 7, 27, 1, 0, 30.59%, 13, 0, 3, 742.86, 112091, 26, 492, 0
157, 42, 6, 27, 0, 0, 30.59%, 13, 0, 3, 748.08, 115839, 26, 516, 0
163, 44, 0, 27, 0, 0, 30.59%, 13, 0, 3, 758.34, 119804, 26, 527, 0
168, 45, 7, 27, 0, 0, 30.59%, 13, 0, 3, 741.28, 123690, 26, 548, 0
173, 46, 0, 27, 0, 0, 30.59%, 13, 0, 3, 672.21, 127249, 26, 570, 0
178, 47, 7, 27, 0, 0, 30.59%, 13, 0, 3, 676.04, 130661, 26, 589, 0
183, 49, 8, 27, 0, 0, 30.59%, 13, 0, 3, 722.21, 134265, 26, 604, 0
188, 50, 6, 27, 0, 0, 30.59%, 13, 0, 3, 752.27, 138215, 26, 635, 0
193, 51, 5, 27, 0, 0, 30.59%, 13, 0, 3, 698.04, 141675, 26, 645, 0
198, 52, 5, 27, 0, 0, 30.59%, 13, 0, 3, 691.98, 145123, 26, 658, 0
204, 54, 5, 27, 0, 0, 30.59%, 13, 0, 3, 713.71, 148787, 26, 670, 0
209, 55, 0, 27, 0, 0, 30.59%, 13, 0, 3, 690.64, 152325, 26, 687, 0
214, 56, 6, 27, 0, 0, 30.59%, 13, 0, 3, 718.00, 155963, 26, 709, 0
219, 57, 0, 28, 0, 0, 30.59%, 13, 0, 3, 714.53, 159651, 26, 736, 0
224, 58, 6, 28, 0, 0, 30.59%, 13, 0, 3, 738.20, 163526, 26, 745, 0
229, 60, 16, 28, 0, 0, 30.59%, 13, 0, 3, 726.83, 167256, 26, 767, 0
234, 61, 6, 28, 0, 0, 30.59%, 13, 0, 3, 719.30, 170862, 26, 789, 0
240, 62, 0, 28, 0, 0, 30.59%, 13, 0, 3, 743.96, 174745, 26, 800, 0
245, 64, 7, 28, 0, 0, 30.59%, 13, 0, 3, 720.05, 178373, 26, 822, 0
250, 65, 7, 28, 0, 0, 30.59%, 13, 0, 3, 731.51, 182184, 26, 838, 0
255, 66, 5, 28, 0, 0, 30.59%, 13, 0, 3, 729.26, 185784, 26, 866, 0
260, 67, 8, 28, 0, 0, 30.59%, 13, 0, 3, 749.53, 189541, 26, 884, 0
265, 68, 6, 28, 0, 0, 30.59%, 13, 0, 3, 757.29, 193352, 26, 901, 0
270, 70, 5, 28, 0, 0, 30.59%, 13, 0, 3, 738.26, 197056, 26, 926, 0
275, 71, 6, 28, 0, 0, 30.59%, 13, 0, 3, 754.92, 200857, 26, 938, 0
280, 72, 27, 29, 0, 0, 30.59%, 13, 0, 3, 749.40, 204729, 26, 957, 0
285, 73, 29, 30, 0, 0, 30.59%, 13, 0, 3, 721.64, 208443, 26, 994, 0
290, 74, 7, 30, 0, 0, 30.59%, 13, 0, 3, 701.83, 212019, 26, 1010, 0
296, 76, 6, 30, 0, 0, 30.59%, 13, 0, 3, 711.68, 215716, 26, 1027, 0
301, 77, 7, 30, 0, 0, 30.59%, 13, 0, 3, 709.21, 219311, 26, 1057, 0
306, 78, 6, 30, 0, 0, 30.59%, 13, 0, 3, 721.55, 222969, 26, 1096, 0
311, 79, 9, 30, 0, 0, 30.59%, 13, 0, 3, 674.02, 226176, 26, 1123, 0
316, 80, 0, 30, 0, 0, 30.59%, 13, 0, 3, 734.31, 229908, 26, 1144, 0
321, 81, 7, 30, 0, 0, 30.59%, 13, 0, 3, 676.68, 233227, 26, 1173, 0
326, 82, 8, 30, 0, 0, 30.59%, 13, 0, 3, 605.17, 236235, 26, 1195, 0
331, 83, 7, 30, 0, 0, 30.59%, 13, 0, 3, 600.50, 239237, 26, 1223, 0
336, 84, 29, 30, 0, 0, 30.59%, 13, 0, 3, 672.31, 242666, 26, 1251, 0
341, 85, 24, 30, 0, 0, 30.59%, 13, 0, 3, 716.00, 246381, 26, 1265, 0
346, 86, 0, 30, 0, 0, 30.59%, 13, 0, 3, 706.51, 249928, 26, 1300, 0
351, 88, 7, 30, 0, 0, 30.59%, 13, 0, 3, 704.73, 253545, 26, 1321, 0
356, 89, 6, 30, 0, 0, 30.59%, 13, 0, 3, 696.78, 256853, 26, 1342, 0
361, 90, 0, 30, 0, 0, 30.59%, 13, 0, 3, 735.69, 260631, 26, 1372, 0
366, 91, 8, 30, 0, 0, 30.59%, 13, 0, 3, 718.80, 264167, 26, 1390, 0
371, 92, 0, 30, 0, 0, 30.59%, 13, 0, 3, 703.47, 267734, 26, 1418, 0
376, 94, 5, 30, 0, 0, 30.59%, 13, 0, 3, 704.84, 271312, 26, 1431, 0
381, 95, 7, 30, 0, 0, 30.59%, 13, 0, 3, 709.44, 274931, 26, 1449, 0
386, 96, 0, 30, 0, 0, 30.59%, 13, 0, 3, 667.48, 278016, 26, 1475, 0
392, 97, 0, 30, 0, 0, 30.59%, 13, 0, 3, 705.47, 281734, 26, 1503, 0
397, 98, 6, 30, 0, 0, 30.59%, 13, 0, 3, 669.00, 285103, 26, 1537, 0
402, 99, 5, 30, 0, 0, 30.59%, 13, 0, 3, 680.86, 288540, 26, 1551, 0
407, 100, 7, 30, 0, 0, 30.59%, 13, 0, 3, 716.04, 292212, 26, 1588, 0
412, 101, 6, 30, 0, 0, 30.59%, 13, 0, 3, 738.99, 295928, 26, 1613, 0
417, 103, 0, 31, 0, 0, 30.59%, 13, 0, 3, 747.64, 299694, 26, 1647, 0
422, 104, 0, 31, 0, 0, 30.59%, 13, 0, 3, 753.54, 303491, 26, 1667, 0
427, 105, 24, 31, 0, 0, 30.59%, 13, 0, 3, 745.11, 307377, 26, 1693, 0
432, 106, 27, 31, 0, 0, 30.59%, 13, 0, 3, 694.94, 310824, 26, 1711, 0
437, 107, 7, 31, 0, 0, 30.59%, 13, 0, 3, 721.85, 314449, 26, 1750, 0
442, 108, 0, 31, 0, 0, 30.59%, 13, 0, 3, 723.20, 318114, 26, 1786, 0
447, 109, 0, 31, 0, 0, 30.59%, 13, 0, 3, 740.08, 321842, 26, 1810, 0
452, 110, 24, 31, 0, 0, 30.59%, 13, 0, 3, 722.58, 325484, 26, 1844, 0
457, 111, 7, 31, 0, 0, 30.59%, 13, 0, 3, 715.39, 329164, 26, 1866, 0
463, 112, 30, 31, 0, 0, 30.59%, 13, 0, 3, 657.99, 332581, 26, 1893, 0
468, 113, 29, 31, 0, 0, 30.59%, 13, 0, 3, 699.09, 336164, 26, 1913, 0
473, 114, 1, 31, 0, 0, 30.59%, 13, 0, 3, 727.04, 339939, 26, 1965, 0
478, 115, 0, 31, 0, 0, 30.59%, 13, 0, 3, 713.13, 343453, 26, 1993, 0
483, 116, 24, 32, 0, 0, 30.59%, 13, 0, 3, 722.84, 347089, 26, 2033, 0
488, 117, 7, 32, 0, 0, 30.59%, 13, 0, 3, 735.65, 350828, 26, 2057, 0
493, 118, 24, 32, 0, 0, 30.59%, 13, 0, 3, 748.63, 354615, 26, 2089, 0
498, 120, 29, 32, 0, 0, 30.59%, 13, 0, 3, 700.02, 358169, 26, 2109, 0
503, 121, 7, 32, 0, 0, 30.59%, 13, 0, 3, 697.43, 361749, 26, 2133, 0
508, 122, 7, 32, 0, 0, 30.59%, 13, 0, 3, 746.65, 365553, 26, 2166, 0
513, 123, 6, 32, 0, 0, 30.59%, 13, 0, 3, 755.55, 369335, 26, 2192, 0
518, 124, 5, 32, 0, 0, 30.59%, 13, 0, 3, 764.38, 373180, 26, 2220, 0
524, 125, 7, 32, 0, 0, 30.59%, 13, 0, 3, 723.43, 376945, 26, 2251, 0
529, 126, 30, 32, 0, 0, 30.59%, 13, 0, 3, 682.31, 380411, 26, 2275, 0
534, 127, 7, 32, 0, 0, 30.59%, 13, 0, 3, 718.54, 384023, 26, 2308, 0
539, 129, 5, 32, 0, 0, 30.59%, 13, 0, 3, 752.75, 387817, 26, 2328, 0
544, 130, 24, 32, 0, 0, 30.59%, 13, 0, 3, 646.74, 391322, 26, 2353, 0
549, 131, 8, 32, 0, 0, 30.59%, 13, 0, 3, 693.37, 394851, 26, 2363, 0
554, 132, 24, 32, 0, 0, 30.59%, 13, 0, 3, 716.54, 398459, 26, 2381, 0
559, 133, 6, 32, 0, 0, 30.59%, 13, 0, 3, 738.95, 402178, 26, 2403, 0
564, 134, 7, 32, 0, 0, 30.59%, 13, 0, 3, 750.07, 405935, 26, 2416, 0
569, 135, 29, 32, 0, 0, 30.59%, 13, 0, 3, 735.20, 409614, 26, 2445, 0
574, 136, 7, 32, 0, 0, 30.59%, 13, 0, 3, 744.13, 413317, 26, 2478, 0
579, 137, 5, 32, 0, 0, 30.59%, 13, 0, 3, 763.47, 417250, 26, 2511, 0
584, 139, 5, 32, 0, 0, 30.59%, 13, 0, 3, 767.11, 421205, 26, 2537, 0
589, 140, 32, 33, 1, 1, 31.76%, 13, 0, 3, 751.35, 425113, 27, 2591, 0
594, 140, 32, 33, 0, 0, 31.76%, 14, 0, 3, 741.60, 428826, 27, 2634, 0
599, 141, 40, 42, 8, 0, 31.76%, 14, 0, 3, 720.10, 432460, 27, 2664, 0
605, 141, 32, 42, 6, 0, 31.76%, 14, 0, 3, 661.86, 435916, 27, 2684, 0
610, 141, 37, 42, 5, 0, 31.76%, 14, 0, 3, 602.42, 438952, 27, 2685, 0
615, 141, 41, 42, 3, 0, 31.76%, 14, 0, 3, 648.97, 442294, 27, 2696, 0
620, 141, 32, 42, 2, 0, 31.76%, 14, 0, 3, 687.39, 445744, 27, 2744, 0
625, 142, 39, 43, 3, 0, 31.76%, 14, 0, 3, 700.73, 449416, 27, 2801, 0
630, 142, 0, 43, 2, 0, 31.76%, 14, 0, 3, 698.47, 453038, 27, 2842, 0
635, 142, 5, 44, 2, 0, 31.76%, 14, 0, 3, 713.19, 456646, 27, 2897, 0
640, 143, 5, 44, 2, 0, 31.76%, 14, 0, 3, 715.53, 460335, 27, 2948, 0
645, 143, 32, 44, 1, 0, 31.76%, 14, 0, 3, 644.37, 463400, 27, 2955, 0
650, 143, 41, 44, 0, 0, 31.76%, 14, 0, 3, 498.95, 466836, 27, 3013, 0
656, 143, 32, 44, 0, 0, 31.76%, 14, 0, 3, 645.58, 470199, 27, 3063, 0
661, 144, 7, 46, 0, 0, 31.76%, 14, 0, 3, 717.11, 473911, 27, 3112, 0
666, 144, 5, 46, 0, 0, 31.76%, 14, 0, 3, 676.31, 477221, 27, 3167, 0
671, 144, 1, 46, 0, 0, 31.76%, 14, 0, 3, 696.54, 480743, 27, 3232, 0
676, 145, 32, 46, 0, 0, 31.76%, 14, 1, 3, 701.75, 483558, 27, 3299, 0
681, 145, 6, 46, 0, 0, 31.76%, 14, 1, 3, 708.86, 487076, 27, 3348, 0
686, 146, 44, 46, 0, 0, 31.76%, 14, 1, 3, 677.94, 490611, 27, 3410, 0
691, 146, 32, 46, 0, 0, 31.76%, 14, 1, 3, 689.93, 494270, 27, 3475, 0
696, 146, 32, 46, 0, 0, 31.76%, 14, 1, 3, 707.30, 497972, 27, 3541, 0
701, 147, 42, 46, 0, 0, 31.76%, 14, 1, 3, 720.56, 501677, 27, 3586, 0
706, 147, 33, 46, 0, 0, 31.76%, 14, 1, 3, 698.29, 505038, 27, 3669, 0
712, 147, 43, 46, 0, 0, 31.76%, 14, 1, 3, 668.25, 508491, 27, 3741, 0
717, 147, 7, 46, 0, 0, 31.76%, 14, 1, 3, 696.75, 512059, 27, 3812, 0
722, 148, 5, 46, 0, 0, 31.76%, 14, 1, 3, 713.27, 515641, 27, 3876, 0
727, 148, 36, 46, 0, 0, 31.76%, 14, 1, 3, 665.57, 519052, 27, 3951, 0
732, 149, 46, 48, 2, 1, 36.47%, 14, 1, 3, 589.52, 522091, 31, 4168, 0
737, 149, 46, 48, 1, 0, 36.47%, 14, 1, 3, 620.71, 525435, 31, 4292, 0
742, 149, 40, 48, 1, 0, 36.47%, 14, 1, 3, 693.35, 528981, 31, 4360, 0
747, 150, 46, 48, 1, 0, 36.47%, 14, 1, 3, 636.36, 532265, 31, 4513, 0
752, 150, 35, 48, 0, 0, 36.47%, 14, 1, 3, 576.91, 535212, 31, 4715, 0
757, 150, 46, 48, 0, 0, 36.47%, 14, 1, 3, 663.58, 538735, 31, 4818, 0
762, 150, 24, 48, 0, 0, 36.47%, 14, 1, 3, 682.76, 542070, 31, 5023, 0
767, 151, 32, 48, 0, 0, 36.47%, 14, 1, 3, 671.06, 545484, 31, 5062, 0
772, 151, 46, 48, 0, 0, 36.47%, 14, 1, 3, 580.49, 548291, 31, 5217, 0
777, 152, 32, 48, 0, 0, 36.47%, 14, 1, 3, 658.78, 551605, 31, 5335, 0
782, 152, 32, 48, 0, 0, 36.47%, 14, 1, 3, 640.45, 554718, 31, 5487, 0
787, 152, 14, 48, 0, 0, 36.47%, 14, 1, 3, 700.77, 558360, 31, 5547, 0
793, 152, 46, 48, 0, 0, 36.47%, 14, 1, 3, 682.93, 561692, 31, 5736, 0
798, 153, 32, 48, 0, 0, 36.47%, 14, 1, 3, 705.49, 565234, 31, 5840, 0
803, 153, 24, 48, 0, 0, 36.47%, 14, 1, 3, 598.36, 568243, 31, 6069, 0
808, 154, 29, 48, 0, 0, 36.47%, 14, 1, 3, 655.42, 571621, 31, 6160, 0
813, 154, 7, 48, 0, 0, 36.47%, 14, 1, 3, 697.99, 575268, 31, 6210, 0
818, 154, 0, 48, 0, 0, 36.47%, 15, 1, 3, 644.80, 578531, 31, 6416, 0
823, 154, 32, 48, 0, 0, 36.47%, 15, 1, 3, 689.75, 582192, 31, 6474, 0
828, 155, 24, 48, 0, 0, 36.47%, 15, 1, 3, 613.44, 585305, 31, 6526, 0
833, 155, 33, 48, 0, 0, 36.47%, 15, 1, 3, 627.27, 588448, 31, 6566, 0
838, 155, 32, 49, 1, 0, 36.47%, 15, 1, 3, 640.77, 591675, 31, 6636, 0
843, 156, 32, 49, 0, 0, 36.47%, 15, 1, 3, 582.05, 594575, 31, 6670, 0
848, 156, 32, 49, 0, 0, 36.47%, 15, 1, 3, 599.17, 597737, 31, 6751, 0
854, 156, 5, 49, 0, 0, 36.47%, 15, 1, 3, 612.46, 600926, 31, 6962, 0
859, 157, 46, 49, 0, 0, 36.47%, 15, 1, 3, 655.37, 604347, 31, 7031, 0
864, 157, 46, 49, 0, 0, 36.47%, 15, 1, 3, 572.02, 607306, 31, 7248, 0
869, 157, 32, 50, 1, 0, 36.47%, 15, 1, 3, 685.39, 610863, 31, 7362, 0
874, 157, 8, 50, 0, 0, 36.47%, 15, 1, 3, 677.76, 614285, 31, 7442, 0
879, 158, 46, 50, 0, 0, 36.47%, 15, 1, 3, 671.91, 617869, 31, 7552, 0
884, 158, 46, 50, 0, 0, 36.47%, 15, 1, 3, 637.33, 621044, 31, 7716, 0
889, 158, 48, 50, 0, 0, 36.47%, 15, 1, 3, 690.86, 624575, 31, 7806, 0
894, 159, 46, 50, 0, 0, 36.47%, 15, 1, 3, 708.13, 628248, 31, 7883, 0
900, 159, 7, 50, 0, 0, 36.47%, 15, 1, 3, 738.18, 632020, 31, 7955, 0
905, 160, 32, 50, 0, 0, 36.47%, 15, 1, 3, 664.61, 635299, 31, 8088, 0
910, 160, 46, 50, 0, 0, 36.47%, 15, 1, 3, 562.50, 638333, 31, 8302, 0
915, 160, 7, 50, 0, 0, 36.47%, 15, 1, 3, 673.14, 641886, 31, 8357, 0
920, 160, 32, 50, 0, 0, 36.47%, 15, 1, 3, 649.48, 645071, 31, 8601, 0
925, 161, 46, 50, 0, 0, 36.47%, 15, 1, 3, 696.44, 648674, 31, 8646, 0
930, 161, 32, 50, 0, 0, 36.47%, 15, 2, 3, 625.06, 651444, 31, 8717, 0
935, 161, 24, 50, 0, 0, 36.47%, 15, 2, 3, 658.51, 654800, 31, 8866, 0
940, 162, 32, 50, 0, 0, 36.47%, 15, 2, 3, 693.38, 658611, 31, 8912, 0
945, 162, 7, 50, 0, 0, 36.47%, 15, 2, 3, 730.20, 662268, 31, 8956, 0
950, 162, 48, 50, 0, 0, 36.47%, 15, 2, 3, 637.32, 665315, 31, 9227, 0
956, 163, 32, 50, 0, 0, 36.47%, 15, 2, 3, 647.42, 668454, 31, 9464, 0
961, 163, 32, 50, 0, 0, 36.47%, 15, 3, 3, 661.69, 671360, 31, 9525, 0
966, 163, 46, 50, 0, 0, 36.47%, 15, 3, 3, 685.17, 674851, 31, 9606, 0
971, 164, 32, 50, 0, 0, 36.47%, 15, 3, 3, 667.61, 678158, 31, 9798, 0
976, 164, 47, 50, 0, 0, 36.47%, 15, 3, 3, 678.05, 681590, 31, 9960, 0
981, 164, 32, 50, 0, 0, 36.47%, 15, 3, 3, 679.43, 684800, 31, 10186, 0
986, 165, 38, 50, 0, 0, 36.47%, 15, 3, 3, 681.73, 688005, 31, 10444, 0
991, 165, 5, 50, 0, 0, 36.47%, 15, 3, 3, 669.23, 691276, 31, 10642, 0
996, 165, 46, 50, 0, 0, 36.47%, 15, 3, 3, 698.64, 694714, 31, 10761, 0
1001, 166, 47, 50, 0, 0, 36.47%, 15, 3, 3, 690.98, 698294, 31, 10845, 0
1006, 166, 46, 50, 0, 0, 36.47%, 15, 3, 3, 627.50, 701321, 31, 11100, 0
1011, 166, 35, 50, 0, 0, 36.47%, 15, 3, 3, 671.18, 704683, 31, 11241, 0
1016, 166, 46, 50, 0, 0, 36.47%, 15, 3, 3, 610.07, 707776, 31, 11532, 0
1021, 167, 7, 50, 0, 0, 36.47%, 15, 3, 3, 702.20, 711425, 31, 11707, 0
1026, 167, 32, 50, 0, 0, 36.47%, 15, 3, 3, 695.36, 714858, 31, 11790, 0
1031, 167, 32, 50, 0, 0, 36.47%, 15, 3, 3, 626.88, 718132, 31, 12015, 0
1037, 168, 32, 50, 0, 0, 36.47%, 15, 3, 3, 684.40, 721813, 31, 12101, 0
1042, 168, 24, 50, 0, 0, 36.47%, 15, 3, 3, 712.69, 725402, 31, 12161, 0
1047, 168, 32, 50, 0, 0, 36.47%, 15, 3, 3, 633.07, 728560, 31, 12378, 0
1052, 169, 32, 50, 0, 0, 36.47%, 15, 3, 3, 700.51, 732229, 31, 12475, 0
1057, 169, 6, 50, 0, 0, 36.47%, 15, 3, 3, 653.33, 735510, 31, 12745, 0
1062, 169, 36, 50, 0, 0, 36.47%, 15, 3, 3, 686.47, 739164, 31, 12837, 0
1067, 170, 46, 50, 0, 0, 36.47%, 15, 3, 3, 655.88, 742639, 31, 12991, 0
1072, 170, 8, 50, 0, 0, 36.47%, 15, 3, 3, 723.43, 746280, 31, 13110, 0
1077, 170, 32, 50, 0, 0, 36.47%, 15, 3, 3, 643.80, 749561, 31, 13332, 0
1083, 171, 46, 50, 0, 0, 36.47%, 15, 3, 3, 707.93, 753352, 31, 13425, 0
1088, 171, 32, 50, 0, 0, 36.47%, 15, 3, 3, 709.87, 756776, 31, 13597, 0
1093, 171, 6, 50, 0, 0, 36.47%, 15, 3, 3, 680.77, 760250, 31, 13797, 0
1098, 172, 8, 51, 1, 0, 36.47%, 15, 3, 3, 724.73, 764038, 31, 13855, 0
1103, 172, 32, 51, 0, 0, 36.47%, 15, 3, 3, 630.57, 766991, 31, 14046, 0
1108, 173, 32, 52, 1, 0, 36.47%, 15, 3, 3, 628.86, 769977, 31, 14343, 0
1113, 173, 35, 52, 0, 0, 36.47%, 15, 3, 3, 459.55, 772303, 31, 14647, 0
1118, 173, 47, 52, 0, 0, 36.47%, 15, 3, 3, 539.16, 775400, 31, 14936, 0
1123, 173, 46, 52, 0, 0, 36.47%, 15, 3, 3, 649.58, 778735, 31, 15215, 0
1128, 173, 50, 52, 0, 0, 36.47%, 15, 3, 3, 553.11, 781497, 31, 15632, 0
1134, 174, 45, 52, 0, 0, 36.47%, 15, 3, 3, 638.03, 784744, 31, 15859, 0
1139, 174, 1, 52, 0, 0, 36.47%, 15, 3, 3, 669.80, 788284, 31, 16032, 0
1144, 174, 32, 52, 0, 0, 36.47%, 15, 3, 3, 702.62, 791813, 31, 16168, 0
1149, 175, 24, 52, 0, 0, 36.47%, 15, 3, 3, 700.59, 795387, 31, 16300, 0
1154, 175, 24, 52, 0, 0, 36.47%, 15, 3, 3, 735.44, 799245, 31, 16351, 0
1159, 176, 5, 52, 0, 0, 36.47%, 15, 3, 3, 691.09, 802546, 31, 16543, 0
1164, 176, 7, 52, 0, 0, 36.47%, 15, 3, 3, 622.82, 805801, 31, 16751, 0
1169, 176, 50, 52, 0, 0, 36.47%, 15, 3, 3, 644.01, 809103, 31, 16944, 0
1169, 176, 50, 52, 0, 0, 36.47%, 15, 3, 3, 0.00, 809164, 31, 16953, 0
1174, 177, 5, 52, 0, 0, 36.47%, 15, 3, 3, 575.96, 812268, 31, 17205, 0
1180, 177, 47, 52, 0, 0, 36.47%, 15, 3, 3, 656.35, 815897, 31, 17303, 0
1185, 177, 7, 52, 0, 0, 36.47%, 15, 3, 3, 629.98, 819123, 31, 17530, 0
1190, 178, 12, 52, 0, 0, 36.47%, 15, 3, 3, 714.18, 822839, 31, 17583, 0
1195, 178, 32, 52, 0, 0, 36.47%, 15, 3, 3, 685.86, 826218, 31, 17752, 0
1200, 178, 46, 52, 0, 0, 36.47%, 15, 3, 3, 646.90, 829579, 31, 17964, 0
1205, 179, 50, 53, 1, 0, 36.47%, 15, 3, 3, 613.03, 832791, 31, 18191, 0
1210, 179, 36, 53, 1, 0, 36.47%, 15, 3, 3, 643.10, 835825, 31, 18480, 0
1215, 179, 48, 53, 1, 0, 36.47%, 15, 3, 3, 722.10, 839650, 31, 18526, 0
1220, 180, 32, 53, 1, 0, 36.47%, 15, 3, 3, 604.83, 842732, 31, 18801, 0
1225, 180, 5, 53, 0, 0, 36.47%, 15, 3, 3, 686.56, 846462, 31, 18895, 0
1231, 180, 0, 53, 0, 0, 36.47%, 15, 3, 3, 725.66, 850218, 31, 19050, 0
1236, 180, 50, 53, 0, 0, 36.47%, 15, 3, 3, 642.53, 853358, 31, 19385, 0
1241, 181, 7, 53, 0, 0, 36.47%, 15, 3, 3, 561.83, 855967, 31, 19849, 0
1246, 181, 38, 53, 0, 0, 36.47%, 15, 3, 3, 675.66, 859580, 31, 19971, 0
1251, 181, 5, 53, 0, 0, 36.47%, 15, 3, 3, 714.33, 863146, 31, 20067, 0
1256, 182, 32, 53, 0, 0, 36.47%, 15, 3, 3, 658.34, 866225, 31, 20385, 0
1261, 182, 47, 53, 0, 0, 36.47%, 15, 3, 3, 674.56, 869548, 31, 20574, 0
1266, 182, 32, 53, 0, 0, 36.47%, 15, 3, 3, 639.60, 872611, 31, 20749, 0
1271, 182, 32, 53, 0, 0, 36.47%, 15, 3, 3, 579.03, 875499, 31, 21064, 0
1276, 183, 48, 53, 0, 0, 36.47%, 15, 3, 3, 680.51, 879131, 31, 21103, 0
1281, 183, 49, 53, 0, 0, 36.47%, 15, 3, 3, 718.98, 882867, 31, 21177, 0
1287, 183, 32, 53, 0, 0, 36.47%, 15, 3, 3, 667.30, 886279, 31, 21346, 0
1292, 184, 46, 53, 0, 0, 36.47%, 15, 3, 3, 584.24, 889255, 31, 21617, 0
1297, 184, 32, 53, 0, 0, 36.47%, 15, 3, 3, 600.82, 892440, 31, 21783, 0
1302, 184, 0, 53, 0, 0, 36.47%, 15, 3, 3, 645.80, 895836, 31, 21843, 0
1307, 184, 46, 53, 0, 0, 36.47%, 15, 3, 3, 582.25, 898802, 31, 22056, 0
1312, 185, 32, 53, 0, 0, 36.47%, 15, 3, 3, 674.97, 902258, 31, 22125, 0
1317, 185, 46, 53, 0, 0, 36.47%, 15, 3, 3, 652.06, 905566, 31, 22364, 0
1322, 185, 47, 53, 0, 0, 36.47%, 15, 3, 3, 658.45, 908824, 31, 22575, 0
1327, 185, 6, 53, 0, 0, 36.47%, 15, 3, 3, 649.04, 911855, 31, 22808, 0
1332, 186, 46, 53, 0, 0, 36.47%, 15, 3, 3, 707.56, 915640, 31, 22888, 0
1338, 186, 24, 53, 0, 0, 36.47%, 15, 3, 3, 716.84, 919284, 31, 22982, 0
1343, 187, 38, 53, 0, 0, 36.47%, 15, 3, 3, 697.07, 922725, 31, 23019, 0
1348, 187, 32, 53, 0, 0, 36.47%, 15, 3, 3, 667.38, 926084, 31, 23212, 0
1353, 187, 0, 53, 0, 0, 36.47%, 15, 3, 3, 653.69, 929296, 31, 23389, 0
1358, 188, 32, 53, 0, 0, 36.47%, 15, 3, 3, 708.61, 932920, 31, 23433, 0
1363, 188, 47, 53, 0, 0, 36.47%, 15, 3, 3, 555.53, 935736, 31, 23809, 0
1368, 188, 8, 53, 0, 0, 36.47%, 15, 3, 3, 694.11, 939330, 31, 23915, 0
1373, 188, 50, 53, 0, 0, 36.47%, 15, 3, 3, 599.17, 942236, 31, 24245, 0
1378, 189, 32, 53, 0, 0, 36.47%, 15, 3, 3, 675.41, 945781, 31, 24381, 0
1383, 189, 47, 53, 0, 0, 36.47%, 15, 3, 3, 543.60, 948638, 31, 24726, 0
1388, 189, 32, 53, 0, 0, 36.47%, 15, 3, 3, 625.77, 951631, 31, 25061, 0
1393, 189, 46, 53, 0, 0, 36.47%, 15, 3, 3, 627.01, 954862, 31, 25289, 0
1399, 190, 33, 53, 0, 0, 36.47%, 15, 3, 3, 652.00, 957976, 31, 25556, 0
1404, 190, 32, 53, 0, 0, 36.47%, 15, 3, 3, 683.84, 961319, 31, 25756, 0
1409, 190, 32, 53, 0, 0, 36.47%, 15, 3, 3, 678.64, 964671, 31, 25889, 0
1414, 191, 25, 53, 0, 0, 36.47%, 15, 3, 3, 700.76, 968238, 31, 25980, 0
1419, 191, 6, 53, 0, 0, 36.47%, 15, 3, 3, 688.07, 971849, 31, 26080, 0
1424, 191, 40, 53, 0, 0, 36.47%, 15, 3, 3, 619.54, 974828, 31, 26410, 0
1429, 192, 32, 53, 0, 0, 36.47%, 15, 3, 3, 650.94, 978201, 31, 26574, 0
1434, 192, 32, 53, 0, 0, 36.47%, 15, 3, 3, 687.22, 981774, 31, 26624, 0
1439, 192, 47, 53, 0, 0, 36.47%, 15, 3, 3, 658.80, 985052, 31, 26812, 0
1444, 192, 49, 53, 0, 0, 36.47%, 15, 3, 3, 628.83, 988112, 31, 27052, 0
1449, 193, 32, 53, 0, 0, 36.47%, 15, 3, 3, 629.84, 991128, 31, 27297, 0
1454, 193, 32, 53, 0, 0, 36.47%, 15, 3, 3, 652.05, 994469, 31, 27456, 0
1460, 193, 24, 53, 0, 0, 36.47%, 15, 3, 3, 678.93, 998139, 31, 27512, 0
1465, 194, 0, 53, 0, 0, 36.47%, 15, 3, 3, 643.52, 1001307, 31, 27661, 0
1470, 194, 32, 53, 0, 0, 36.47%, 15, 3, 3, 616.60, 1004254, 31, 27971, 0
1475, 194, 6, 53, 0, 0, 36.47%, 15, 3, 3, 635.53, 1007508, 31, 28108, 0
1480, 194, 0, 53, 0, 0, 36.47%, 15, 3, 3, 723.37, 1010693, 31, 28413, 0
1485, 195, 32, 53, 0, 0, 36.47%, 15, 3, 3, 664.89, 1013986, 31, 28598, 0
1490, 195, 50, 53, 0, 0, 36.47%, 15, 3, 3, 504.16, 1016673, 31, 29017, 0
1495, 195, 24, 53, 0, 0, 36.47%, 15, 3, 3, 594.98, 1019795, 31, 29244, 0
1500, 196, 32, 53, 0, 0, 36.47%, 15, 3, 3, 642.20, 1022936, 31, 29429, 0
1505, 196, 32, 53, 0, 0, 36.47%, 15, 3, 3, 585.74, 1025877, 31, 29732, 0
1510, 196, 46, 53, 0, 0, 36.47%, 15, 3, 3, 623.65, 1029156, 31, 29781, 0
1515, 196, 5, 53, 0, 0, 36.47%, 15, 3, 3, 666.62, 1032351, 31, 29974, 0
1520, 197, 5, 53, 0, 0, 36.47%, 15, 3, 3, 713.33, 1035963, 31, 30014, 0
1526, 197, 32, 53, 0, 0, 36.47%, 15, 3, 3, 704.68, 1039225, 31, 30221, 0
1531, 197, 36, 53, 0, 0, 36.47%, 15, 3, 3, 599.87, 1042069, 31, 30598, 0
1536, 197, 50, 53, 0, 0, 36.47%, 15, 3, 3, 614.04, 1045146, 31, 30883, 0
1541, 198, 50, 53, 0, 0, 36.47%, 15, 3, 3, 596.57, 1048065, 31, 31190, 0
1546, 198, 41, 53, 0, 0, 36.47%, 15, 3, 3, 691.68, 1051680, 31, 31258, 0
1551, 198, 46, 53, 0, 0, 36.47%, 15, 3, 3, 703.13, 1055195, 31, 31331, 0
1556, 198, 7, 53, 0, 0, 36.47%, 15, 3, 3, 670.04, 1058598, 31, 31496, 0
1561, 199, 32, 53, 0, 0, 36.47%, 15, 3, 3, 724.66, 1062368, 31, 31575, 0
1566, 199, 46, 53, 0, 0, 36.47%, 15, 3, 3, 547.33, 1065046, 31, 32043, 0
1571, 199, 50, 53, 0, 0, 36.47%, 15, 3, 3, 636.57, 1068499, 31, 32177, 0
1576, 200, 41, 53, 0, 0, 36.47%, 15, 3, 3, 587.20, 1071273, 31, 32580, 0
1582, 200, 7, 53, 0, 0, 36.47%, 15, 3, 3, 687.43, 1074887, 31, 32627, 0
1587, 200, 32, 53, 0, 0, 36.47%, 15, 3, 3, 624.57, 1077935, 31, 32845, 0
1592, 200, 35, 53, 0, 0, 36.47%, 15, 3, 3, 665.58, 1081410, 31, 32923, 0
1597, 201, 32, 53, 0, 0, 36.47%, 15, 3, 3, 666.38, 1084871, 31, 33061, 0
1602, 201, 32, 53, 0, 0, 36.47%, 15, 3, 3, 681.97, 1088418, 31, 33087, 0
1607, 201, 46, 53, 0, 0, 36.47%, 15, 3, 3, 671.60, 1091842, 31, 33213, 0
1612, 202, 32, 53, 0, 0, 36.47%, 15, 3, 3, 707.77, 1095565, 31, 33278, 0
1617, 202, 8, 53, 0, 0, 36.47%, 15, 3, 3, 600.40, 1098681, 31, 33411, 0
1623, 202, 6, 53, 0, 0, 36.47%, 15, 3, 3, 691.46, 1102260, 31, 33471, 0
1628, 203, 32, 53, 0, 0, 36.47%, 15, 3, 3, 721.43, 1105879, 31, 33567, 0
1633, 203, 28, 53, 0, 0, 36.47%, 15, 3, 3, 632.13, 1108957, 31, 33687, 0
1638, 203, 47, 53, 0, 0, 36.47%, 15, 3, 3, 459.11, 1111149, 31, 34120, 0
1643, 203, 32, 53, 0, 0, 36.47%, 15, 3, 3, 562.70, 1114239, 31, 34357, 0
1648, 203, 32, 53, 0, 0, 36.47%, 15, 3, 3, 652.94, 1117657, 31, 34467, 0
1653, 204, 5, 53, 0, 0, 36.47%, 15, 3, 3, 584.17, 1120692, 31, 34678, 0
1658, 204, 5, 53, 0, 0, 36.47%, 15, 3, 3, 665.96, 1124144, 31, 34772, 0
1663, 204, 42, 53, 0, 0, 36.47%, 15, 3, 3, 707.78, 1127833, 31, 34824, 0
1668, 205, 46, 53, 0, 0, 36.47%, 15, 3, 3, 631.30, 1130913, 31, 34964, 0
1673, 205, 48, 53, 0, 0, 36.47%, 15, 3, 3, 680.00, 1134389, 31, 35022, 0
1678, 205, 0, 53, 0, 0, 36.47%, 15, 3, 3, 694.63, 1137871, 31, 35208, 0
1683, 206, 32, 53, 0, 0, 36.47%, 15, 3, 3, 750.45, 1141709, 31, 35268, 0
1689, 206, 50, 53, 0, 0, 36.47%, 15, 3, 3, 606.09, 1144669, 31, 35571, 0
1694, 206, 14, 53, 0, 0, 36.47%, 15, 3, 3, 613.99, 1147755, 31, 35819, 0
1699, 207, 32, 53, 0, 0, 36.47%, 15, 3, 3, 667.48, 1151057, 31, 35901, 0
1704, 207, 49, 53, 0, 0, 36.47%, 15, 3, 3, 679.03, 1154649, 31, 35948, 0
1709, 207, 46, 53, 0, 0, 36.47%, 15, 3, 3, 705.95, 1158261, 31, 36037, 0
1714, 208, 5, 53, 0, 0, 36.47%, 15, 3, 3, 699.08, 1161845, 31, 36179, 0
1719, 208, 46, 53, 0, 0, 36.47%, 15, 3, 3, 679.74, 1165378, 31, 36308, 0
1724, 208, 32, 53, 0, 0, 36.47%, 15, 3, 3, 635.26, 1168541, 31, 36573, 0
1729, 208, 46, 53, 0, 0, 36.47%, 15, 3, 3, 489.09, 1171084, 31, 36801, 0
1734, 209, 32, 53, 0, 0, 36.47%, 15, 3, 3, 552.06, 1173951, 31, 37042, 0
1739, 209, 46, 53, 0, 0, 36.47%, 15, 3, 3, 700.09, 1177653, 31, 37096, 0
1744, 209, 48, 53, 0, 0, 36.47%, 15, 3, 3, 695.06, 1181309, 31, 37199, 0
1750, 210, 32, 53, 0, 0, 36.47%, 15, 3, 3, 693.06, 1184862, 31, 37265, 0
1755, 210, 7, 53, 0, 0, 36.47%, 15, 3, 3, 661.23, 1188082, 31, 37316, 0
1760, 210, 7, 53, 0, 0, 36.47%, 15, 3, 3, 621.48, 1190926, 31, 37634, 0
1765, 211, 46, 53, 0, 0, 36.47%, 15, 3, 3, 654.88, 1194450, 31, 37701, 0
1770, 211, 32, 53, 0, 0, 36.47%, 15, 3, 3, 618.67, 1197553, 31, 37769, 0
1775, 211, 46, 53, 0, 0, 36.47%, 15, 3, 3, 637.49, 1200702, 31, 37863, 0
1780, 211, 32, 53, 0, 0, 36.47%, 15, 3, 3, 517.06, 1203971, 31, 38036, 0
1785, 212, 32, 53, 0, 0, 36.47%, 15, 3, 3, 638.04, 1207263, 31, 38160, 0
1791, 212, 6, 53, 0, 0, 36.47%, 15, 3, 3, 596.73, 1210283, 31, 38408, 0
1796, 212, 0, 53, 0, 0, 36.47%, 15, 3, 3, 678.12, 1213765, 31, 38500, 0
1801, 212, 47, 53, 0, 0, 36.47%, 15, 3, 3, 590.07, 1216758, 31, 38766, 0
1806, 213, 32, 53, 0, 0, 36.47%, 15, 3, 3, 692.22, 1220377, 31, 38897, 0
1811, 213, 5, 53, 0, 0, 36.47%, 15, 3, 3, 669.27, 1223817, 31, 39036, 0
1816, 213, 32, 53, 0, 0, 36.47%, 15, 3, 3, 601.65, 1226702, 31, 39334, 0
1821, 214, 32, 53, 0, 0, 36.47%, 15, 3, 3, 571.85, 1229487, 31, 39588, 0
1826, 214, 32, 53, 0, 0, 36.47%, 15, 3, 3, 525.85, 1231870, 31, 39989, 0
1831, 214, 40, 53, 0, 0, 36.47%, 15, 3, 3, 578.79, 1235399, 31, 40049, 0
1836, 214, 46, 53, 0, 0, 36.47%, 15, 3, 3, 656.74, 1238814, 31, 40244, 0
1841, 215, 32, 53, 0, 0, 36.47%, 15, 3, 3, 704.30, 1242522, 31, 40322, 0
1847, 215, 24, 53, 0, 0, 36.47%, 15, 3, 3, 658.14, 1245937, 31, 40377, 0
1852, 215, 32, 53, 0, 0, 36.47%, 15, 3, 3, 535.68, 1248610, 31, 40786, 0
1857, 216, 38, 53, 0, 0, 36.47%, 15, 3, 3, 568.13, 1251641, 31, 41018, 0
1862, 216, 50, 53, 0, 0, 36.47%, 15, 3, 3, 560.58, 1254732, 31, 41255, 0
1867, 216, 48, 53, 0, 0, 36.47%, 15, 3, 3, 663.99, 1258230, 31, 41345, 0
1872, 216, 32, 53, 0, 0, 36.47%, 15, 3, 3, 671.26, 1261386, 31, 41631, 0
1877, 217, 39, 53, 0, 0, 36.47%, 15, 3, 3, 718.12, 1265044, 31, 41680, 0
1882, 217, 22, 53, 0, 0, 36.47%, 15, 3, 3, 762.56, 1268885, 31, 41770, 0
1887, 217, 46, 53, 0, 0, 36.47%, 15, 3, 3, 698.26, 1272422, 31, 41907, 0
1892, 218, 24, 53, 0, 0, 36.47%, 15, 3, 3, 696.84, 1275898, 31, 41993, 0
1898, 218, 32, 53, 0, 0, 36.47%, 15, 3, 3, 726.13, 1279701, 31, 42060, 0
1903, 218, 32, 53, 0, 0, 36.47%, 15, 3, 3, 747.93, 1283604, 31, 42109, 0
1908, 219, 50, 53, 0, 0, 36.47%, 15, 3, 3, 700.51, 1287342, 31, 42234, 0
1913, 219, 5, 53, 0, 0, 36.47%, 15, 3, 3, 676.59, 1290526, 31, 42490, 0
1918, 219, 46, 53, 0, 0, 36.47%, 15, 3, 3, 634.51, 1293850, 31, 42740, 0
1923, 220, 53, 54, 1, 0, 36.47%, 15, 3, 3, 612.14, 1296865, 31, 43078, 0
1928, 220, 32, 54, 0, 0, 36.47%, 15, 3, 3, 684.00, 1300418, 31, 43173, 0
1933, 220, 32, 54, 0, 0, 36.47%, 15, 3, 3, 685.36, 1303960, 31, 43302, 0
1938, 220, 32, 54, 0, 0, 36.47%, 15, 3, 3, 702.54, 1307448, 31, 43366, 0
1944, 221, 6, 54, 0, 0, 36.47%, 15, 3, 3, 643.24, 1310655, 31, 43594, 0
1949, 221, 41, 54, 0, 0, 36.47%, 15, 3, 3, 650.63, 1314074, 31, 43650, 0
1954, 221, 32, 54, 0, 0, 36.47%, 15, 3, 3, 687.54, 1317469, 31, 43786, 0
1959, 222, 32, 54, 0, 0, 36.47%, 15, 3, 3, 598.23, 1320329, 31, 44008, 0
1964, 222, 32, 54, 0, 0, 36.47%, 15, 3, 3, 681.99, 1323905, 31, 44079, 0
1969, 222, 32, 54, 0, 0, 36.47%, 15, 3, 3, 645.69, 1327056, 31, 44326, 0
1974, 222, 0, 54, 0, 0, 36.47%, 15, 3, 3, 567.82, 1330007, 31, 44660, 0
1979, 223, 32, 54, 0, 0, 36.47%, 15, 3, 3, 645.42, 1333326, 31, 44767, 0
1984, 223, 24, 54, 0, 0, 36.47%, 15, 3, 3, 586.79, 1336292, 31, 44994, 0
1989, 223, 32, 54, 0, 0, 36.47%, 15, 3, 3, 593.83, 1339250, 31, 45282, 0
1994, 223, 32, 54, 0, 0, 36.47%, 15, 3, 3, 570.99, 1342259, 31, 45477, 0
1999, 223, 46, 54, 0, 0, 36.47%, 15, 3, 3, 550.94, 1345055, 31, 45739, 0
2004, 224, 45, 54, 0, 0, 36.47%, 15, 3, 3, 639.11, 1348339, 31, 45858, 0
2009, 224, 48, 54, 0, 0, 36.47%, 15, 3, 3, 665.80, 1351763, 31, 45929, 0
2014, 224, 32, 54, 0, 0, 36.47%, 15, 3, 3, 621.91, 1354726, 31, 46119, 0
2020, 224, 32, 54, 0, 0, 36.47%, 15, 3, 3, 516.25, 1357325, 31, 46573, 0
2025, 225, 24, 54, 0, 0, 36.47%, 15, 3, 3, 581.94, 1360552, 31, 46804, 0
2030, 225, 35, 54, 0, 0, 36.47%, 15, 3, 3, 682.43, 1364210, 31, 46927, 0
2035, 225, 0, 54, 0, 0, 36.47%, 15, 3, 3, 657.45, 1367554, 31, 47028, 0
2040, 225, 8, 54, 0, 0, 36.47%, 15, 3, 3, 518.75, 1369952, 31, 47515, 0
2045, 226, 54, 55, 1, 0, 36.47%, 15, 3, 3, 639.61, 1373367, 31, 47607, 0
2050, 226, 8, 55, 0, 0, 36.47%, 15, 3, 3, 602.51, 1376462, 31, 47891, 0
2055, 226, 51, 55, 0, 0, 36.47%, 15, 3, 3, 599.94, 1379564, 31, 48196, 0
2060, 227, 46, 55, 0, 0, 36.47%, 15, 3, 3, 694.85, 1383220, 31, 48277, 0
2065, 227, 0, 55, 0, 0, 36.47%, 15, 3, 3, 684.27, 1386594, 31, 48396, 0
2070, 227, 32, 55, 0, 0, 36.47%, 15, 3, 3, 633.90, 1389638, 31, 48625, 0
2076, 228, 51, 55, 0, 0, 36.47%, 15, 3, 3, 541.24, 1392422, 31, 49020, 0
2081, 228, 39, 55, 0, 0, 36.47%, 15, 3, 3, 600.63, 1395299, 31, 49428, 0
2086, 228, 33, 55, 0, 0, 36.47%, 15, 3, 3, 582.35, 1398072, 31, 49771, 0
2091, 229, 24, 55, 0, 0, 36.47%, 15, 3, 3, 623.88, 1401378, 31, 49894, 0
2096, 229, 8, 55, 0, 0, 36.47%, 15, 3, 3, 674.08, 1404944, 31, 50027, 0
2101, 229, 15, 55, 0, 0, 36.47%, 15, 3, 3, 696.31, 1408482, 31, 50097, 0
2106, 230, 39, 55, 0, 0, 36.47%, 15, 3, 3, 597.65, 1411383, 31, 50282, 0
2111, 230, 39, 55, 0, 0, 36.47%, 15, 3, 3, 691.84, 1415087, 31, 50342, 0
2117, 231, 30, 55, 0, 0, 36.47%, 15, 3, 3, 718.19, 1418704, 31, 50419, 0
2122, 231, 46, 55, 0, 0, 36.47%, 15, 3, 3, 613.65, 1421693, 31, 50759, 0
2127, 231, 24, 55, 0, 0, 36.47%, 15, 3, 3, 668.45, 1425142, 31, 50918, 0
2132, 232, 46, 55, 0, 0, 36.47%, 15, 3, 3, 709.52, 1428849, 31, 51011, 0
2137, 232, 49, 55, 0, 0, 36.47%, 15, 3, 3, 691.06, 1432362, 31, 51127, 0
2142, 232, 0, 55, 0, 0, 36.47%, 15, 3, 3, 711.15, 1435971, 31, 51219, 0
2147, 233, 46, 55, 0, 0, 36.47%, 15, 3, 3, 630.54, 1438812, 31, 51576, 0
2152, 233, 6, 55, 0, 0, 36.47%, 15, 3, 3, 638.83, 1442023, 31, 51802, 0
2157, 233, 32, 55, 0, 0, 36.47%, 15, 3, 3, 696.33, 1445605, 31, 51870, 0
2162, 234, 0, 55, 0, 0, 36.47%, 15, 3, 3, 692.14, 1449003, 31, 51986, 0
2167, 234, 33, 55, 0, 0, 36.47%, 15, 3, 3, 707.25, 1452674, 31, 52055, 0
2172, 234, 32, 55, 0, 0, 36.47%, 15, 3, 3, 685.38, 1456195, 31, 52243, 0
2178, 235, 45, 55, 0, 0, 36.47%, 15, 3, 3, 703.81, 1459815, 31, 52303, 0
2183, 235, 15, 55, 0, 0, 36.47%, 15, 3, 3, 713.30, 1463270, 31, 52472, 0
2188, 236, 46, 55, 0, 0, 36.47%, 15, 3, 3, 696.50, 1466844, 31, 52565, 0
2193, 236, 50, 55, 0, 0, 36.47%, 15, 3, 3, 684.66, 1470237, 31, 52738, 0
2198, 236, 51, 55, 0, 0, 36.47%, 15, 3, 3, 652.10, 1473359, 31, 53004, 0
2203, 237, 24, 55, 0, 0, 36.47%, 15, 3, 3, 647.85, 1476570, 31, 53237, 0
2208, 237, 46, 55, 0, 0, 36.47%, 15, 3, 3, 662.66, 1480028, 31, 53431, 0
2213, 237, 0, 55, 0, 0, 36.47%, 15, 3, 3, 636.47, 1483144, 31, 53697, 0
2218, 238, 32, 55, 0, 0, 36.47%, 15, 3, 3, 707.13, 1486767, 31, 53748, 0
2223, 238, 46, 55, 0, 0, 36.47%, 15, 3, 3, 719.36, 1490516, 31, 53812, 0
2228, 238, 32, 55, 0, 0, 36.47%, 15, 3, 3, 695.23, 1493890, 31, 54022, 0
2233, 239, 56, 57, 1, 0, 36.47%, 15, 3, 3, 436.12, 1496629, 31, 54063, 0
2239, 239, 32, 57, 0, 0, 36.47%, 15, 3, 3, 568.03, 1499540, 31, 54240, 0
2244, 239, 42, 57, 0, 0, 36.47%, 15, 3, 3, 626.13, 1502786, 31, 54473, 0
2249, 240, 7, 57, 0, 0, 36.47%, 15, 3, 3, 718.93, 1506627, 31, 54515, 0
2254, 240, 5, 57, 0, 0, 36.47%, 15, 3, 3, 703.87, 1510088, 31, 54637, 0
2259, 241, 32, 57, 0, 0, 36.47%, 15, 3, 3, 633.33, 1513120, 31, 54916, 0
2264, 241, 8, 57, 0, 0, 36.47%, 15, 3, 3, 692.40, 1516835, 31, 54999, 0
2269, 242, 57, 58, 1, 0, 36.47%, 15, 3, 3, 436.30, 1518973, 31, 55019, 0
2274, 242, 45, 58, 0, 0, 36.47%, 15, 3, 3, 592.81, 1521996, 31, 55271, 0
2279, 242, 2, 58, 0, 0, 36.47%, 15, 3, 3, 553.50, 1524691, 31, 55692, 0
2284, 243, 1, 58, 0, 0, 36.47%, 15, 3, 3, 644.67, 1527762, 31, 55916, 0
2289, 243, 5, 58, 0, 0, 36.47%, 15, 3, 3, 640.90, 1531087, 31, 56115, 0
2294, 244, 8, 58, 0, 0, 36.47%, 15, 3, 3, 652.25, 1534363, 31, 56293, 0
2299, 244, 30, 58, 0, 0, 36.47%, 15, 3, 3, 609.60, 1537512, 31, 56456, 0
2304, 244, 5, 58, 0, 0, 36.47%, 15, 3, 3, 573.36, 1540505, 31, 56704, 0
2310, 245, 51, 58, 0, 0, 36.47%, 15, 3, 3, 530.89, 1543100, 31, 57160, 0
2315, 245, 32, 58, 0, 0, 36.47%, 15, 3, 3, 595.31, 1546010, 31, 57503, 0
2320, 245, 46, 58, 0, 0, 36.47%, 15, 3, 3, 606.66, 1549153, 31, 57786, 0
2325, 246, 56, 58, 0, 0, 36.47%, 15, 3, 3, 683.10, 1552665, 31, 57909, 0
2330, 246, 8, 58, 0, 0, 36.47%, 15, 3, 3, 649.69, 1555705, 31, 58247, 0
2335, 246, 46, 58, 0, 0, 36.47%, 15, 3, 3, 652.96, 1558997, 31, 58479, 0
2340, 247, 24, 58, 0, 0, 36.47%, 15, 3, 3, 550.78, 1561641, 31, 58900, 0
2345, 247, 46, 58, 0, 0, 36.47%, 15, 3, 3, 630.33, 1564980, 31, 59093, 0
2350, 248, 32, 58, 0, 0, 36.47%, 15, 3, 3, 669.61, 1568442, 31, 59222, 0
2355, 248, 51, 58, 0, 0, 36.47%, 15, 3, 3, 652.87, 1571657, 31, 59489, 0
2360, 248, 49, 58, 0, 0, 36.47%, 15, 3, 3, 613.81, 1574748, 31, 59758, 0
2365, 249, 57, 58, 0, 0, 36.47%, 15, 3, 3, 580.35, 1577864, 31, 59978, 0
2370, 249, 51, 58, 0, 0, 36.47%, 15, 3, 3, 601.28, 1581072, 31, 60184, 0
2375, 249, 49, 58, 0, 0, 36.47%, 15, 3, 3, 620.97, 1584330, 31, 60352, 0
2380, 250, 8, 58, 0, 0, 36.47%, 15, 3, 3, 690.10, 1587825, 31, 60431, 0
2385, 250, 57, 58, 0, 0, 36.47%, 15, 3, 3, 518.08, 1590443, 31, 60883, 0
2391, 250, 51, 58, 0, 0, 36.47%, 15, 3, 3, 628.39, 1593910, 31, 61009, 0
2396, 251, 57, 58, 0, 0, 36.47%, 15, 3, 3, 638.31, 1597076, 31, 61271, 0
2401, 251, 55, 58, 0, 0, 36.47%, 15, 3, 3, 618.26, 1600156, 31, 61528, 0
2406, 252, 46, 58, 0, 0, 36.47%, 15, 3, 3, 579.83, 1603042, 31, 61785, 0
2411, 252, 56, 58, 0, 0, 36.47%, 15, 3, 3, 608.75, 1605966, 31, 62105, 0
2416, 252, 32, 58, 0, 0, 36.47%, 15, 3, 3, 653.35, 1609342, 31, 62203, 0
2421, 253, 5, 58, 0, 0, 36.47%, 15, 3, 3, 676.05, 1612718, 31, 62375, 0
2426, 253, 24, 58, 0, 0, 36.47%, 15, 3, 3, 659.17, 1616057, 31, 62577, 0
2431, 254, 46, 58, 0, 0, 36.47%, 15, 3, 3, 606.99, 1619219, 31, 62797, 0
2436, 254, 49, 58, 0, 0, 36.47%, 15, 3, 3, 607.82, 1622301, 31, 63046, 0
2442, 254, 8, 58, 0, 0, 36.47%, 15, 3, 3, 701.58, 1626020, 31, 63100, 0
2447, 255, 49, 58, 0, 0, 36.47%, 15, 3, 3, 527.16, 1628590, 31, 63432, 0
2452, 255, 6, 58, 0, 0, 36.47%, 15, 3, 3, 617.19, 1631775, 31, 63653, 0
2457, 256, 0, 58, 0, 0, 36.47%, 15, 3, 3, 653.95, 1635129, 31, 63771, 0
2462, 256, 24, 58, 0, 0, 36.47%, 15, 3, 3, 647.07, 1638101, 31, 63975, 0
2467, 256, 24, 58, 0, 0, 36.47%, 15, 3, 3, 586.87, 1640876, 31, 64241, 0
2472, 257, 30, 58, 0, 0, 36.47%, 15, 3, 3, 518.21, 1643662, 31, 64585, 0
2477, 257, 7, 58, 0, 0, 36.47%, 15, 3, 3, 557.15, 1646531, 31, 64808, 0
2482, 257, 46, 58, 0, 0, 36.47%, 15, 3, 3, 600.34, 1649425, 31, 65098, 0
2487, 258, 32, 58, 0, 0, 36.47%, 15, 3, 3, 593.07, 1652384, 31, 65374, 0
2492, 258, 52, 58, 0, 0, 36.47%, 15, 3, 3, 669.30, 1655988, 31, 65462, 0
2497, 259, 46, 58, 0, 0, 36.47%, 15, 3, 3, 628.36, 1658973, 31, 65660, 0
2502, 259, 45, 58, 0, 0, 36.47%, 15, 3, 3, 606.49, 1661965, 31, 65980, 0
2508, 260, 32, 58, 0, 0, 36.47%, 15, 3, 3, 710.14, 1665785, 31, 66038, 0
2513, 260, 24, 58, 0, 0, 36.47%, 15, 3, 3, 455.33, 1668398, 31, 66340, 0
2518, 260, 24, 58, 0, 0, 36.47%, 15, 3, 3, 641.19, 1671905, 31, 66515, 0
2523, 261, 5, 58, 0, 0, 36.47%, 15, 3, 3, 601.50, 1675065, 31, 66823, 0
2528, 261, 46, 58, 0, 0, 36.47%, 15, 3, 3, 605.81, 1678159, 31, 67024, 0
2533, 261, 32, 58, 0, 0, 36.47%, 15, 3, 3, 659.24, 1681596, 31, 67238, 0
2538, 262, 58, 59, 1, 0, 36.47%, 15, 3, 3, 372.39, 1683206, 31, 67240, 0
2543, 262, 46, 59, 0, 0, 36.47%, 15, 3, 3, 569.19, 1686037, 31, 67478, 0
2548, 262, 49, 59, 0, 0, 36.47%, 15, 3, 3, 630.09, 1689199, 31, 67772, 0
2553, 262, 32, 59, 0, 0, 36.47%, 15, 3, 3, 655.51, 1692593, 31, 67847, 0
2559, 263, 46, 59, 0, 0, 36.47%, 15, 3, 3, 626.75, 1695642, 31, 68138, 0
2564, 263, 42, 59, 0, 0, 36.47%, 15, 3, 3, 635.68, 1698938, 31, 68391, 0
2569, 263, 46, 59, 0, 0, 36.47%, 15, 3, 3, 624.49, 1702250, 31, 68588, 0
2574, 264, 7, 59, 0, 0, 36.47%, 15, 3, 3, 599.80, 1705487, 31, 68875, 0
2579, 264, 46, 59, 0, 0, 36.47%, 15, 3, 3, 600.90, 1708597, 31, 69117, 0
2584, 264, 46, 59, 0, 0, 36.47%, 15, 3, 3, 482.91, 1710962, 31, 69603, 0
2589, 265, 46, 59, 0, 0, 36.47%, 15, 3, 3, 561.69, 1714165, 31, 69855, 0
2594, 265, 46, 59, 0, 0, 36.47%, 15, 3, 3, 639.00, 1717484, 31, 70040, 0
2599, 265, 46, 59, 0, 0, 36.47%, 15, 3, 3, 636.55, 1720599, 31, 70251, 0
2604, 266, 46, 59, 0, 0, 36.47%, 15, 3, 3, 617.60, 1723586, 31, 70566, 0
2610, 266, 45, 59, 0, 0, 36.47%, 15, 3, 3, 542.57, 1726281, 31, 70861, 0
2615, 266, 46, 59, 0, 0, 36.47%, 15, 3, 3, 628.54, 1729581, 31, 71025, 0
2620, 267, 46, 59, 0, 0, 36.47%, 15, 3, 3, 643.86, 1732783, 31, 71292, 0
2625, 267, 46, 59, 0, 0, 36.47%, 15, 3, 3, 598.95, 1735872, 31, 71552, 0
2630, 267, 6, 59, 0, 0, 36.47%, 15, 3, 3, 606.25, 1738927, 31, 71825, 0
2635, 267, 46, 59, 0, 0, 36.47%, 15, 3, 3, 551.42, 1741817, 31, 72095, 0
2640, 268, 8, 59, 0, 0, 36.47%, 15, 3, 3, 562.05, 1744586, 31, 72405, 0
2645, 268, 46, 59, 0, 0, 36.47%, 15, 3, 3, 614.91, 1747736, 31, 72629, 0
2650, 268, 46, 59, 0, 0, 36.47%, 15, 3, 3, 634.96, 1751084, 31, 72828, 0
2655, 269, 57, 59, 0, 0, 36.47%, 15, 3, 3, 543.14, 1753887, 31, 73193, 0
2660, 269, 32, 59, 0, 0, 36.47%, 15, 3, 3, 550.96, 1756566, 31, 73586, 0
2665, 269, 51, 59, 0, 0, 36.47%, 15, 3, 3, 518.93, 1759206, 31, 73944, 0
2670, 269, 46, 59, 0, 0, 36.47%, 15, 3, 3, 572.34, 1762114, 31, 74292, 0
2675, 270, 46, 59, 0, 0, 36.47%, 15, 3, 3, 636.80, 1765358, 31, 74499, 0
2681, 270, 46, 59, 0, 0, 36.47%, 15, 3, 3, 646.58, 1768732, 31, 74690, 0
2686, 270, 46, 59, 0, 0, 36.47%, 15, 3, 3, 617.67, 1771847, 31, 74952, 0
2691, 271, 46, 59, 0, 0, 36.47%, 15, 3, 3, 623.99, 1774793, 31, 75374, 0
2696, 271, 24, 59, 0, 0, 36.47%, 15, 3, 3, 630.84, 1777957, 31, 75624, 0
2701, 271, 46, 59, 0, 0, 36.47%, 15, 3, 3, 534.81, 1780662, 31, 75893, 0
2706, 272, 0, 59, 0, 0, 36.47%, 15, 3, 3, 604.45, 1783606, 31, 76201, 0
2711, 272, 46, 59, 0, 0, 36.47%, 15, 3, 3, 528.56, 1786187, 31, 76489, 0
2716, 272, 7, 59, 0, 0, 36.47%, 15, 3, 3, 616.48, 1789419, 31, 76745, 0
2721, 272, 46, 59, 0, 0, 36.47%, 15, 3, 3, 618.35, 1792663, 31, 76973, 0
2727, 273, 45, 59, 0, 0, 36.47%, 15, 3, 3, 580.97, 1795425, 31, 77355, 0
2732, 273, 58, 59, 0, 0, 36.47%, 15, 3, 3, 530.61, 1797998, 31, 77824, 0
2737, 273, 46, 59, 0, 0, 36.47%, 15, 3, 3, 542.26, 1800763, 31, 78027, 0
2742, 273, 50, 59, 0, 0, 36.47%, 15, 3, 3, 629.40, 1804061, 31, 78214, 0
2747, 273, 55, 59, 0, 0, 36.47%, 15, 3, 3, 502.56, 1806443, 31, 78604, 0
2752, 274, 46, 59, 0, 0, 36.47%, 15, 3, 3, 607.41, 1809617, 31, 78870, 0
2757, 274, 7, 59, 0, 0, 36.47%, 15, 3, 3, 679.29, 1813091, 31, 78985, 0
2762, 274, 8, 59, 0, 0, 36.47%, 15, 3, 3, 606.48, 1815972, 31, 79357, 0
2767, 275, 46, 59, 0, 0, 36.47%, 15, 3, 3, 646.80, 1819389, 31, 79461, 0
2772, 275, 46, 59, 0, 0, 36.47%, 15, 3, 3, 544.95, 1822031, 31, 79963, 0
2777, 275, 32, 59, 0, 0, 36.47%, 15, 3, 3, 624.86, 1825175, 31, 80309, 0
2783, 276, 5, 59, 0, 0, 36.47%, 15, 3, 3, 591.23, 1828250, 31, 80603, 0
2788, 276, 6, 59, 0, 0, 36.47%, 15, 3, 3, 645.25, 1831496, 31, 80863, 0
2793, 276, 49, 59, 0, 0, 36.47%, 15, 3, 3, 560.38, 1834183, 31, 81287, 0
2798, 277, 32, 59, 0, 0, 36.47%, 15, 3, 3, 573.09, 1837063, 31, 81477, 0
2803, 277, 51, 59, 0, 0, 36.47%, 15, 3, 3, 434.78, 1839279, 31, 81830, 0
2808, 277, 46, 59, 0, 0, 36.47%, 15, 3, 3, 565.41, 1842090, 31, 82071, 0
2813, 277, 46, 59, 0, 0, 36.47%, 15, 3, 3, 502.50, 1844593, 31, 82221, 0
2818, 278, 58, 59, 0, 0, 36.47%, 15, 3, 3, 406.65, 1846698, 31, 82561, 0
2823, 278, 46, 59, 0, 0, 36.47%, 15, 3, 3, 548.73, 1849628, 31, 82750, 0
2828, 278, 46, 59, 0, 0, 36.47%, 15, 3, 3, 545.93, 1852368, 31, 82970, 0
2833, 278, 32, 59, 0, 0, 36.47%, 15, 3, 3, 610.03, 1855679, 31, 83108, 0
2838, 279, 24, 59, 0, 0, 36.47%, 15, 3, 3, 585.82, 1858534, 31, 83244, 0
2844, 279, 46, 59, 0, 0, 36.47%, 15, 3, 3, 567.54, 1861202, 31, 83377, 0
2849, 279, 32, 59, 0, 0, 36.47%, 15, 3, 3, 589.74, 1864060, 31, 83640, 0
2854, 280, 51, 59, 0, 0, 36.47%, 15, 3, 3, 473.98, 1866507, 31, 84070, 0
2859, 280, 32, 59, 0, 0, 36.47%, 15, 3, 3, 566.50, 1869213, 31, 84361, 0
2864, 280, 6, 59, 0, 0, 36.47%, 15, 3, 3, 523.54, 1871429, 31, 84561, 0
2869, 280, 5, 59, 0, 0, 36.47%, 15, 3, 3, 449.66, 1873793, 31, 84916, 0
2874, 281, 57, 59, 0, 0, 36.47%, 15, 3, 3, 538.77, 1876555, 31, 85126, 0
2879, 281, 45, 59, 0, 0, 36.47%, 15, 3, 3, 611.84, 1879701, 31, 85310, 0
2884, 281, 32, 59, 0, 0, 36.47%, 15, 3, 3, 644.30, 1882935, 31, 85462, 0
2889, 282, 56, 59, 0, 0, 36.47%, 15, 3, 3, 587.50, 1885979, 31, 85577, 0
2894, 282, 56, 59, 0, 0, 36.47%, 15, 3, 3, 475.71, 1888568, 31, 85818, 0
2899, 282, 46, 59, 0, 0, 36.47%, 15, 3, 3, 439.04, 1890918, 31, 86175, 0
2905, 283, 46, 59, 0, 0, 36.47%, 15, 3, 3, 556.51, 1893993, 31, 86429, 0
2910, 283, 46, 59, 0, 0, 36.47%, 15, 3, 3, 546.38, 1896776, 31, 86712, 0
2915, 283, 51, 59, 0, 0, 36.47%, 15, 3, 3, 605.98, 1899947, 31, 86957, 0
2920, 283, 32, 59, 0, 0, 36.47%, 15, 3, 3, 596.25, 1902859, 31, 87305, 0
2925, 284, 46, 59, 0, 0, 36.47%, 15, 3, 3, 642.16, 1906216, 31, 87490, 0
2930, 284, 56, 59, 0, 0, 36.47%, 15, 3, 3, 635.23, 1909419, 31, 87743, 0
2935, 284, 46, 59, 0, 0, 36.47%, 15, 3, 3, 520.88, 1912007, 31, 88155, 0
2940, 285, 5, 59, 0, 0, 36.47%, 15, 3, 3, 363.82, 1915010, 31, 88406, 0
2945, 285, 5, 59, 0, 0, 36.47%, 15, 3, 3, 618.76, 1918385, 31, 88580, 0
2950, 285, 32, 59, 0, 0, 36.47%, 15, 3, 3, 582.03, 1921334, 31, 88958, 0
2956, 286, 24, 59, 0, 0, 36.47%, 15, 3, 3, 616.12, 1924472, 31, 89238, 0
2961, 286, 8, 59, 0, 0, 36.47%, 15, 3, 3, 646.51, 1927849, 31, 89399, 0
2966, 286, 54, 59, 0, 0, 36.47%, 15, 3, 3, 588.15, 1930572, 31, 89674, 0
2971, 287, 46, 59, 0, 0, 36.47%, 15, 3, 3, 631.57, 1934007, 31, 89877, 0
2976, 287, 46, 59, 0, 0, 36.47%, 15, 3, 3, 604.70, 1937048, 31, 90156, 0
2981, 287, 46, 59, 0, 0, 36.47%, 15, 3, 3, 524.85, 1939772, 31, 90492, 0
2986, 288, 51, 59, 0, 0, 36.47%, 15, 3, 3, 593.83, 1942872, 31, 90762, 0
2991, 288, 5, 59, 0, 0, 36.47%, 15, 3, 3, 608.04, 1945718, 31, 91030, 0
2996, 288, 6, 59, 0, 0, 36.47%, 15, 3, 3, 622.80, 1948882, 31, 91347, 0
3001, 288, 24, 59, 0, 0, 36.47%, 15, 3, 3, 582.76, 1951857, 31, 91630, 0
3006, 289, 32, 59, 0, 0, 36.47%, 15, 3, 3, 653.16, 1955083, 31, 91831, 0
3011, 289, 5, 59, 0, 0, 36.47%, 15, 3, 3, 618.97, 1958045, 31, 92070, 0
3016, 289, 6, 59, 0, 0, 36.47%, 15, 3, 3, 643.36, 1961257, 31, 92222, 0
3022, 290, 53, 59, 0, 0, 36.47%, 15, 3, 3, 569.91, 1963803, 31, 92544, 0
3027, 290, 32, 59, 0, 0, 36.47%, 15, 3, 3, 624.56, 1966917, 31, 92771, 0
3032, 290, 46, 59, 0, 0, 36.47%, 15, 3, 3, 587.89, 1969843, 31, 92934, 0
3037, 290, 46, 59, 0, 0, 36.47%, 15, 3, 3, 637.35, 1973115, 31, 93098, 0
3042, 291, 46, 59, 0, 0, 36.47%, 15, 3, 3, 619.29, 1976328, 31, 93394, 0
3047, 291, 5, 59, 0, 0, 36.47%, 15, 3, 3, 663.93, 1979656, 31, 93525, 0
3052, 291, 50, 59, 0, 0, 36.47%, 15, 3, 3, 622.93, 1982853, 31, 93808, 0
3057, 292, 55, 59, 0, 0, 36.47%, 15, 3, 3, 535.12, 1985459, 31, 94063, 0
3062, 292, 58, 59, 0, 0, 36.47%, 15, 3, 3, 573.63, 1988544, 31, 94289, 0
3067, 292, 57, 59, 0, 0, 36.47%, 15, 3, 3, 501.08, 1991002, 31, 94646, 0
3072, 292, 46, 59, 0, 0, 36.47%, 15, 3, 3, 596.29, 1993957, 31, 94886, 0
3077, 293, 32, 59, 0, 0, 36.47%, 15, 3, 3, 586.03, 1996860, 31, 95197, 0
3082, 293, 48, 59, 0, 0, 36.47%, 15, 3, 3, 619.68, 2000096, 31, 95317, 0
3088, 293, 46, 59, 0, 0, 36.47%, 15, 3, 3, 545.39, 2002707, 31, 95650, 0
3093, 293, 46, 59, 0, 0, 36.47%, 15, 3, 3, 630.41, 2005999, 31, 95838, 0
3098, 294, 46, 59, 0, 0, 36.47%, 15, 3, 3, 625.49, 2009149, 31, 96042, 0
3103, 294, 46, 59, 0, 0, 36.47%, 15, 3, 3, 569.60, 2012109, 31, 96286, 0
3108, 294, 46, 59, 0, 0, 36.47%, 15, 3, 3, 593.83, 2015163, 31, 96564, 0
3113, 294, 39, 59, 0, 0, 36.47%, 15, 3, 3, 530.76, 2017907, 31, 96910, 0
3118, 295, 32, 59, 0, 0, 36.47%, 15, 3, 3, 629.84, 2021337, 31, 97025, 0
3123, 295, 57, 59, 0, 0, 36.47%, 15, 3, 3, 544.88, 2024037, 31, 97207, 0
3128, 295, 55, 59, 0, 0, 36.47%, 15, 3, 3, 537.81, 2026592, 31, 97512, 0
3134, 295, 8, 59, 0, 0, 36.47%, 15, 3, 3, 512.70, 2029127, 31, 97966, 0
3139, 296, 46, 59, 0, 0, 36.47%, 15, 3, 3, 567.05, 2032074, 31, 98220, 0
3144, 296, 58, 59, 0, 0, 36.47%, 15, 3, 3, 603.00, 2035172, 31, 98435, 0
3149, 296, 7, 59, 0, 0, 36.47%, 15, 3, 3, 646.02, 2038322, 31, 98688, 0
3154, 297, 8, 59, 0, 0, 36.47%, 15, 3, 3, 579.26, 2041258, 31, 99014, 0
3159, 297, 46, 59, 0, 0, 36.47%, 15, 3, 3, 544.26, 2043975, 31, 99406, 0
3164, 297, 2, 59, 0, 0, 36.47%, 15, 3, 3, 624.19, 2047098, 31, 99623, 0
3169, 297, 8, 59, 0, 0, 36.47%, 15, 3, 3, 532.80, 2049895, 31, 100005, 0
3174, 298, 54, 59, 0, 0, 36.47%, 15, 3, 3, 592.16, 2052839, 31, 100303, 0
3179, 298, 46, 59, 0, 0, 36.47%, 15, 3, 3, 559.70, 2055640, 31, 100654, 0
3184, 298, 58, 59, 0, 0, 36.47%, 15, 3, 3, 606.88, 2058796, 31, 100968, 0
3190, 299, 46, 59, 0, 0, 36.47%, 15, 3, 3, 627.69, 2061919, 31, 101287, 0
3195, 299, 57, 59, 0, 0, 36.47%, 15, 3, 3, 534.24, 2064701, 31, 101676, 0
3200, 299, 32, 59, 0, 0, 36.47%, 15, 3, 3, 567.87, 2067711, 31, 101939, 0
3205, 299, 46, 59, 0, 0, 36.47%, 15, 3, 3, 538.30, 2070528, 31, 102189, 0
3210, 300, 54, 59, 0, 0, 36.47%, 15, 3, 3, 581.14, 2073458, 31, 102470, 0
3215, 300, 50, 59, 0, 0, 36.47%, 15, 3, 3, 486.52, 2076067, 31, 102691, 0
3220, 300, 46, 59, 0, 0, 36.47%, 15, 3, 3, 586.66, 2079116, 31, 102984, 0
3225, 301, 46, 59, 0, 0, 36.47%, 15, 3, 3, 608.35, 2082370, 31, 103172, 0
3230, 301, 46, 59, 0, 0, 36.47%, 15, 3, 3, 625.28, 2085597, 31, 103299, 0
3235, 301, 46, 59, 0, 0, 36.47%, 15, 3, 3, 613.92, 2088953, 31, 103548, 0
3240, 301, 46, 59, 0, 0, 36.47%, 15, 3, 3, 564.08, 2091642, 31, 103960, 0
3246, 302, 59, 60, 1, 0, 36.47%, 15, 3, 3, 452.66, 2094038, 31, 104183, 0
3251, 302, 5, 60, 0, 0, 36.47%, 15, 3, 3, 304.88, 2095282, 31, 104278, 0
3256, 302, 0, 60, 0, 0, 36.47%, 15, 3, 3, 515.55, 2098252, 31, 104619, 0
3261, 302, 46, 60, 0, 0, 36.47%, 15, 3, 3, 587.11, 2101363, 31, 104802, 0
3266, 302, 46, 60, 0, 0, 36.47%, 15, 3, 3, 503.18, 2103777, 31, 105004, 0
3271, 303, 32, 60, 0, 0, 36.47%, 15, 3, 3, 561.42, 2106845, 31, 105125, 0
3276, 303, 41, 60, 0, 0, 36.47%, 15, 3, 3, 590.11, 2109837, 31, 105431, 0
3281, 303, 59, 60, 0, 0, 36.47%, 15, 3, 3, 635.23, 2112772, 31, 105665, 0
3286, 304, 46, 60, 0, 0, 36.47%, 15, 3, 3, 452.79, 2115236, 31, 105993, 0
3291, 304, 50, 60, 0, 0, 36.47%, 15, 3, 3, 525.05, 2117812, 31, 106311, 0
3296, 304, 51, 60, 0, 0, 36.47%, 15, 3, 3, 582.99, 2120939, 31, 106505, 0
3301, 304, 0, 60, 0, 0, 36.47%, 15, 3, 3, 547.80, 2123572, 31, 106954, 0
3306, 305, 46, 60, 0, 0, 36.47%, 15, 3, 3, 522.25, 2126232, 31, 107259, 0
3311, 305, 46, 60, 0, 0, 36.47%, 15, 3, 3, 584.22, 2129276, 31, 107485, 0
3316, 305, 59, 60, 0, 0, 36.47%, 15, 3, 3, 572.63, 2132004, 31, 107762, 0
3322, 306, 59, 61, 1, 0, 36.47%, 15, 3, 3, 417.26, 2134243, 31, 108044, 0
3327, 306, 60, 61, 1, 0, 36.47%, 15, 3, 3, 310.43, 2135799, 31, 108272, 0
3332, 306, 60, 61, 1, 0, 36.47%, 15, 3, 3, 200.27, 2136703, 31, 108272, 0
3337, 306, 5, 62, 1, 0, 36.47%, 15, 3, 3, 300.53, 2137986, 31, 108439, 0
3342, 306, 60, 62, 1, 0, 36.47%, 15, 3, 3, 196.82, 2138912, 31, 108679, 0
3347, 306, 60, 62, 1, 0, 36.47%, 15, 3, 3, 167.54, 2139709, 31, 108723, 0
3352, 306, 60, 62, 1, 0, 36.47%, 15, 3, 3, 166.11, 2140545, 31, 108754, 0
3357, 306, 60, 62, 1, 0, 36.47%, 15, 3, 3, 157.96, 2141339, 31, 108795, 0
3362, 306, 60, 62, 1, 0, 36.47%, 15, 3, 3, 144.52, 2142077, 31, 109104, 0
3367, 306, 61, 62, 1, 0, 36.47%, 15, 3, 3, 282.11, 2143914, 31, 109210, 0
3372, 306, 61, 62, 1, 0, 36.47%, 15, 3, 3, 209.00, 2144913, 31, 109210, 0
3378, 306, 46, 62, 0, 0, 36.47%, 15, 3, 3, 324.39, 2146425, 31, 109680, 0
3383, 306, 0, 62, 0, 0, 36.47%, 15, 3, 3, 424.58, 2148735, 31, 110035, 0
3388, 306, 46, 62, 0, 0, 36.47%, 15, 3, 3, 450.04, 2151018, 31, 110408, 0
3393, 306, 60, 62, 0, 0, 36.47%, 15, 3, 3, 360.52, 2152895, 31, 110821, 0
3398, 307, 60, 62, 0, 0, 36.47%, 15, 3, 3, 456.71, 2155342, 31, 111247, 0
3403, 307, 60, 63, 1, 0, 36.47%, 15, 3, 3, 414.99, 2157582, 31, 111611, 0
3408, 307, 62, 63, 1, 0, 36.47%, 15, 3, 3, 304.27, 2159082, 31, 111788, 0
3413, 307, 46, 64, 1, 0, 36.47%, 15, 3, 4, 367.66, 2160739, 31, 112140, 0
3418, 307, 60, 64, 1, 0, 36.47%, 15, 3, 4, 380.30, 2162777, 31, 112528, 0
3423, 307, 63, 64, 1, 0, 36.47%, 15, 3, 4, 295.37, 2164258, 31, 112596, 0
3429, 307, 60, 65, 1, 0, 36.47%, 15, 3, 4, 364.19, 2166087, 31, 113010, 0
3434, 307, 64, 65, 1, 0, 36.47%, 15, 3, 4, 289.10, 2167381, 31, 113294, 0
3439, 307, 48, 65, 0, 0, 36.47%, 15, 3, 4, 427.56, 2169465, 31, 113591, 0
3444, 307, 64, 65, 0, 0, 36.47%, 15, 3, 4, 447.05, 2171759, 31, 113979, 0
3449, 307, 64, 65, 0, 0, 36.47%, 15, 3, 4, 398.02, 2173759, 31, 114049, 0
3454, 307, 64, 65, 0, 0, 36.47%, 15, 3, 4, 397.30, 2175780, 31, 114123, 0
3459, 308, 64, 65, 0, 0, 36.47%, 15, 3, 4, 361.60, 2177563, 31, 114567, 0
3464, 308, 64, 65, 0, 0, 36.47%, 15, 3, 4, 342.31, 2179401, 31, 115152, 0
3469, 308, 64, 65, 0, 0, 36.47%, 15, 3, 4, 339.53, 2181053, 31, 115901, 0
3474, 308, 59, 65, 0, 0, 36.47%, 15, 3, 4, 370.10, 2183246, 31, 116337, 0
3480, 308, 62, 65, 0, 0, 36.47%, 15, 3, 4, 360.17, 2185119, 31, 116849, 0
3485, 308, 64, 65, 0, 0, 36.47%, 15, 3, 4, 366.34, 2187048, 31, 117409, 0
3490, 308, 46, 65, 0, 0, 36.47%, 15, 3, 4, 317.03, 2188441, 31, 117893, 0
3495, 308, 7, 65, 0, 0, 36.47%, 15, 3, 4, 544.41, 2191326, 31, 118176, 0
3500, 308, 58, 65, 0, 0, 36.47%, 15, 3, 4, 390.73, 2193150, 31, 118494, 0
3505, 309, 46, 65, 0, 0, 36.47%, 15, 3, 4, 474.48, 2195498, 31, 118731, 0
3510, 309, 46, 65, 0, 0, 36.47%, 15, 3, 4, 474.93, 2197771, 31, 119249, 0
3515, 309, 64, 65, 0, 0, 36.47%, 15, 3, 4, 463.68, 2200083, 31, 119712, 0
3520, 309, 46, 65, 0, 0, 36.47%, 15, 3, 4, 428.87, 2202110, 31, 120232, 0
3525, 309, 46, 65, 0, 0, 36.47%, 15, 3, 4, 596.27, 2205266, 31, 120424, 0
3530, 310, 64, 65, 0, 0, 36.47%, 15, 3, 4, 471.41, 2207630, 31, 120840, 0
3535, 310, 59, 65, 0, 0, 36.47%, 15, 3, 4, 475.99, 2209912, 31, 121243, 0
3540, 310, 46, 65, 0, 0, 36.47%, 15, 3, 4, 473.04, 2212210, 31, 121560, 0
3545, 310, 46, 65, 0, 0, 36.47%, 15, 3, 4, 435.56, 2214338, 31, 122084, 0
3551, 310, 0, 65, 0, 0, 36.47%, 15, 3, 4, 399.35, 2216453, 31, 122606, 0
3556, 310, 46, 65, 0, 0, 36.47%, 15, 3, 4, 424.31, 2218602, 31, 123201, 0
3561, 310, 64, 65, 0, 0, 36.47%, 15, 3, 4, 468.47, 2220988, 31, 123678, 0
3566, 311, 46, 65, 0, 0, 36.47%, 15, 3, 4, 460.07, 2223186, 31, 124231, 0
3571, 311, 64, 65, 0, 0, 36.47%, 15, 3, 4, 460.69, 2225758, 31, 124641, 0
3576, 311, 47, 65, 0, 0, 36.47%, 15, 3, 4, 368.40, 2227453, 31, 125195, 0
3581, 311, 32, 65, 0, 0, 36.47%, 15, 3, 4, 519.10, 2230048, 31, 125574, 0
3586, 311, 59, 65, 0, 0, 36.47%, 15, 3, 4, 397.48, 2231938, 31, 126033, 0
3591, 311, 46, 65, 0, 0, 36.47%, 15, 3, 4, 377.42, 2233686, 31, 126524, 0
3596, 311, 64, 65, 0, 0, 36.47%, 15, 3, 4, 406.85, 2235911, 31, 127008, 0
3601, 311, 64, 65, 0, 0, 36.47%, 15, 3, 4, 421.65, 2237914, 31, 127507, 0
3607, 312, 64, 65, 0, 0, 36.47%, 15, 3, 4, 466.24, 2240437, 31, 128043, 0
3612, 312, 64, 65, 0, 0, 36.47%, 15, 3, 4, 415.57, 2242629, 31, 128509, 0
3617, 312, 46, 65, 0, 0, 36.47%, 15, 3, 4, 494.88, 2245045, 31, 128894, 0
3622, 312, 46, 65, 0, 0, 36.47%, 15, 3, 4, 590.43, 2248149, 31, 129237, 0
3627, 312, 46, 65, 0, 0, 36.47%, 15, 3, 4, 450.55, 2250273, 31, 129683, 0
3632, 312, 46, 65, 0, 0, 36.47%, 15, 3, 4, 407.21, 2252409, 31, 130093, 0
3637, 313, 46, 65, 0, 0, 36.47%, 15, 3, 4, 503.07, 2255136, 31, 130419, 0
3642, 313, 47, 65, 0, 0, 36.47%, 15, 3, 4, 493.05, 2257740, 31, 130821, 0
3647, 313, 46, 65, 0, 0, 36.47%, 15, 3, 4, 451.47, 2260183, 31, 131265, 0
3652, 313, 6, 65, 0, 0, 36.47%, 15, 3, 4, 399.14, 2261931, 31, 131772, 0
3658, 313, 64, 65, 0, 0, 36.47%, 15, 3, 4, 404.95, 2264050, 31, 132235, 0
3663, 313, 63, 65, 0, 0, 36.47%, 15, 3, 4, 432.05, 2266371, 31, 132719, 0
3668, 314, 7, 65, 0, 0, 36.47%, 15, 3, 4, 343.72, 2268110, 31, 133213, 0
3673, 314, 64, 65, 0, 0, 36.47%, 15, 3, 4, 340.51, 2269914, 31, 133776, 0
3678, 314, 58, 65, 0, 0, 36.47%, 16, 3, 4, 405.96, 2272028, 31, 134232, 0
3683, 314, 46, 65, 0, 0, 36.47%, 16, 3, 4, 493.66, 2274345, 31, 134661, 0
3688, 314, 46, 65, 0, 0, 36.47%, 16, 3, 4, 525.83, 2276989, 31, 135030, 0
3693, 314, 64, 65, 0, 0, 36.47%, 16, 3, 4, 431.73, 2279256, 31, 135504, 0
3698, 314, 46, 65, 0, 0, 36.47%, 16, 3, 4, 418.99, 2281383, 31, 136036, 0
3703, 315, 46, 65, 0, 0, 36.47%, 16, 3, 4, 459.00, 2283983, 31, 136412, 0
3709, 315, 53, 65, 0, 0, 36.47%, 16, 3, 4, 576.61, 2287101, 31, 136626, 0
3714, 315, 64, 65, 0, 0, 36.47%, 16, 3, 4, 394.80, 2288874, 31, 137198, 0
3719, 315, 38, 65, 0, 0, 36.47%, 16, 3, 4, 482.45, 2291168, 31, 137507, 0
3724, 315, 64, 65, 0, 0, 36.47%, 16, 3, 4, 396.58, 2293231, 31, 137889, 0
3729, 315, 46, 65, 0, 0, 36.47%, 16, 3, 4, 391.69, 2295252, 31, 138473, 0
3734, 316, 64, 65, 0, 0, 36.47%, 16, 3, 4, 365.86, 2297069, 31, 139018, 0
3739, 316, 64, 65, 0, 0, 36.47%, 16, 3, 4, 404.33, 2299090, 31, 139593, 0
3744, 316, 46, 65, 0, 0, 36.47%, 16, 3, 4, 413.88, 2301174, 31, 140072, 0
3749, 316, 6, 65, 0, 0, 36.47%, 16, 3, 4, 436.60, 2303422, 31, 140586, 0
3754, 316, 46, 65, 0, 0, 36.47%, 16, 3, 4, 579.69, 2306653, 31, 140793, 0
3759, 316, 59, 65, 0, 0, 36.47%, 16, 3, 4, 396.34, 2308718, 31, 141306, 0
3759, 316, 59, 65, 0, 0, 36.47%, 16, 3, 4, 0.00, 2308736, 31, 141309, 0
3765, 316, 63, 65, 0, 0, 36.47%, 16, 3, 4, 350.30, 2310842, 31, 141914, 0
3770, 317, 46, 65, 0, 0, 36.47%, 16, 3, 4, 458.47, 2313061, 31, 142509, 0
3775, 317, 24, 65, 0, 0, 36.47%, 16, 3, 4, 423.32, 2315268, 31, 143049, 0
3780, 317, 64, 65, 0, 0, 36.47%, 16, 3, 4, 362.16, 2317035, 31, 143550, 0
3785, 317, 6, 65, 0, 0, 36.47%, 16, 3, 4, 404.19, 2319145, 31, 144066, 0
3790, 317, 64, 65, 0, 0, 36.47%, 16, 3, 4, 445.23, 2321594, 31, 144490, 0
3795, 317, 64, 65, 0, 0, 36.47%, 16, 3, 4, 443.55, 2323753, 31, 144880, 0
3800, 317, 64, 65, 0, 0, 36.47%, 16, 3, 4, 396.56, 2325865, 31, 145405, 0
3805, 318, 44, 65, 0, 0, 36.47%, 16, 3, 4, 335.72, 2327361, 31, 146068, 0
3810, 318, 64, 65, 0, 0, 36.47%, 16, 3, 4, 415.48, 2329741, 31, 146452, 0
3816, 318, 64, 65, 0, 0, 36.47%, 16, 3, 4, 390.40, 2331847, 31, 146997, 0
3821, 318, 64, 65, 0, 0, 36.47%, 16, 3, 4, 548.87, 2334550, 31, 147421, 0
3826, 318, 64, 65, 0, 0, 36.47%, 16, 3, 4, 494.36, 2336776, 31, 147886, 0
3831, 318, 64, 65, 0, 0, 36.47%, 16, 3, 4, 463.17, 2338875, 31, 148467, 0
3836, 319, 64, 65, 0, 0, 36.47%, 16, 3, 4, 535.87, 2341679, 31, 148797, 0
3841, 319, 64, 65, 0, 0, 36.47%, 16, 3, 4, 530.20, 2344187, 31, 149196, 0
3846, 319, 64, 65, 0, 0, 36.47%, 16, 3, 4, 429.02, 2346445, 31, 149716, 0
3851, 319, 64, 65, 0, 0, 36.47%, 16, 3, 4, 397.57, 2348595, 31, 150116, 0
3856, 319, 64, 65, 0, 0, 36.47%, 16, 3, 4, 355.32, 2350422, 31, 150694, 0
3861, 319, 64, 65, 0, 0, 36.47%, 16, 3, 4, 278.41, 2352291, 31, 151228, 0
3867, 320, 64, 65, 0, 0, 36.47%, 16, 3, 4, 430.70, 2354849, 31, 151589, 0
3872, 320, 64, 65, 0, 0, 36.47%, 16, 3, 4, 367.50, 2356705, 31, 152248, 0
3877, 320, 59, 65, 0, 0, 36.47%, 16, 3, 4, 473.84, 2359104, 31, 152632, 0
3882, 320, 46, 65, 0, 0, 36.47%, 16, 3, 4, 452.98, 2361191, 31, 153006, 0
3887, 320, 64, 65, 0, 0, 36.47%, 16, 3, 4, 509.46, 2363843, 31, 153305, 0
3892, 320, 64, 65, 0, 0, 36.47%, 16, 3, 4, 406.86, 2365735, 31, 153854, 0
3897, 321, 61, 65, 0, 0, 36.47%, 16, 3, 4, 394.68, 2367712, 31, 154370, 0
3902, 321, 64, 65, 0, 0, 36.47%, 16, 3, 4, 351.73, 2369401, 31, 154917, 0
3907, 321, 61, 65, 0, 0, 36.47%, 16, 3, 4, 368.97, 2371296, 31, 155334, 0
3912, 321, 46, 65, 0, 0, 36.47%, 16, 3, 4, 417.40, 2373518, 31, 155811, 0
3918, 321, 64, 65, 0, 0, 36.47%, 16, 3, 4, 561.59, 2376490, 31, 156189, 0
3923, 321, 64, 65, 0, 0, 36.47%, 16, 3, 4, 484.14, 2378584, 31, 156682, 0
3928, 321, 64, 65, 0, 0, 36.47%, 16, 3, 4, 424.42, 2380600, 31, 157148, 0
3933, 322, 64, 65, 0, 0, 36.47%, 16, 3, 4, 400.58, 2382548, 31, 157742, 0
3938, 322, 64, 65, 0, 0, 36.47%, 16, 3, 4, 499.94, 2385231, 31, 158196, 0
3943, 322, 64, 65, 0, 0, 36.47%, 16, 3, 4, 408.72, 2387303, 31, 158684, 0
3948, 322, 64, 65, 0, 0, 36.47%, 16, 3, 4, 405.02, 2389429, 31, 159181, 0
3953, 322, 63, 65, 0, 0, 36.47%, 16, 3, 4, 380.52, 2391388, 31, 159677, 0
3958, 322, 46, 65, 0, 0, 36.47%, 16, 3, 4, 360.57, 2393115, 31, 160176, 0
3963, 323, 64, 65, 0, 0, 36.47%, 16, 3, 4, 458.97, 2395605, 31, 160533, 0
3969, 323, 64, 65, 0, 0, 36.47%, 16, 3, 4, 414.16, 2397689, 31, 161084, 0
3974, 323, 46, 65, 0, 0, 36.47%, 16, 3, 4, 455.57, 2400307, 31, 161401, 0
3979, 323, 59, 65, 0, 0, 36.47%, 16, 3, 4, 435.66, 2402588, 31, 161696, 0
3984, 323, 46, 65, 0, 0, 36.47%, 16, 3, 4, 438.69, 2404802, 31, 162059, 0
3989, 323, 8, 65, 0, 0, 36.47%, 16, 3, 4, 347.86, 2406478, 31, 162411, 0
3994, 323, 63, 65, 0, 0, 36.47%, 16, 3, 4, 351.87, 2408486, 31, 162770, 0
3999, 324, 46, 65, 0, 0, 36.47%, 16, 3, 4, 415.33, 2410665, 31, 163120, 0
4004, 324, 64, 65, 0, 0, 36.47%, 16, 3, 4, 354.25, 2412530, 31, 163694, 0
4009, 324, 64, 65, 0, 0, 36.47%, 16, 3, 4, 357.74, 2414414, 31, 164288, 0
4014, 324, 24, 65, 0, 0, 36.47%, 16, 3, 4, 416.36, 2416462, 31, 164674, 0
4019, 324, 64, 65, 0, 0, 36.47%, 16, 3, 4, 297.25, 2418033, 31, 164991, 0
4024, 324, 46, 65, 0, 0, 36.47%, 16, 3, 4, 450.40, 2420514, 31, 165317, 0
4029, 325, 64, 65, 0, 0, 36.47%, 16, 3, 4, 469.99, 2422641, 31, 165750, 0
4034, 325, 64, 65, 0, 0, 36.47%, 16, 3, 4, 440.98, 2424886, 31, 166167, 0
4040, 325, 64, 65, 0, 0, 36.47%, 16, 3, 4, 338.84, 2426554, 31, 166536, 0
4045, 325, 64, 65, 0, 0, 36.47%, 16, 3, 4, 413.10, 2428500, 31, 167094, 0
4050, 325, 8, 65, 0, 0, 36.47%, 16, 3, 4, 463.89, 2430724, 31, 167536, 0
4055, 325, 5, 65, 0, 0, 36.47%, 16, 3, 4, 511.94, 2433195, 31, 167929, 0
4060, 325, 64, 65, 0, 0, 36.47%, 16, 3, 4, 293.02, 2435243, 31, 168457, 0
4065, 326, 57, 65, 0, 0, 36.47%, 16, 3, 4, 446.68, 2437629, 31, 168983, 0
4070, 326, 46, 65, 0, 0, 36.47%, 16, 3, 4, 523.04, 2440494, 31, 169326, 0
4075, 326, 64, 65, 0, 0, 36.47%, 16, 3, 4, 436.85, 2442564, 31, 169833, 0
4080, 326, 61, 65, 0, 0, 36.47%, 16, 3, 4, 308.74, 2444040, 31, 170256, 0
4085, 326, 64, 65, 0, 0, 36.47%, 16, 3, 4, 373.88, 2445973, 31, 170622, 0
4091, 326, 46, 65, 0, 0, 36.47%, 16, 3, 4, 420.76, 2448088, 31, 171062, 0
4096, 326, 0, 65, 0, 0, 36.47%, 16, 3, 4, 513.22, 2450549, 31, 171439, 0
4101, 327, 64, 65, 0, 0, 36.47%, 16, 3, 4, 396.17, 2452574, 31, 171867, 0
4106, 327, 64, 65, 0, 0, 36.47%, 16, 3, 4, 380.28, 2454505, 31, 172351, 0
4111, 327, 46, 65, 0, 0, 36.47%, 16, 3, 4, 412.71, 2456625, 31, 172879, 0
4116, 327, 46, 65, 0, 0, 36.47%, 16, 3, 4, 493.21, 2459195, 31, 173335, 0
4121, 327, 32, 65, 0, 0, 36.47%, 16, 3, 4, 425.28, 2461382, 31, 173784, 0
4126, 327, 62, 65, 0, 0, 36.47%, 16, 3, 4, 371.75, 2463207, 31, 174405, 0
4131, 327, 61, 65, 0, 0, 36.47%, 16, 3, 4, 396.83, 2465374, 31, 174793, 0
4136, 328, 64, 65, 0, 0, 36.47%, 16, 3, 4, 389.58, 2467409, 31, 175265, 0
4141, 328, 64, 65, 0, 0, 36.47%, 16, 3, 4, 438.04, 2469772, 31, 175768, 0
4147, 328, 46, 65, 0, 0, 36.47%, 16, 3, 4, 403.37, 2471516, 31, 176243, 0
4152, 328, 64, 65, 0, 0, 36.47%, 16, 3, 4, 418.69, 2473880, 31, 176595, 0
4157, 328, 64, 65, 0, 0, 36.47%, 16, 3, 4, 344.31, 2475635, 31, 177099, 0
4162, 328, 64, 65, 0, 0, 36.47%, 16, 3, 4, 360.39, 2477427, 31, 177631, 0
4167, 328, 64, 65, 0, 0, 36.47%, 16, 3, 4, 403.49, 2479655, 31, 178193, 0
4172, 328, 50, 65, 0, 0, 36.47%, 16, 3, 4, 405.92, 2481725, 31, 178582, 0
4177, 329, 57, 65, 0, 0, 36.47%, 16, 3, 4, 332.29, 2483431, 31, 179218, 0
4182, 329, 64, 65, 0, 0, 36.47%, 16, 3, 4, 328.24, 2485185, 31, 179748, 0
4187, 329, 0, 65, 0, 0, 36.47%, 16, 3, 4, 396.59, 2487293, 31, 180225, 0
4192, 329, 64, 65, 0, 0, 36.47%, 16, 3, 4, 425.84, 2489592, 31, 180719, 0
4197, 329, 5, 65, 0, 0, 36.47%, 16, 3, 4, 391.76, 2491543, 31, 181179, 0
4202, 329, 46, 65, 0, 0, 36.47%, 16, 3, 4, 495.26, 2494029, 31, 181611, 0
4207, 329, 64, 65, 0, 0, 36.47%, 16, 3, 4, 392.60, 2495955, 31, 182063, 0
4213, 330, 64, 65, 0, 0, 36.47%, 16, 3, 4, 441.09, 2498202, 31, 182520, 0
4218, 330, 64, 65, 0, 0, 36.47%, 16, 3, 4, 386.72, 2500061, 31, 183032, 0
4223, 330, 64, 65, 0, 0, 36.47%, 16, 3, 4, 412.62, 2502129, 31, 183501, 0
4228, 330, 46, 65, 0, 0, 36.47%, 16, 3, 4, 492.89, 2504923, 31, 183888, 0
4233, 330, 58, 65, 0, 0, 36.47%, 16, 3, 4, 576.44, 2507814, 31, 184112, 0
4238, 330, 46, 65, 0, 0, 36.47%, 16, 3, 4, 448.10, 2509768, 31, 184682, 0
4243, 331, 64, 65, 0, 0, 36.47%, 16, 3, 4, 418.45, 2511992, 31, 185128, 0
4248, 331, 46, 65, 0, 0, 36.47%, 16, 3, 4, 420.41, 2514208, 31, 185745, 0
4253, 331, 64, 65, 0, 0, 36.47%, 16, 3, 4, 464.89, 2516811, 31, 186058, 0
4258, 331, 61, 65, 0, 0, 36.47%, 16, 3, 4, 382.74, 2518610, 31, 186570, 0
4263, 331, 24, 65, 0, 0, 36.47%, 16, 3, 4, 483.05, 2521023, 31, 186948, 0
4269, 331, 62, 65, 0, 0, 36.47%, 16, 3, 4, 456.68, 2523353, 31, 187356, 0
4274, 332, 32, 65, 0, 0, 36.47%, 16, 3, 4, 535.59, 2525936, 31, 187728, 0
4279, 332, 64, 65, 0, 0, 36.47%, 16, 3, 4, 424.51, 2527954, 31, 188220, 0
4284, 332, 64, 65, 0, 0, 36.47%, 16, 3, 4, 423.14, 2530381, 31, 188591, 0
4289, 332, 64, 65, 0, 0, 36.47%, 16, 3, 4, 404.72, 2532353, 31, 189117, 0
4294, 332, 64, 65, 0, 0, 36.47%, 16, 3, 4, 385.69, 2534353, 31, 189692, 0
4299, 332, 54, 65, 0, 0, 36.47%, 16, 3, 4, 529.09, 2537247, 31, 189957, 0
4304, 332, 64, 65, 0, 0, 36.47%, 16, 3, 4, 444.03, 2539688, 31, 190298, 0
4309, 333, 64, 65, 0, 0, 36.47%, 16, 3, 4, 501.52, 2542382, 31, 190682, 0
4314, 333, 46, 65, 0, 0, 36.47%, 16, 3, 4, 417.59, 2544230, 31, 191233, 0
4319, 333, 64, 65, 0, 0, 36.47%, 16, 3, 4, 447.91, 2546701, 31, 191664, 0
4324, 333, 61, 65, 0, 0, 36.47%, 16, 3, 4, 336.98, 2548308, 31, 192152, 0
4330, 333, 64, 65, 0, 0, 36.47%, 16, 3, 4, 357.52, 2550088, 31, 192697, 0
4335, 333, 46, 65, 0, 0, 36.47%, 16, 3, 4, 351.38, 2551690, 31, 193188, 0
4340, 333, 64, 65, 0, 0, 36.47%, 16, 3, 4, 370.67, 2553689, 31, 193617, 0
4345, 333, 64, 65, 0, 0, 36.47%, 16, 3, 4, 435.42, 2555943, 31, 194010, 0
4350, 334, 32, 65, 0, 0, 36.47%, 16, 3, 4, 393.24, 2557949, 31, 194507, 0
4355, 334, 64, 65, 0, 0, 36.47%, 16, 3, 4, 455.56, 2560362, 31, 194855, 0
4360, 334, 64, 65, 0, 0, 36.47%, 16, 3, 4, 365.58, 2562055, 31, 195342, 0
4365, 334, 6, 65, 0, 0, 36.47%, 16, 3, 4, 474.60, 2564417, 31, 195701, 0
4370, 334, 64, 65, 0, 0, 36.47%, 16, 3, 4, 302.46, 2566697, 31, 196199, 0
4375, 334, 46, 65, 0, 0, 36.47%, 16, 3, 4, 485.72, 2569068, 31, 196603, 0
4380, 334, 32, 65, 0, 0, 36.47%, 16, 3, 4, 410.10, 2570889, 31, 197147, 0
4385, 335, 8, 65, 0, 0, 36.47%, 16, 3, 4, 549.10, 2573684, 31, 197440, 0
4390, 335, 46, 65, 0, 0, 36.47%, 16, 3, 4, 477.75, 2575822, 31, 197759, 0
4396, 335, 24, 65, 0, 0, 36.47%, 16, 3, 4, 510.62, 2578562, 31, 198050, 0
4401, 335, 64, 65, 0, 0, 36.47%, 16, 3, 4, 465.54, 2580802, 31, 198442, 0
4406, 335, 64, 65, 0, 0, 36.47%, 16, 3, 4, 386.44, 2582702, 31, 198897, 0
4411, 335, 46, 65, 0, 0, 36.47%, 16, 3, 4, 454.22, 2584950, 31, 199289, 0
4416, 336, 46, 65, 0, 0, 36.47%, 16, 3, 4, 447.03, 2587464, 31, 199705, 0
4421, 336, 64, 65, 0, 0, 36.47%, 16, 3, 4, 281.58, 2589787, 31, 200188, 0
4426, 336, 64, 65, 0, 0, 36.47%, 16, 3, 4, 458.12, 2592279, 31, 200571, 0
4431, 336, 64, 65, 0, 0, 36.47%, 16, 3, 4, 446.37, 2594388, 31, 200963, 0
4436, 336, 64, 65, 0, 0, 36.47%, 16, 3, 4, 427.17, 2596496, 31, 201514, 0
4441, 336, 46, 65, 0, 0, 36.47%, 16, 3, 4, 491.09, 2598849, 31, 201920, 0
4446, 336, 46, 65, 0, 0, 36.47%, 16, 3, 4, 514.99, 2601407, 31, 202351, 0
4451, 337, 64, 65, 0, 0, 36.47%, 16, 3, 4, 386.20, 2603321, 31, 202917, 0
4457, 337, 46, 65, 0, 0, 36.47%, 16, 3, 4, 475.66, 2605768, 31, 203402, 0
4462, 337, 64, 65, 0, 0, 36.47%, 16, 3, 4, 338.95, 2607415, 31, 203987, 0
4467, 337, 64, 65, 0, 0, 36.47%, 16, 3, 4, 375.54, 2609378, 31, 204542, 0
4472, 337, 57, 65, 0, 0, 36.47%, 16, 3, 4, 428.41, 2611694, 31, 205037, 0
4477, 337, 64, 65, 0, 0, 36.47%, 16, 3, 4, 429.43, 2613933, 31, 205478, 0
4482, 337, 46, 65, 0, 0, 36.47%, 16, 3, 4, 544.65, 2616660, 31, 205793, 0
4487, 337, 64, 65, 0, 0, 36.47%, 16, 3, 4, 367.70, 2618439, 31, 206321, 0
4492, 338, 64, 65, 0, 0, 36.47%, 16, 3, 4, 360.53, 2620397, 31, 206829, 0
4497, 338, 5, 65, 0, 0, 36.47%, 16, 3, 4, 461.77, 2622748, 31, 207147, 0
4502, 338, 64, 65, 0, 0, 36.47%, 16, 3, 4, 428.88, 2624875, 31, 207617, 0
4507, 338, 64, 65, 0, 0, 36.47%, 16, 3, 4, 464.00, 2627169, 31, 207959, 0
4512, 338, 46, 65, 0, 0, 36.47%, 16, 3, 4, 402.54, 2628966, 31, 208554, 0
4518, 338, 24, 65, 0, 0, 36.47%, 16, 3, 4, 480.70, 2631407, 31, 208844, 0
4523, 339, 59, 65, 0, 0, 36.47%, 16, 3, 4, 483.38, 2633823, 31, 209263, 0
4528, 339, 64, 65, 0, 0, 36.47%, 16, 3, 4, 455.26, 2636328, 31, 209563, 0
4533, 339, 61, 65, 0, 0, 36.47%, 16, 3, 4, 464.33, 2638567, 31, 209966, 0
4538, 339, 56, 65, 0, 0, 36.47%, 16, 3, 4, 436.33, 2640696, 31, 210433, 0
4543, 339, 2, 65, 0, 0, 36.47%, 16, 3, 4, 488.91, 2643298, 31, 210644, 0
4548, 340, 61, 65, 0, 0, 36.47%, 16, 3, 4, 350.89, 2645118, 31, 211062, 0
4554, 340, 46, 65, 0, 0, 36.47%, 16, 3, 4, 562.46, 2648196, 31, 211190, 0
4559, 340, 32, 65, 0, 0, 36.47%, 16, 3, 4, 542.75, 2650947, 31, 211507, 0
4564, 340, 0, 65, 0, 0, 36.47%, 16, 3, 4, 455.53, 2653098, 31, 211978, 0
4569, 340, 64, 65, 0, 0, 36.47%, 16, 3, 4, 444.84, 2655398, 31, 212374, 0
4574, 341, 46, 65, 0, 0, 36.47%, 16, 3, 4, 461.32, 2657830, 31, 212816, 0
4579, 341, 64, 65, 0, 0, 36.47%, 16, 3, 4, 482.94, 2660553, 31, 213000, 0
4584, 341, 64, 65, 0, 0, 36.47%, 16, 3, 4, 459.59, 2662867, 31, 213425, 0
4589, 341, 57, 65, 0, 0, 36.47%, 16, 3, 4, 383.73, 2664620, 31, 213891, 0
4594, 341, 63, 65, 0, 0, 36.47%, 16, 3, 4, 352.32, 2666452, 31, 214505, 0
4599, 341, 46, 65, 0, 0, 36.47%, 16, 3, 4, 378.27, 2668528, 31, 214903, 0
4605, 342, 32, 65, 0, 0, 36.47%, 16, 3, 4, 346.43, 2670350, 31, 215279, 0
4610, 342, 32, 65, 0, 0, 36.47%, 16, 3, 4, 519.82, 2673260, 31, 215512, 0
4615, 342, 49, 65, 0, 0, 36.47%, 16, 3, 4, 434.34, 2675314, 31, 215911, 0
4620, 342, 64, 65, 0, 0, 36.47%, 16, 3, 4, 312.36, 2677464, 31, 216305, 0
4625, 342, 64, 65, 0, 0, 36.47%, 16, 3, 4, 379.67, 2679450, 31, 216924, 0
4630, 342, 5, 65, 0, 0, 36.47%, 16, 3, 4, 349.86, 2681319, 31, 217456, 0
4635, 342, 46, 65, 0, 0, 36.47%, 16, 3, 4, 407.19, 2683661, 31, 217854, 0
4640, 343, 64, 65, 0, 0, 36.47%, 16, 3, 4, 430.25, 2685819, 31, 218297, 0
4645, 343, 8, 65, 0, 0, 36.47%, 16, 3, 4, 482.61, 2688404, 31, 218516, 0
4650, 343, 64, 65, 0, 0, 36.47%, 16, 3, 4, 394.34, 2690476, 31, 218982, 0
4655, 343, 64, 65, 0, 0, 36.47%, 16, 3, 4, 361.07, 2692150, 31, 219481, 0
4660, 343, 59, 65, 0, 0, 36.47%, 16, 3, 4, 447.29, 2694576, 31, 219777, 0
4665, 343, 64, 65, 0, 0, 36.47%, 16, 3, 4, 370.31, 2696418, 31, 220210, 0
4670, 343, 46, 65, 0, 0, 36.47%, 16, 3, 4, 328.71, 2698387, 31, 220787, 0
4676, 344, 32, 65, 0, 0, 36.47%, 16, 3, 4, 548.48, 2701415, 31, 221138, 0
4681, 344, 62, 65, 0, 0, 36.47%, 16, 3, 4, 400.30, 2703361, 31, 221676, 0
4686, 344, 32, 65, 0, 0, 36.47%, 16, 3, 4, 502.85, 2706055, 31, 221994, 0
4691, 344, 6, 65, 0, 0, 36.47%, 16, 3, 4, 462.95, 2708143, 31, 222562, 0
4696, 344, 64, 65, 0, 0, 36.47%, 16, 3, 4, 424.70, 2710412, 31, 222991, 0
4701, 344, 64, 65, 0, 0, 36.47%, 16, 3, 4, 549.35, 2713221, 31, 223348, 0
4706, 344, 63, 65, 0, 0, 36.47%, 16, 3, 4, 399.07, 2714998, 31, 223951, 0
4711, 345, 64, 65, 0, 0, 36.47%, 16, 3, 4, 444.04, 2717415, 31, 224421, 0
4716, 345, 64, 65, 0, 0, 36.47%, 16, 3, 4, 483.63, 2720071, 31, 224749, 0
4721, 345, 32, 65, 0, 0, 36.47%, 16, 3, 4, 539.49, 2722511, 31, 225181, 0
4727, 345, 64, 65, 0, 0, 36.47%, 16, 3, 4, 426.40, 2724487, 31, 225708, 0
4732, 345, 63, 65, 0, 0, 36.47%, 16, 3, 4, 396.35, 2726584, 31, 226317, 0
4737, 345, 46, 65, 0, 0, 36.47%, 16, 3, 4, 349.12, 2728297, 31, 226800, 0
4742, 345, 46, 65, 0, 0, 36.47%, 16, 3, 4, 485.23, 2730729, 31, 227294, 0
4747, 345, 64, 65, 0, 0, 36.47%, 16, 3, 4, 440.63, 2732994, 31, 227830, 0
4752, 346, 64, 65, 0, 0, 36.47%, 16, 3, 4, 408.45, 2735025, 31, 228218, 0
4757, 346, 63, 65, 0, 0, 36.47%, 16, 3, 4, 396.69, 2737185, 31, 228809, 0
4762, 346, 63, 65, 0, 0, 36.47%, 16, 3, 4, 398.79, 2739369, 31, 229425, 0
4767, 346, 64, 65, 0, 0, 36.47%, 16, 3, 4, 366.72, 2741085, 31, 230143, 0
4772, 346, 64, 65, 0, 0, 36.47%, 16, 3, 4, 484.60, 2743472, 31, 230609, 0
4777, 346, 64, 65, 0, 0, 36.47%, 16, 3, 4, 395.94, 2745442, 31, 231140, 0
4782, 346, 12, 65, 0, 0, 36.47%, 16, 3, 4, 512.64, 2748151, 31, 231457, 0
4787, 347, 46, 66, 1, 0, 36.47%, 16, 3, 4, 493.71, 2750651, 31, 231860, 0
4792, 347, 46, 66, 0, 0, 36.47%, 16, 3, 4, 454.27, 2752923, 31, 232284, 0
4798, 347, 64, 66, 0, 0, 36.47%, 16, 3, 4, 428.97, 2754963, 31, 232836, 0
4803, 347, 64, 66, 0, 0, 36.47%, 16, 3, 4, 369.50, 2756775, 31, 233247, 0
4808, 347, 64, 66, 0, 0, 36.47%, 16, 3, 4, 384.43, 2758792, 31, 233838, 0
4813, 347, 64, 66, 0, 0, 36.47%, 16, 3, 4, 409.39, 2760859, 31, 234261, 0
4818, 347, 64, 66, 0, 0, 36.47%, 16, 3, 4, 410.41, 2762815, 31, 234779, 0
4823, 347, 16, 66, 0, 0, 36.47%, 16, 3, 4, 599.96, 2765719, 31, 235098, 0
4828, 347, 64, 66, 0, 0, 36.47%, 16, 3, 4, 410.33, 2767681, 31, 235599, 0
4833, 348, 63, 66, 0, 0, 36.47%, 16, 3, 4, 411.29, 2769784, 31, 236084, 0
4838, 348, 46, 66, 0, 0, 36.47%, 16, 3, 4, 459.12, 2772006, 31, 236574, 0
4843, 348, 62, 66, 0, 0, 36.47%, 16, 3, 4, 540.83, 2774941, 31, 236878, 0
4848, 348, 46, 66, 0, 0, 36.47%, 16, 3, 4, 439.85, 2776973, 31, 237331, 0
4853, 348, 63, 66, 0, 0, 36.47%, 16, 3, 4, 478.46, 2779462, 31, 237704, 0
4859, 348, 46, 66, 0, 0, 36.47%, 16, 3, 4, 432.43, 2781466, 31, 238236, 0
4864, 348, 46, 66, 0, 0, 36.47%, 16, 3, 4, 454.79, 2783791, 31, 238659, 0
4869, 349, 6, 66, 0, 0, 36.47%, 16, 3, 4, 514.38, 2786356, 31, 238967, 0
4874, 349, 50, 66, 0, 0, 36.47%, 16, 3, 4, 468.69, 2788601, 31, 239508, 0
4879, 349, 32, 66, 0, 0, 36.47%, 16, 3, 4, 490.42, 2790913, 31, 239967, 0
4884, 349, 60, 66, 0, 0, 36.47%, 16, 3, 4, 398.17, 2792964, 31, 240361, 0
4889, 349, 64, 66, 0, 0, 36.47%, 16, 3, 4, 401.45, 2795101, 31, 240818, 0
4894, 349, 24, 66, 0, 0, 36.47%, 16, 3, 4, 323.22, 2796621, 31, 241463, 0
4899, 350, 50, 66, 0, 0, 36.47%, 16, 3, 4, 431.75, 2799147, 31, 241825, 0
4904, 350, 58, 66, 0, 0, 36.47%, 16, 3, 4, 328.53, 2800767, 31, 242296, 0
4909, 350, 58, 66, 0, 0, 36.47%, 16, 3, 4, 346.29, 2802527, 31, 242775, 0
4914, 350, 64, 66, 0, 0, 36.47%, 16, 3, 4, 396.83, 2804579, 31, 243175, 0
4919, 350, 58, 66, 0, 0, 36.47%, 16, 3, 4, 407.83, 2806883, 31, 243519, 0
4919, 350, 58, 66, 0, 0, 36.47%, 16, 3, 4, 0.00, 2806907, 31, 243532, 0
4924, 350, 63, 66, 0, 0, 36.47%, 16, 3, 4, 296.08, 2808464, 31, 244088, 0
4930, 350, 64, 66, 0, 0, 36.47%, 16, 3, 4, 328.90, 2810253, 31, 244486, 0
4935, 351, 64, 66, 0, 0, 36.47%, 16, 3, 4, 422.18, 2812629, 31, 244838, 0
4940, 351, 64, 66, 0, 0, 36.47%, 16, 3, 4, 319.79, 2814103, 31, 245481, 0
4945, 351, 64, 66, 0, 0, 36.47%, 16, 3, 4, 391.21, 2816223, 31, 245786, 0
4950, 351, 64, 66, 0, 0, 36.47%, 16, 3, 4, 390.40, 2818166, 31, 246202, 0
4955, 351, 57, 66, 0, 0, 36.47%, 16, 3, 4, 500.01, 2820776, 31, 246498, 0
4960, 351, 46, 66, 0, 0, 36.47%, 16, 3, 4, 543.42, 2823324, 31, 246864, 0
4965, 351, 64, 66, 0, 0, 36.47%, 16, 3, 4, 442.35, 2825705, 31, 247331, 0
4970, 352, 64, 66, 0, 0, 36.47%, 16, 3, 4, 584.14, 2828260, 31, 247713, 0
4975, 352, 64, 66, 0, 0, 36.47%, 16, 3, 4, 476.08, 2830483, 31, 248002, 0
4981, 352, 32, 66, 0, 0, 36.47%, 16, 3, 4, 384.25, 2832241, 31, 248565, 0
4986, 352, 64, 66, 0, 0, 36.47%, 16, 3, 4, 369.23, 2834300, 31, 249072, 0
4991, 352, 63, 66, 0, 0, 36.47%, 16, 3, 4, 411.81, 2836577, 31, 249492, 0
4996, 352, 46, 66, 0, 0, 36.47%, 16, 3, 4, 397.25, 2838424, 31, 250154, 0
5001, 352, 7, 66, 0, 0, 36.47%, 16, 3, 4, 381.74, 2840388, 31, 250606, 0
5006, 352, 64, 66, 0, 0, 36.47%, 16, 3, 4, 378.22, 2842415, 31, 250793, 0
5011, 353, 65, 66, 0, 0, 36.47%, 16, 3, 4, 423.31, 2844500, 31, 251147, 0
5016, 353, 47, 66, 0, 0, 36.47%, 16, 3, 4, 449.97, 2846547, 31, 251375, 0
5021, 353, 57, 66, 0, 0, 36.47%, 16, 3, 4, 363.47, 2848359, 31, 252020, 0
5026, 353, 46, 66, 0, 0, 36.47%, 16, 3, 4, 389.26, 2850284, 31, 252256, 0
5031, 353, 59, 66, 0, 0, 36.47%, 16, 3, 4, 446.41, 2852800, 31, 252486, 0
5036, 353, 64, 66, 0, 0, 36.47%, 16, 3, 4, 437.42, 2854986, 31, 252888, 0
5041, 353, 5, 66, 0, 0, 36.47%, 16, 3, 4, 408.01, 2856904, 31, 253213, 0
5046, 354, 64, 66, 0, 0, 36.47%, 16, 3, 4, 399.17, 2859102, 31, 253589, 0
5051, 354, 64, 66, 0, 0, 36.47%, 16, 3, 4, 485.20, 2861830, 31, 253882, 0
5057, 354, 64, 66, 0, 0, 36.47%, 16, 3, 4, 448.27, 2864212, 31, 254320, 0
5062, 354, 58, 66, 0, 0, 36.47%, 16, 3, 4, 392.39, 2866002, 31, 254850, 0
5067, 354, 64, 66, 0, 0, 36.47%, 16, 3, 4, 405.21, 2868313, 31, 255240, 0
5072, 354, 64, 66, 0, 0, 36.47%, 16, 3, 4, 374.76, 2870103, 31, 255750, 0
5077, 355, 5, 66, 0, 0, 36.47%, 16, 3, 4, 584.67, 2873510, 31, 255966, 0
5082, 355, 5, 66, 0, 0, 36.47%, 16, 3, 4, 496.73, 2875773, 31, 256309, 0
5087, 355, 46, 66, 0, 0, 36.47%, 16, 3, 4, 510.52, 2878214, 31, 256723, 0
5092, 355, 64, 66, 0, 0, 36.47%, 16, 3, 4, 479.59, 2880387, 31, 257095, 0
5098, 355, 64, 66, 0, 0, 36.47%, 16, 3, 4, 390.00, 2882216, 31, 257616, 0
5103, 356, 64, 66, 0, 0, 36.47%, 16, 3, 4, 447.20, 2884580, 31, 257986, 0
5108, 356, 46, 66, 0, 0, 36.47%, 16, 3, 4, 418.93, 2886428, 31, 258465, 0
5113, 356, 64, 66, 0, 0, 36.47%, 16, 3, 4, 359.03, 2888250, 31, 258974, 0
5118, 356, 0, 66, 0, 0, 36.47%, 16, 3, 4, 363.85, 2889744, 31, 259197, 0
5123, 356, 46, 66, 0, 0, 36.47%, 16, 3, 4, 396.74, 2892099, 31, 259735, 0
5128, 356, 63, 66, 0, 0, 36.47%, 16, 3, 4, 372.58, 2894154, 31, 260211, 0
5133, 356, 64, 66, 0, 0, 36.47%, 16, 3, 4, 443.08, 2896330, 31, 260684, 0
5138, 357, 55, 66, 0, 0, 36.47%, 16, 3, 4, 489.96, 2898812, 31, 260998, 0
5143, 357, 25, 66, 0, 0, 36.47%, 16, 3, 4, 634.16, 2902075, 31, 261266, 0
5149, 357, 58, 66, 0, 0, 36.47%, 16, 3, 4, 508.05, 2904481, 31, 261749, 0
5154, 357, 46, 66, 0, 0, 36.47%, 16, 3, 4, 520.83, 2907016, 31, 262169, 0
5159, 357, 7, 66, 0, 0, 36.47%, 16, 3, 4, 476.26, 2909275, 31, 262610, 0
5164, 358, 46, 66, 0, 0, 36.47%, 16, 3, 4, 483.21, 2911621, 31, 263060, 0
5169, 358, 48, 66, 0, 0, 36.47%, 16, 3, 4, 542.06, 2914328, 31, 263501, 0
5174, 358, 55, 66, 0, 0, 36.47%, 16, 3, 4, 442.12, 2916671, 31, 263965, 0
5179, 358, 64, 66, 0, 0, 36.47%, 16, 3, 4, 415.34, 2918737, 31, 264351, 0
5184, 358, 51, 66, 0, 0, 36.47%, 16, 3, 4, 418.12, 2920957, 31, 264732, 0
5189, 358, 64, 66, 0, 0, 36.47%, 16, 3, 4, 477.50, 2923536, 31, 265158, 0
5194, 359, 64, 66, 0, 0, 36.47%, 16, 3, 4, 403.60, 2925627, 31, 265696, 0
5199, 359, 64, 66, 0, 0, 36.47%, 16, 3, 4, 409.88, 2927797, 31, 266283, 0
5205, 359, 64, 66, 0, 0, 36.47%, 16, 3, 4, 538.20, 2930522, 31, 266695, 0
5210, 359, 64, 66, 0, 0, 36.47%, 16, 3, 4, 390.89, 2932300, 31, 267355, 0
5215, 359, 64, 66, 0, 0, 36.47%, 16, 3, 4, 384.04, 2934428, 31, 267931, 0
5220, 359, 64, 66, 0, 0, 36.47%, 16, 3, 4, 323.23, 2935988, 31, 268633, 0
5225, 359, 48, 66, 0, 0, 36.47%, 16, 3, 4, 395.74, 2938180, 31, 269261, 0
5230, 360, 29, 66, 0, 0, 36.47%, 16, 3, 4, 358.93, 2940461, 31, 269648, 0
5235, 360, 58, 66, 0, 0, 36.47%, 16, 3, 4, 391.89, 2942747, 31, 270033, 0
5240, 360, 57, 66, 0, 0, 36.47%, 16, 3, 4, 367.96, 2944588, 31, 270661, 0
5245, 360, 48, 66, 0, 0, 36.47%, 16, 3, 4, 435.66, 2946791, 31, 271150, 0
5250, 360, 64, 66, 0, 0, 36.47%, 16, 3, 4, 530.09, 2949826, 31, 271414, 0
5255, 360, 58, 66, 0, 0, 36.47%, 16, 3, 4, 579.01, 2952756, 31, 271798, 0
5260, 360, 64, 66, 0, 0, 36.47%, 16, 3, 4, 442.62, 2954952, 31, 272339, 0
5266, 361, 46, 66, 0, 0, 36.47%, 16, 3, 4, 436.56, 2957137, 31, 272859, 0
5271, 361, 47, 66, 0, 0, 36.47%, 16, 3, 4, 518.14, 2959812, 31, 273279, 0
5276, 361, 64, 66, 0, 0, 36.47%, 16, 3, 4, 430.11, 2961965, 31, 273955, 0
5281, 361, 64, 66, 0, 0, 36.47%, 16, 3, 4, 486.94, 2964486, 31, 274349, 0
5286, 361, 64, 66, 0, 0, 36.47%, 16, 3, 4, 379.99, 2966620, 31, 274779, 0
5291, 361, 46, 66, 0, 0, 36.47%, 16, 3, 4, 440.33, 2968724, 31, 275207, 0
5296, 362, 63, 66, 0, 0, 36.47%, 16, 3, 4, 440.05, 2971085, 31, 275548, 0
5301, 362, 64, 66, 0, 0, 36.47%, 16, 3, 4, 422.96, 2973352, 31, 276041, 0
5306, 362, 46, 66, 0, 0, 36.47%, 16, 3, 4, 447.95, 2975655, 31, 276512, 0
5311, 362, 60, 66, 0, 0, 36.47%, 16, 3, 4, 445.52, 2978049, 31, 276828, 0
5316, 362, 64, 66, 0, 0, 36.47%, 16, 3, 4, 406.61, 2980047, 31, 277276, 0
5321, 362, 5, 66, 0, 0, 36.47%, 16, 3, 4, 465.42, 2982657, 31, 277756, 0
5326, 362, 64, 66, 0, 0, 36.47%, 16, 3, 4, 513.14, 2985346, 31, 278109, 0
5332, 363, 64, 66, 0, 0, 36.47%, 16, 3, 4, 516.98, 2987998, 31, 278409, 0
5337, 363, 64, 66, 0, 0, 36.47%, 16, 3, 4, 467.63, 2990310, 31, 278815, 0
5342, 363, 64, 66, 0, 0, 36.47%, 16, 3, 4, 465.08, 2992684, 31, 279261, 0
5347, 363, 64, 66, 0, 0, 36.47%, 16, 3, 4, 447.37, 2994958, 31, 279744, 0
5352, 363, 46, 66, 0, 0, 36.47%, 16, 3, 4, 506.65, 2997288, 31, 280307, 0
5357, 363, 64, 66, 0, 0, 36.47%, 16, 3, 4, 497.41, 2999949, 31, 280708, 0
5362, 364, 64, 66, 0, 0, 36.47%, 16, 3, 4, 377.68, 3001776, 31, 281340, 0
5367, 364, 62, 66, 0, 0, 36.47%, 16, 3, 4, 448.12, 3004182, 31, 281721, 0
5372, 364, 64, 66, 0, 0, 36.47%, 16, 3, 4, 415.37, 3006424, 31, 281937, 0
5378, 364, 24, 66, 0, 0, 36.47%, 16, 3, 4, 539.62, 3009029, 31, 282260, 0
5383, 364, 46, 66, 0, 0, 36.47%, 16, 3, 4, 409.65, 3011509, 31, 282671, 0
5388, 364, 57, 66, 0, 0, 36.47%, 16, 3, 4, 479.26, 3014253, 31, 283094, 0
5393, 364, 24, 66, 0, 0, 36.47%, 16, 3, 4, 399.82, 3016304, 31, 283611, 0
5398, 365, 6, 66, 0, 0, 36.47%, 16, 3, 4, 559.76, 3019368, 31, 284006, 0
5403, 365, 64, 66, 0, 0, 36.47%, 16, 3, 4, 442.97, 3021594, 31, 284550, 0
5408, 365, 64, 66, 0, 0, 36.47%, 16, 3, 4, 518.94, 3024378, 31, 284931, 0
5413, 365, 60, 66, 0, 0, 36.47%, 16, 3, 4, 473.15, 3026774, 31, 285387, 0
5418, 365, 47, 66, 0, 0, 36.47%, 16, 3, 4, 500.05, 3029089, 31, 285861, 0
5424, 366, 63, 66, 0, 0, 36.47%, 16, 3, 4, 445.59, 3031436, 31, 286326, 0
5429, 366, 46, 66, 0, 0, 36.47%, 16, 3, 4, 473.41, 3033779, 31, 286733, 0
5434, 366, 64, 66, 0, 0, 36.47%, 16, 3, 4, 440.00, 3035837, 31, 287303, 0
5439, 366, 64, 66, 0, 0, 36.47%, 16, 3, 4, 407.89, 3037785, 31, 287847, 0
5444, 366, 64, 66, 0, 0, 36.47%, 16, 3, 4, 393.43, 3039932, 31, 288444, 0
5449, 366, 46, 66, 0, 0, 36.47%, 16, 3, 4, 491.74, 3042588, 31, 288898, 0
5454, 366, 6, 66, 0, 0, 36.47%, 16, 3, 4, 492.20, 3044972, 31, 289358, 0
5459, 367, 8, 66, 0, 0, 36.47%, 16, 3, 4, 503.89, 3047301, 31, 289825, 0
5464, 367, 64, 66, 0, 0, 36.47%, 16, 3, 4, 390.69, 3049301, 31, 290435, 0
5469, 367, 63, 66, 0, 0, 36.47%, 16, 3, 4, 437.79, 3051578, 31, 290988, 0
5474, 367, 53, 66, 0, 0, 36.47%, 16, 3, 4, 544.96, 3054118, 31, 291462, 0
5479, 367, 64, 66, 0, 0, 36.47%, 16, 3, 4, 468.91, 3056584, 31, 291901, 0
5484, 367, 46, 66, 0, 0, 36.47%, 16, 3, 4, 486.81, 3059228, 31, 292358, 0
5489, 367, 6, 66, 0, 0, 36.47%, 16, 3, 4, 461.31, 3061491, 31, 292745, 0
5495, 368, 46, 66, 0, 0, 36.47%, 16, 3, 4, 534.80, 3064247, 31, 293179, 0
5500, 368, 64, 66, 0, 0, 36.47%, 16, 3, 4, 525.73, 3067153, 31, 293583, 0
5505, 368, 64, 66, 0, 0, 36.47%, 16, 3, 4, 572.46, 3069970, 31, 293863, 0
5510, 368, 64, 66, 0, 0, 36.47%, 16, 3, 4, 429.18, 3071951, 31, 294436, 0
5515, 368, 6, 66, 0, 0, 36.47%, 16, 3, 4, 445.05, 3074286, 31, 294965, 0
5520, 368, 64, 66, 0, 0, 36.47%, 16, 3, 4, 481.34, 3076716, 31, 295467, 0
5525, 369, 60, 66, 0, 0, 36.47%, 16, 3, 4, 382.40, 3078563, 31, 295954, 0
5530, 369, 46, 66, 0, 0, 36.47%, 16, 3, 4, 471.81, 3081151, 31, 296417, 0
5535, 369, 47, 66, 0, 0, 36.47%, 16, 3, 4, 413.19, 3083038, 31, 296836, 0
5540, 369, 46, 66, 0, 0, 36.47%, 16, 3, 4, 478.88, 3085387, 31, 297308, 0
5545, 369, 64, 66, 0, 0, 36.47%, 16, 3, 4, 420.27, 3087456, 31, 297922, 0
5550, 369, 8, 66, 0, 0, 36.47%, 16, 3, 4, 549.98, 3090132, 31, 298241, 0
5556, 370, 63, 66, 0, 0, 36.47%, 16, 3, 4, 422.12, 3092083, 31, 298921, 0
5561, 370, 64, 66, 0, 0, 36.47%, 16, 3, 4, 406.04, 3094147, 31, 299517, 0
5566, 370, 63, 66, 0, 0, 36.47%, 16, 3, 4, 516.78, 3096776, 31, 299835, 0
5571, 370, 64, 66, 0, 0, 36.47%, 16, 3, 4, 463.44, 3098892, 31, 300164, 0
5576, 370, 32, 66, 0, 0, 36.47%, 16, 3, 4, 370.54, 3100736, 31, 300679, 0
5581, 370, 64, 66, 0, 0, 36.47%, 16, 3, 4, 455.17, 3103074, 31, 301045, 0
5586, 370, 46, 66, 0, 0, 36.47%, 16, 3, 4, 450.07, 3105215, 31, 301572, 0
5591, 371, 46, 66, 0, 0, 36.47%, 16, 3, 4, 542.58, 3107922, 31, 301928, 0
5596, 371, 32, 66, 0, 0, 36.47%, 16, 3, 4, 487.32, 3110543, 31, 302334, 0
5601, 371, 64, 66, 0, 0, 36.47%, 16, 3, 4, 403.85, 3112704, 31, 302782, 0
5606, 371, 64, 66, 0, 0, 36.47%, 16, 3, 4, 462.90, 3115042, 31, 303216, 0
5611, 371, 64, 66, 0, 0, 36.47%, 16, 3, 4, 520.89, 3117474, 31, 303666, 0
5616, 371, 46, 66, 0, 0, 36.47%, 16, 3, 4, 446.13, 3119632, 31, 304142, 0
5621, 372, 46, 66, 0, 0, 36.47%, 16, 3, 4, 416.09, 3121804, 31, 304483, 0
5626, 372, 46, 66, 0, 0, 36.47%, 16, 3, 4, 513.13, 3124632, 31, 304801, 0
5631, 372, 55, 66, 0, 0, 36.47%, 16, 3, 4, 497.82, 3127522, 31, 305165, 0
5636, 372, 32, 66, 0, 0, 36.47%, 16, 3, 4, 410.73, 3129756, 31, 305536, 0
5642, 372, 64, 66, 0, 0, 36.47%, 16, 3, 4, 407.53, 3131976, 31, 306159, 0
5647, 372, 64, 66, 0, 0, 36.47%, 16, 3, 4, 529.90, 3134661, 31, 306562, 0
5652, 373, 46, 67, 1, 0, 36.47%, 16, 3, 4, 420.06, 3136513, 31, 307199, 0
5657, 373, 64, 67, 1, 0, 36.47%, 16, 3, 4, 430.65, 3138633, 31, 307688, 0
5662, 373, 66, 67, 1, 0, 36.47%, 16, 3, 4, 351.57, 3140610, 31, 307857, 0
5667, 373, 66, 67, 1, 0, 36.47%, 16, 3, 4, 193.48, 3141416, 31, 307857, 0
5672, 373, 64, 68, 1, 0, 36.47%, 16, 3, 4, 233.33, 3142451, 31, 308154, 0
5677, 373, 67, 68, 1, 0, 36.47%, 16, 3, 4, 234.66, 3143872, 31, 308260, 0
5682, 373, 67, 68, 1, 0, 36.47%, 16, 3, 4, 185.91, 3144734, 31, 308372, 0
5688, 373, 7, 68, 0, 0, 36.47%, 16, 3, 4, 409.32, 3146907, 31, 308868, 0
5693, 373, 63, 68, 0, 0, 36.47%, 16, 3, 4, 394.26, 3148999, 31, 309219, 0
5698, 374, 68, 69, 1, 0, 36.47%, 16, 3, 4, 474.17, 3151673, 31, 309476, 0
5703, 374, 68, 69, 1, 0, 36.47%, 16, 3, 4, 269.05, 3152722, 31, 309476, 0
5708, 374, 48, 69, 0, 0, 36.47%, 16, 3, 4, 311.25, 3154188, 31, 309902, 0
5713, 374, 31, 69, 0, 0, 36.47%, 16, 3, 4, 464.50, 3156626, 31, 310292, 0
5718, 374, 32, 69, 0, 0, 36.47%, 16, 3, 4, 536.38, 3159570, 31, 310589, 0
5723, 374, 64, 69, 0, 0, 36.47%, 16, 3, 4, 467.21, 3162081, 31, 311084, 0
5728, 374, 64, 69, 0, 0, 36.47%, 16, 3, 4, 395.62, 3163991, 31, 311477, 0
5733, 375, 64, 69, 0, 0, 36.47%, 16, 3, 4, 543.67, 3166706, 31, 311787, 0
5738, 375, 30, 69, 0, 0, 36.47%, 16, 3, 4, 472.18, 3168791, 31, 312429, 0
5743, 375, 64, 69, 0, 0, 36.47%, 16, 3, 4, 406.78, 3170559, 31, 312834, 0
5748, 375, 66, 69, 0, 0, 36.47%, 16, 3, 4, 257.77, 3172200, 31, 313342, 0
5753, 375, 68, 70, 1, 0, 36.47%, 16, 3, 4, 223.06, 3173519, 31, 313570, 0
5758, 375, 64, 70, 1, 0, 36.47%, 16, 3, 4, 272.80, 3174872, 31, 313829, 0
5763, 375, 69, 70, 1, 0, 36.47%, 16, 3, 4, 236.02, 3176103, 31, 314033, 0
5768, 375, 0, 70, 0, 0, 36.47%, 16, 3, 4, 296.19, 3177413, 31, 314181, 0
5773, 375, 64, 70, 0, 0, 36.47%, 16, 3, 4, 300.74, 3179134, 31, 314746, 0
5779, 376, 64, 70, 0, 0, 36.47%, 16, 3, 4, 334.39, 3180984, 31, 315242, 0
5784, 376, 63, 70, 0, 0, 36.47%, 16, 3, 4, 308.66, 3182492, 31, 315863, 0
5789, 376, 64, 70, 0, 0, 36.47%, 16, 3, 4, 348.94, 3184136, 31, 316245, 0
5794, 376, 49, 70, 0, 0, 36.47%, 16, 3, 4, 357.57, 3185866, 31, 316731, 0
5799, 376, 6, 70, 0, 0, 36.47%, 17, 3, 4, 431.49, 3188206, 31, 317164, 0
5804, 376, 46, 70, 0, 0, 36.47%, 17, 3, 4, 377.04, 3190184, 31, 317586, 0
5809, 376, 61, 70, 0, 0, 36.47%, 17, 3, 4, 481.87, 3193037, 31, 317774, 0
5814, 377, 62, 70, 0, 0, 36.47%, 17, 3, 4, 411.07, 3194964, 31, 318261, 0
5819, 377, 64, 70, 0, 0, 36.47%, 17, 3, 4, 437.83, 3197126, 31, 318594, 0
5824, 377, 64, 70, 0, 0, 36.47%, 17, 3, 4, 474.79, 3199330, 31, 318939, 0
5829, 377, 0, 70, 0, 0, 36.47%, 17, 3, 4, 356.36, 3200986, 31, 319502, 0
5835, 377, 57, 70, 0, 0, 36.47%, 17, 3, 4, 351.19, 3202877, 31, 320014, 0
5840, 377, 69, 70, 0, 0, 36.47%, 17, 3, 4, 266.66, 3204302, 31, 320454, 0
5845, 377, 64, 70, 0, 0, 36.47%, 17, 3, 4, 298.59, 3205878, 31, 321058, 0
5850, 377, 64, 70, 0, 0, 36.47%, 17, 3, 4, 359.44, 3207784, 31, 321449, 0
5855, 377, 64, 70, 0, 0, 36.47%, 17, 3, 4, 315.72, 3209328, 31, 321946, 0
5860, 378, 57, 70, 0, 0, 36.47%, 17, 3, 4, 394.58, 3211425, 31, 322214, 0
5865, 378, 64, 70, 0, 0, 36.47%, 17, 3, 4, 382.27, 3213223, 31, 322630, 0
5870, 378, 64, 70, 0, 0, 36.47%, 17, 3, 4, 417.99, 3215396, 31, 323083, 0
5875, 378, 1, 70, 0, 0, 36.47%, 17, 3, 4, 488.69, 3217606, 31, 323409, 0
5880, 378, 0, 70, 0, 0, 36.47%, 17, 3, 4, 468.03, 3219691, 31, 323994, 0
5885, 378, 64, 70, 0, 0, 36.47%, 17, 3, 4, 432.39, 3221835, 31, 324442, 0
5891, 379, 64, 70, 0, 0, 36.47%, 17, 3, 4, 383.53, 3224284, 31, 324908, 0
5896, 379, 69, 70, 0, 0, 36.47%, 17, 3, 4, 312.86, 3226071, 31, 325238, 0
5901, 379, 64, 70, 0, 0, 36.47%, 17, 3, 4, 369.89, 3228162, 31, 325705, 0
5906, 379, 32, 70, 0, 0, 36.47%, 17, 3, 4, 471.14, 3230626, 31, 326167, 0
5911, 379, 64, 70, 0, 0, 36.47%, 17, 3, 4, 420.92, 3232840, 31, 326555, 0
5916, 379, 64, 70, 0, 0, 36.47%, 17, 3, 4, 389.46, 3234835, 31, 326927, 0
5921, 380, 68, 70, 0, 0, 36.47%, 17, 3, 4, 432.45, 3237337, 31, 327297, 0
5926, 380, 64, 70, 0, 0, 36.47%, 17, 3, 4, 403.01, 3239153, 31, 327568, 0
5931, 380, 32, 70, 0, 0, 36.47%, 17, 3, 4, 397.26, 3241033, 31, 327910, 0
5936, 380, 68, 70, 0, 0, 36.47%, 17, 3, 4, 456.47, 3243327, 31, 328324, 0
5941, 380, 64, 70, 0, 0, 36.47%, 17, 3, 4, 366.39, 3244978, 31, 328771, 0
5946, 381, 51, 70, 0, 0, 36.47%, 17, 3, 4, 531.17, 3247997, 31, 329064, 0
5951, 381, 64, 70, 0, 0, 36.47%, 17, 3, 4, 414.37, 3249973, 31, 329472, 0
5957, 381, 56, 70, 0, 0, 36.47%, 17, 3, 4, 381.69, 3251806, 31, 329963, 0
5962, 381, 64, 70, 0, 0, 36.47%, 17, 3, 4, 431.22, 3254059, 31, 330281, 0
5967, 381, 63, 70, 0, 0, 36.47%, 17, 3, 4, 442.45, 3256264, 31, 330816, 0
5972, 381, 29, 70, 0, 0, 36.47%, 17, 3, 4, 342.90, 3257866, 31, 331487, 0
5977, 381, 48, 70, 0, 0, 36.47%, 17, 3, 4, 460.13, 3260324, 31, 331852, 0
5982, 382, 64, 70, 0, 0, 36.47%, 17, 3, 4, 427.45, 3262480, 31, 332204, 0
5987, 382, 65, 70, 0, 0, 36.47%, 17, 3, 4, 365.40, 3264152, 31, 332506, 0
5992, 382, 32, 70, 0, 0, 36.47%, 17, 3, 4, 529.60, 3266910, 31, 332706, 0
5997, 382, 51, 70, 0, 0, 36.47%, 17, 3, 4, 451.77, 3269043, 31, 333185, 0
6002, 382, 32, 70, 0, 0, 36.47%, 17, 3, 4, 441.82, 3271265, 31, 333562, 0
6007, 382, 68, 70, 0, 0, 36.47%, 17, 3, 4, 416.48, 3273525, 31, 333989, 0
6012, 382, 64, 70, 0, 0, 36.47%, 17, 3, 4, 362.13, 3275198, 31, 334490, 0
6017, 383, 63, 70, 0, 0, 36.47%, 17, 3, 4, 390.15, 3277434, 31, 334866, 0
6023, 383, 24, 70, 0, 0, 36.47%, 17, 3, 4, 385.41, 3279311, 31, 335081, 0
6028, 383, 24, 70, 0, 0, 36.47%, 17, 3, 4, 399.77, 3281089, 31, 335423, 0
6033, 383, 64, 70, 0, 0, 36.47%, 17, 3, 4, 361.77, 3283204, 31, 335849, 0
6038, 383, 58, 70, 0, 0, 36.47%, 17, 3, 4, 501.93, 3285750, 31, 336177, 0
6043, 383, 68, 70, 0, 0, 36.47%, 17, 3, 4, 406.37, 3287559, 31, 336599, 0
6048, 383, 64, 70, 0, 0, 36.47%, 17, 3, 4, 355.33, 3289382, 31, 337158, 0
6053, 384, 67, 70, 0, 0, 36.47%, 17, 3, 4, 415.95, 3291473, 31, 337616, 0
6058, 384, 8, 70, 0, 0, 36.47%, 17, 3, 4, 434.57, 3293497, 31, 337976, 0
6064, 384, 69, 70, 0, 0, 36.47%, 17, 3, 4, 314.72, 3295147, 31, 338308, 0
6069, 384, 64, 70, 0, 0, 36.47%, 17, 3, 4, 391.71, 3297197, 31, 338708, 0
6074, 384, 64, 70, 0, 0, 36.47%, 17, 3, 4, 518.83, 3299849, 31, 338982, 0
6079, 384, 64, 70, 0, 0, 36.47%, 17, 3, 4, 351.62, 3301453, 31, 339541, 0
6084, 385, 64, 70, 0, 0, 36.47%, 17, 3, 4, 361.89, 3303292, 31, 340099, 0
6089, 385, 64, 70, 0, 0, 36.47%, 17, 3, 4, 316.25, 3304721, 31, 340507, 0
6094, 385, 24, 70, 0, 0, 36.47%, 17, 3, 4, 384.13, 3306973, 31, 340994, 0
6099, 385, 0, 70, 0, 0, 36.47%, 17, 3, 4, 494.28, 3309379, 31, 341368, 0
6104, 385, 53, 70, 0, 0, 36.47%, 17, 3, 4, 434.58, 3311449, 31, 341731, 0
6109, 385, 60, 70, 0, 0, 36.47%, 17, 3, 4, 333.79, 3313071, 31, 342126, 0
6114, 385, 34, 70, 0, 0, 36.47%, 17, 3, 4, 412.75, 3315050, 31, 342630, 0
6119, 386, 64, 70, 0, 0, 36.47%, 17, 3, 4, 396.02, 3317067, 31, 343123, 0
6124, 386, 59, 70, 0, 0, 36.47%, 17, 3, 4, 323.99, 3318581, 31, 343524, 0
6130, 386, 62, 70, 0, 0, 36.47%, 17, 3, 4, 437.20, 3320759, 31, 343914, 0
6135, 386, 64, 70, 0, 0, 36.47%, 17, 3, 4, 348.78, 3322468, 31, 344516, 0
6140, 386, 63, 70, 0, 0, 36.47%, 17, 3, 4, 346.53, 3324853, 31, 344999, 0
6145, 386, 66, 70, 0, 0, 36.47%, 17, 3, 4, 340.58, 3326609, 31, 345546, 0
6150, 386, 63, 70, 0, 0, 36.47%, 17, 3, 4, 466.67, 3329373, 31, 345754, 0
6155, 386, 6, 70, 0, 0, 36.47%, 17, 3, 4, 363.28, 3331087, 31, 346290, 0
6160, 387, 64, 70, 0, 0, 36.47%, 17, 3, 4, 352.26, 3332739, 31, 346912, 0
6165, 387, 64, 70, 0, 0, 36.47%, 17, 3, 4, 399.46, 3334774, 31, 347296, 0
6170, 387, 68, 70, 0, 0, 36.47%, 17, 3, 4, 374.73, 3336852, 31, 347654, 0
6175, 387, 69, 70, 0, 0, 36.47%, 17, 3, 4, 365.77, 3338792, 31, 348163, 0
6180, 387, 66, 70, 0, 0, 36.47%, 17, 3, 4, 289.93, 3340256, 31, 348657, 0
6186, 387, 63, 70, 0, 0, 36.47%, 17, 3, 4, 317.68, 3341936, 31, 349200, 0
6191, 387, 64, 70, 0, 0, 36.47%, 17, 3, 4, 482.76, 3344627, 31, 349632, 0
6196, 388, 68, 70, 0, 0, 36.47%, 17, 3, 4, 328.24, 3346298, 31, 350190, 0
6201, 388, 68, 70, 0, 0, 36.47%, 17, 3, 4, 661.14, 3348716, 31, 350415, 0
6206, 388, 64, 70, 0, 0, 36.47%, 17, 3, 4, 464.76, 3351030, 31, 350787, 0
6211, 388, 64, 70, 0, 0, 36.47%, 17, 3, 4, 441.83, 3353187, 31, 351149, 0
6216, 388, 64, 70, 0, 0, 36.47%, 17, 3, 4, 477.20, 3355735, 31, 351458, 0
6221, 389, 7, 70, 0, 0, 36.47%, 17, 3, 4, 486.38, 3358019, 31, 351830, 0
6227, 389, 64, 70, 0, 0, 36.47%, 17, 3, 4, 401.62, 3360144, 31, 352232, 0
6232, 389, 57, 70, 0, 0, 36.47%, 17, 3, 4, 394.58, 3362177, 31, 352786, 0
6237, 389, 64, 70, 0, 0, 36.47%, 17, 3, 4, 438.95, 3364644, 31, 353188, 0
6242, 389, 64, 70, 0, 0, 36.47%, 17, 3, 4, 432.69, 3367052, 31, 353630, 0
6247, 389, 60, 70, 0, 0, 36.47%, 17, 3, 4, 417.95, 3369350, 31, 353809, 0
6252, 390, 51, 70, 0, 0, 36.47%, 17, 3, 4, 431.16, 3371508, 31, 354200, 0
6257, 390, 63, 70, 0, 0, 36.47%, 17, 3, 4, 483.84, 3374210, 31, 354480, 0
6262, 390, 64, 70, 0, 0, 36.47%, 17, 3, 4, 429.52, 3376369, 31, 354933, 0
6267, 390, 45, 70, 0, 0, 36.47%, 17, 3, 4, 397.99, 3378398, 31, 355359, 0
6272, 390, 60, 70, 0, 0, 36.47%, 17, 3, 4, 328.29, 3380003, 31, 355984, 0
6277, 390, 5, 70, 0, 0, 36.47%, 17, 3, 4, 524.32, 3382691, 31, 356206, 0
6282, 391, 70, 71, 1, 0, 36.47%, 17, 3, 4, 441.19, 3384895, 31, 356547, 0
6288, 391, 70, 71, 1, 0, 36.47%, 17, 3, 4, 108.03, 3385467, 31, 356547, 0
6293, 391, 70, 71, 1, 0, 36.47%, 17, 3, 4, 116.25, 3386124, 31, 356583, 0
6298, 391, 32, 71, 0, 0, 36.47%, 17, 3, 4, 591.25, 3388079, 31, 356900, 0
6303, 391, 70, 71, 0, 0, 36.47%, 17, 3, 4, 400.74, 3390058, 31, 357315, 0
6308, 391, 34, 71, 0, 0, 36.47%, 17, 3, 4, 537.24, 3392858, 31, 357602, 0
6313, 391, 68, 71, 0, 0, 36.47%, 17, 3, 4, 406.09, 3394938, 31, 357972, 0
6318, 391, 32, 71, 0, 0, 36.47%, 17, 3, 4, 472.90, 3397167, 31, 358433, 0
6323, 392, 64, 71, 0, 0, 36.47%, 17, 3, 4, 440.20, 3399400, 31, 358907, 0
6328, 392, 63, 71, 0, 0, 36.47%, 17, 3, 4, 439.06, 3401804, 31, 359335, 0
6333, 392, 64, 71, 0, 0, 36.47%, 17, 3, 4, 347.87, 3403356, 31, 359892, 0
6338, 392, 64, 71, 0, 0, 36.47%, 17, 3, 4, 490.55, 3406041, 31, 360249, 0
6343, 392, 32, 71, 0, 0, 36.47%, 17, 3, 4, 488.24, 3408506, 31, 360459, 0
6349, 392, 7, 71, 0, 0, 36.47%, 17, 3, 4, 382.38, 3410350, 31, 360939, 0
6354, 393, 64, 71, 0, 0, 36.47%, 17, 3, 4, 425.22, 3412664, 31, 361263, 0
6359, 393, 64, 71, 0, 0, 36.47%, 17, 3, 4, 367.11, 3414488, 31, 361798, 0
6364, 393, 64, 71, 0, 0, 36.47%, 17, 3, 4, 320.84, 3416003, 31, 362235, 0
6369, 393, 64, 71, 0, 0, 36.47%, 17, 3, 4, 376.06, 3417937, 31, 362627, 0
6374, 393, 70, 71, 0, 0, 36.47%, 17, 3, 4, 370.47, 3419956, 31, 363031, 0
6379, 393, 32, 71, 0, 0, 36.47%, 17, 3, 4, 502.55, 3422399, 31, 363247, 0
6384, 393, 64, 71, 0, 0, 36.47%, 17, 3, 4, 393.98, 3424229, 31, 363684, 0
6389, 393, 67, 71, 0, 0, 36.47%, 17, 3, 4, 400.81, 3426340, 31, 364139, 0
6395, 394, 64, 71, 0, 0, 36.47%, 17, 3, 4, 350.34, 3428019, 31, 364621, 0
6400, 394, 64, 71, 0, 0, 36.47%, 17, 3, 4, 271.41, 3429506, 31, 364909, 0
6405, 394, 8, 71, 0, 0, 36.47%, 17, 3, 4, 454.63, 3431714, 31, 365439, 0
6410, 394, 64, 71, 0, 0, 36.47%, 17, 3, 4, 452.09, 3433989, 31, 365804, 0
6415, 394, 66, 71, 0, 0, 36.47%, 17, 3, 4, 309.53, 3435434, 31, 366227, 0
6420, 394, 51, 71, 0, 0, 36.47%, 17, 3, 4, 400.22, 3437307, 31, 366590, 0
6425, 394, 64, 71, 0, 0, 36.47%, 17, 3, 4, 412.69, 3439562, 31, 367014, 0
6430, 395, 64, 71, 0, 0, 36.47%, 17, 3, 4, 455.31, 3442192, 31, 367385, 0
6435, 395, 64, 71, 0, 0, 36.47%, 17, 3, 4, 454.67, 3444366, 31, 367888, 0
6440, 395, 64, 71, 0, 0, 36.47%, 17, 3, 4, 426.46, 3446420, 31, 368344, 0
6446, 395, 32, 71, 0, 0, 36.47%, 17, 3, 4, 536.73, 3449210, 31, 368632, 0
6451, 395, 64, 71, 0, 0, 36.47%, 17, 3, 4, 380.79, 3451002, 31, 369031, 0
6456, 395, 64, 71, 0, 0, 36.47%, 17, 3, 4, 365.16, 3452843, 31, 369501, 0
6461, 396, 5, 72, 1, 0, 36.47%, 17, 3, 4, 416.04, 3455160, 31, 369833, 0
6466, 396, 64, 72, 1, 0, 36.47%, 17, 3, 4, 307.28, 3456658, 31, 370395, 0
6471, 396, 56, 72, 1, 0, 36.47%, 17, 3, 4, 521.43, 3459634, 31, 370588, 0
6476, 396, 64, 72, 1, 0, 36.47%, 17, 3, 4, 351.87, 3461241, 31, 371203, 0
6481, 396, 64, 72, 0, 0, 36.47%, 17, 3, 4, 406.73, 3463308, 31, 371677, 0
6486, 396, 5, 72, 0, 0, 36.47%, 17, 3, 4, 369.22, 3465144, 31, 372198, 0
6491, 396, 7, 72, 0, 0, 36.47%, 17, 3, 4, 485.01, 3467853, 31, 372410, 0
6496, 396, 64, 72, 0, 0, 36.47%, 17, 3, 4, 402.87, 3469834, 31, 372872, 0
6501, 397, 50, 72, 0, 0, 36.47%, 17, 3, 4, 492.18, 3471666, 31, 373300, 0
6507, 397, 15, 72, 0, 0, 36.47%, 17, 3, 4, 552.46, 3474528, 31, 373491, 0
6512, 397, 32, 72, 0, 0, 36.47%, 17, 3, 4, 468.04, 3476897, 31, 373814, 0
6517, 397, 7, 72, 0, 0, 36.47%, 17, 3, 4, 528.11, 3479411, 31, 374181, 0
6522, 397, 70, 72, 0, 0, 36.47%, 17, 3, 4, 345.78, 3481279, 31, 374334, 0
6527, 397, 64, 72, 0, 0, 36.47%, 17, 3, 4, 431.03, 3483622, 31, 374713, 0
6532, 398, 0, 72, 0, 0, 36.47%, 17, 3, 4, 428.25, 3485638, 31, 375312, 0
6537, 398, 43, 72, 0, 0, 36.47%, 17, 3, 4, 338.13, 3487234, 31, 375662, 0
6542, 398, 67, 72, 0, 0, 36.47%, 17, 3, 4, 282.80, 3488952, 31, 376028, 0
6547, 398, 63, 72, 0, 0, 36.47%, 17, 3, 4, 373.06, 3491175, 31, 376501, 0
6553, 398, 24, 72, 0, 0, 36.47%, 17, 3, 4, 464.54, 3493334, 31, 376902, 0
6558, 398, 64, 72, 0, 0, 36.47%, 17, 3, 4, 377.99, 3495362, 31, 377205, 0
6563, 398, 64, 72, 0, 0, 36.47%, 17, 3, 4, 511.12, 3497918, 31, 377701, 0
6568, 399, 64, 72, 0, 0, 36.47%, 17, 3, 4, 428.04, 3499981, 31, 378299, 0
6573, 399, 7, 72, 0, 0, 36.47%, 17, 3, 4, 315.02, 3501290, 31, 378584, 0
6578, 399, 61, 72, 0, 0, 36.47%, 17, 3, 4, 415.38, 3503471, 31, 379003, 0
6583, 399, 5, 72, 0, 0, 36.47%, 17, 3, 4, 351.49, 3505219, 31, 379397, 0
6588, 399, 7, 72, 0, 0, 36.47%, 17, 3, 4, 388.48, 3507117, 31, 379697, 0
6593, 399, 32, 72, 0, 0, 36.47%, 17, 3, 4, 492.66, 3510001, 31, 379943, 0
6598, 400, 53, 72, 0, 0, 36.47%, 17, 3, 4, 503.38, 3512491, 31, 380307, 0
6603, 400, 64, 72, 0, 0, 36.47%, 17, 3, 4, 441.08, 3514660, 31, 380724, 0
6608, 400, 64, 72, 0, 0, 36.47%, 17, 3, 4, 501.70, 3517366, 31, 381106, 0
6614, 400, 63, 72, 0, 0, 36.47%, 17, 3, 4, 395.46, 3519276, 31, 381573, 0
6619, 400, 32, 72, 0, 0, 36.47%, 17, 3, 4, 397.76, 3520998, 31, 382048, 0
6624, 400, 32, 72, 0, 0, 36.47%, 17, 3, 4, 316.50, 3522430, 31, 382583, 0
6629, 400, 5, 72, 0, 0, 36.47%, 17, 3, 4, 318.81, 3523980, 31, 383076, 0
6634, 400, 0, 72, 0, 0, 36.47%, 17, 3, 4, 370.25, 3526010, 31, 383451, 0
6639, 401, 66, 72, 0, 0, 36.47%, 17, 3, 4, 407.96, 3528535, 31, 383776, 0
6644, 401, 49, 72, 0, 0, 36.47%, 17, 3, 4, 525.92, 3531158, 31, 384027, 0
6649, 401, 64, 72, 0, 0, 36.47%, 17, 3, 4, 275.05, 3532223, 31, 384314, 0
6654, 401, 63, 72, 0, 0, 36.47%, 17, 3, 4, 461.56, 3534733, 31, 384605, 0
6659, 401, 63, 72, 0, 0, 36.47%, 17, 3, 4, 377.96, 3536456, 31, 385218, 0
6664, 401, 7, 72, 0, 0, 36.47%, 17, 3, 4, 317.50, 3538097, 31, 385507, 0
6669, 401, 64, 72, 0, 0, 36.47%, 17, 3, 4, 321.64, 3539612, 31, 385991, 0
6674, 401, 32, 72, 0, 0, 36.47%, 17, 3, 4, 393.40, 3541610, 31, 386536, 0
6680, 402, 0, 72, 0, 0, 36.47%, 17, 3, 4, 417.58, 3543779, 31, 386831, 0
6685, 402, 66, 72, 0, 0, 36.47%, 17, 3, 4, 59.41, 3545255, 31, 387142, 0
6690, 402, 7, 72, 0, 0, 36.47%, 17, 3, 4, 568.95, 3547338, 31, 387353, 0
6695, 402, 51, 72, 0, 0, 36.47%, 17, 3, 4, 401.52, 3549275, 31, 387852, 0
6700, 402, 64, 72, 0, 0, 36.47%, 17, 3, 4, 322.72, 3550917, 31, 388402, 0
6705, 402, 64, 72, 0, 0, 36.47%, 17, 3, 4, 446.68, 3553204, 31, 388853, 0
6710, 402, 69, 72, 0, 0, 36.47%, 17, 3, 4, 133.34, 3554825, 31, 389369, 0
6715, 402, 0, 72, 0, 0, 36.47%, 17, 3, 4, 442.72, 3557125, 31, 389679, 0
6720, 403, 0, 72, 0, 0, 36.47%, 17, 3, 4, 454.85, 3559109, 31, 389903, 0
6726, 403, 61, 72, 0, 0, 36.47%, 17, 3, 4, 339.96, 3560780, 31, 390459, 0
6731, 403, 64, 72, 0, 0, 36.47%, 17, 3, 4, 308.56, 3562223, 31, 390987, 0
6736, 403, 7, 72, 0, 0, 36.47%, 17, 3, 4, 476.69, 3564533, 31, 391353, 0
6741, 403, 67, 72, 0, 0, 36.47%, 17, 3, 4, 361.84, 3566446, 31, 391587, 0
6746, 403, 9, 72, 0, 0, 36.47%, 17, 3, 4, 416.77, 3568319, 31, 391981, 0
6751, 403, 64, 72, 0, 0, 36.47%, 17, 3, 4, 378.61, 3570295, 31, 392480, 0
6756, 403, 60, 72, 0, 0, 36.47%, 17, 3, 4, 371.78, 3572138, 31, 392947, 0
6761, 404, 61, 72, 0, 0, 36.47%, 17, 3, 4, 287.29, 3573783, 31, 393543, 0
6766, 404, 64, 72, 0, 0, 36.47%, 17, 3, 4, 341.40, 3575533, 31, 394017, 0
6771, 404, 64, 72, 0, 0, 36.47%, 17, 3, 4, 409.28, 3577899, 31, 394296, 0
6776, 404, 64, 72, 0, 0, 36.47%, 17, 3, 4, 353.27, 3579573, 31, 394873, 0
6781, 404, 64, 72, 0, 0, 36.47%, 17, 3, 4, 385.89, 3581440, 31, 395381, 0
6786, 404, 7, 72, 0, 0, 36.47%, 17, 3, 4, 401.13, 3583508, 31, 395925, 0
6792, 404, 64, 72, 0, 0, 36.47%, 17, 3, 4, 397.97, 3585363, 31, 396392, 0
6797, 405, 6, 72, 0, 0, 36.47%, 17, 3, 4, 465.56, 3587839, 31, 396741, 0
6802, 405, 64, 72, 0, 0, 36.47%, 17, 3, 4, 358.90, 3589624, 31, 397123, 0
6807, 405, 64, 72, 0, 0, 36.47%, 17, 3, 4, 413.32, 3591781, 31, 397590, 0
6812, 405, 64, 72, 0, 0, 36.47%, 17, 3, 4, 386.72, 3593799, 31, 398174, 0
6817, 405, 64, 72, 0, 0, 36.47%, 17, 3, 4, 412.88, 3595855, 31, 398731, 0
6822, 405, 64, 72, 0, 0, 36.47%, 17, 3, 4, 403.00, 3597951, 31, 399186, 0
6827, 405, 63, 72, 0, 0, 36.47%, 17, 3, 4, 301.82, 3599338, 31, 399797, 0
6832, 405, 67, 72, 0, 0, 36.47%, 17, 3, 4, 301.93, 3600887, 31, 400440, 0
6837, 405, 64, 72, 0, 0, 36.47%, 17, 3, 4, 352.25, 3602782, 31, 401000, 0
6842, 405, 61, 72, 0, 0, 36.47%, 17, 3, 4, 291.29, 3604359, 31, 401568, 0
6847, 406, 68, 72, 0, 0, 36.47%, 17, 3, 4, 418.30, 3606678, 31, 402001, 0
6852, 406, 68, 72, 0, 0, 36.47%, 17, 3, 4, 383.90, 3608792, 31, 402368, 0
6857, 406, 0, 72, 0, 0, 36.47%, 17, 3, 4, 452.72, 3610844, 31, 402693, 0
6863, 406, 32, 72, 0, 0, 36.47%, 17, 3, 4, 570.45, 3613706, 31, 402993, 0
6868, 406, 64, 72, 0, 0, 36.47%, 17, 3, 4, 465.35, 3616189, 31, 403434, 0
6873, 406, 66, 72, 0, 0, 36.47%, 17, 3, 4, 351.57, 3618113, 31, 403759, 0
6878, 407, 64, 72, 0, 0, 36.47%, 17, 3, 4, 387.00, 3619881, 31, 404136, 0
6883, 407, 70, 72, 0, 0, 36.47%, 17, 3, 4, 376.88, 3621711, 31, 404598, 0
6888, 407, 24, 72, 0, 0, 36.47%, 17, 3, 4, 435.14, 3623724, 31, 404878, 0
6893, 407, 69, 72, 0, 0, 36.47%, 17, 3, 4, 537.29, 3626777, 31, 405012, 0
6898, 407, 70, 72, 0, 0, 36.47%, 17, 3, 4, 370.21, 3628473, 31, 405402, 0
6903, 407, 70, 72, 0, 0, 36.47%, 17, 3, 4, 246.06, 3629714, 31, 405848, 0
6908, 407, 64, 72, 0, 0, 36.47%, 17, 3, 4, 297.26, 3631177, 31, 406291, 0
6913, 408, 64, 72, 0, 0, 36.47%, 17, 3, 4, 340.26, 3633062, 31, 406828, 0
6919, 408, 46, 72, 0, 0, 36.47%, 17, 3, 4, 408.02, 3635289, 31, 407198, 0
6924, 408, 64, 72, 0, 0, 36.47%, 17, 3, 4, 339.02, 3636973, 31, 407836, 0
6929, 408, 64, 72, 0, 0, 36.47%, 17, 3, 4, 391.76, 3639238, 31, 408229, 0
6934, 408, 64, 72, 0, 0, 36.47%, 17, 3, 4, 409.62, 3641337, 31, 408644, 0
6939, 408, 70, 72, 0, 0, 36.47%, 17, 3, 4, 322.11, 3642893, 31, 409310, 0
6944, 408, 64, 72, 0, 0, 36.47%, 17, 3, 4, 373.90, 3644546, 31, 409531, 0
6949, 409, 64, 72, 0, 0, 36.47%, 17, 3, 4, 426.38, 3646500, 31, 409872, 0
6954, 409, 43, 72, 0, 0, 36.47%, 17, 3, 4, 491.33, 3648840, 31, 410280, 0
6959, 409, 64, 72, 0, 0, 36.47%, 17, 3, 4, 354.52, 3650502, 31, 410804, 0
6964, 409, 64, 72, 0, 0, 36.47%, 17, 3, 4, 339.00, 3652328, 31, 411378, 0
6969, 409, 32, 72, 0, 0, 36.47%, 17, 3, 4, 478.06, 3654683, 31, 411812, 0
6974, 409, 64, 72, 0, 0, 36.47%, 17, 3, 4, 342.43, 3656398, 31, 412335, 0
6980, 409, 69, 72, 0, 0, 36.47%, 17, 3, 4, 382.96, 3658641, 31, 412554, 0
6985, 410, 64, 72, 0, 0, 36.47%, 17, 3, 4, 444.33, 3660806, 31, 412934, 0
6990, 410, 51, 72, 0, 0, 36.47%, 17, 3, 4, 468.81, 3663107, 31, 413419, 0
6995, 410, 64, 72, 0, 0, 36.47%, 17, 3, 4, 396.28, 3665235, 31, 413942, 0
7000, 410, 44, 72, 0, 0, 36.47%, 17, 3, 4, 451.85, 3667483, 31, 414293, 0
7005, 410, 6, 72, 0, 0, 36.47%, 17, 3, 4, 495.52, 3670119, 31, 414690, 0
7010, 410, 64, 72, 0, 0, 36.47%, 17, 3, 4, 455.91, 3672287, 31, 415222, 0
7015, 411, 43, 72, 0, 0, 36.47%, 17, 3, 4, 398.04, 3674138, 31, 415598, 0
7020, 411, 52, 72, 0, 0, 36.47%, 17, 3, 4, 477.63, 3676454, 31, 416036, 0
7025, 411, 64, 72, 0, 0, 36.47%, 17, 3, 4, 514.80, 3679373, 31, 416163, 0
7030, 411, 64, 72, 0, 0, 36.47%, 17, 3, 4, 259.94, 3680711, 31, 416507, 0
7036, 411, 32, 72, 0, 0, 36.47%, 17, 3, 4, 380.32, 3682710, 31, 416963, 0
7041, 411, 70, 72, 0, 0, 36.47%, 17, 3, 4, 277.59, 3684174, 31, 417191, 0
7046, 411, 32, 72, 0, 0, 36.47%, 17, 3, 4, 357.36, 3686142, 31, 417649, 0
7051, 411, 62, 72, 0, 0, 36.47%, 17, 3, 4, 384.89, 3688141, 31, 418124, 0
7056, 412, 64, 72, 0, 0, 36.47%, 17, 3, 4, 350.91, 3690075, 31, 418441, 0
7061, 412, 64, 72, 0, 0, 36.47%, 17, 3, 4, 329.56, 3691682, 31, 418983, 0
7066, 412, 51, 72, 0, 0, 36.47%, 17, 3, 4, 416.41, 3693874, 31, 419434, 0
7071, 412, 0, 72, 0, 0, 36.47%, 17, 3, 4, 351.65, 3695627, 31, 419972, 0
7076, 412, 32, 72, 0, 0, 36.47%, 17, 3, 4, 418.66, 3697716, 31, 420393, 0
7082, 412, 7, 72, 0, 0, 36.47%, 17, 3, 4, 358.89, 3699574, 31, 420709, 0
7087, 412, 64, 72, 0, 0, 36.47%, 17, 3, 4, 359.67, 3701149, 31, 421139, 0
7092, 412, 64, 72, 0, 0, 36.47%, 17, 3, 4, 364.29, 3702999, 31, 421709, 0
7097, 413, 60, 72, 0, 0, 36.47%, 17, 3, 4, 439.50, 3705513, 31, 422001, 0
7102, 413, 60, 72, 0, 0, 36.47%, 17, 3, 4, 280.54, 3706694, 31, 422382, 0
7107, 413, 70, 72, 0, 0, 36.47%, 17, 3, 4, 239.09, 3708142, 31, 422616, 0
7112, 413, 64, 72, 0, 0, 36.47%, 17, 3, 4, 291.64, 3709768, 31, 423078, 0
7117, 413, 0, 72, 0, 0, 36.47%, 17, 3, 4, 503.87, 3712287, 31, 423408, 0
7122, 413, 29, 72, 0, 0, 36.47%, 17, 3, 4, 472.30, 3714769, 31, 423742, 0
7127, 413, 32, 72, 0, 0, 36.47%, 17, 3, 4, 457.17, 3716944, 31, 424313, 0
7133, 414, 69, 72, 0, 0, 36.47%, 17, 3, 4, 367.85, 3719140, 31, 424649, 0
7138, 414, 64, 72, 0, 0, 36.47%, 17, 3, 4, 318.88, 3720680, 31, 425135, 0
7143, 414, 64, 72, 0, 0, 36.47%, 17, 3, 4, 387.65, 3722911, 31, 425615, 0
7148, 414, 60, 72, 0, 0, 36.47%, 17, 3, 4, 282.79, 3724359, 31, 426071, 0
7153, 414, 64, 72, 0, 0, 36.47%, 17, 3, 4, 344.36, 3726252, 31, 426599, 0
7158, 414, 62, 72, 0, 0, 36.47%, 17, 3, 4, 350.62, 3728129, 31, 426988, 0
7163, 414, 64, 72, 0, 0, 36.47%, 17, 3, 4, 331.00, 3729920, 31, 427328, 0
7169, 415, 66, 72, 0, 0, 36.47%, 17, 3, 4, 519.92, 3732581, 31, 427616, 0
7174, 415, 66, 72, 0, 0, 36.47%, 17, 3, 4, 390.14, 3734269, 31, 427872, 0
7179, 415, 46, 72, 0, 0, 36.47%, 17, 3, 4, 386.40, 3736239, 31, 428336, 0
7184, 415, 64, 72, 0, 0, 36.47%, 17, 3, 4, 495.00, 3738699, 31, 428582, 0
7189, 415, 64, 72, 0, 0, 36.47%, 17, 3, 4, 333.03, 3740117, 31, 429180, 0
7194, 415, 64, 72, 0, 0, 36.47%, 17, 3, 4, 372.96, 3742005, 31, 429702, 0
7199, 415, 8, 72, 0, 0, 36.47%, 17, 3, 4, 410.97, 3744018, 31, 430025, 0
7204, 415, 68, 72, 0, 0, 36.47%, 17, 3, 4, 457.95, 3746409, 31, 430331, 0
7209, 416, 69, 72, 0, 0, 36.47%, 17, 3, 4, 385.24, 3748141, 31, 430859, 0
7214, 416, 70, 72, 0, 0, 36.47%, 17, 3, 4, 276.83, 3749436, 31, 431104, 0
7219, 416, 7, 72, 0, 0, 36.47%, 17, 3, 4, 270.92, 3750729, 31, 431524, 0
7224, 416, 58, 72, 0, 0, 36.47%, 17, 3, 4, 407.93, 3752658, 31, 431951, 0
7229, 416, 5, 72, 0, 0, 36.47%, 17, 3, 4, 535.57, 3755292, 31, 432218, 0
7235, 416, 64, 72, 0, 0, 36.47%, 17, 3, 4, 434.89, 3757523, 31, 432665, 0
7240, 416, 64, 72, 0, 0, 36.47%, 17, 3, 4, 359.49, 3759142, 31, 432934, 0
7245, 417, 64, 72, 0, 0, 36.47%, 17, 3, 4, 491.81, 3761907, 31, 433149, 0
7250, 417, 7, 72, 0, 0, 36.47%, 17, 3, 4, 389.51, 3763600, 31, 433754, 0
7255, 417, 32, 72, 0, 0, 36.47%, 17, 3, 4, 402.93, 3765349, 31, 433864, 0
7260, 417, 7, 72, 0, 0, 36.47%, 17, 3, 4, 443.69, 3767435, 31, 434267, 0
7265, 417, 64, 72, 0, 0, 36.47%, 17, 3, 4, 320.90, 3768987, 31, 434566, 0
7270, 417, 32, 72, 0, 0, 36.47%, 17, 3, 4, 303.09, 3770585, 31, 434889, 0
7275, 417, 67, 72, 0, 0, 36.47%, 17, 3, 4, 297.18, 3772233, 31, 435451, 0
7280, 417, 64, 72, 0, 0, 36.47%, 17, 3, 4, 361.01, 3774269, 31, 435794, 0
7285, 418, 64, 72, 0, 0, 36.47%, 17, 3, 4, 347.84, 3776009, 31, 436299, 0
7290, 418, 64, 72, 0, 0, 36.47%, 17, 3, 4, 389.47, 3778064, 31, 436844, 0
7296, 418, 64, 72, 0, 0, 36.47%, 17, 3, 4, 371.00, 3780018, 31, 437313, 0
7301, 418, 64, 72, 0, 0, 36.47%, 17, 3, 4, 345.99, 3781748, 31, 437788, 0
7306, 418, 4, 72, 0, 0, 36.47%, 17, 3, 4, 420.74, 3783951, 31, 438255, 0
7311, 418, 51, 72, 0, 0, 36.47%, 17, 3, 4, 389.76, 3785928, 31, 438534, 0
7316, 418, 64, 72, 0, 0, 36.47%, 17, 3, 4, 337.68, 3787487, 31, 438909, 0
7321, 418, 50, 72, 0, 0, 36.47%, 17, 3, 4, 420.27, 3789695, 31, 439268, 0
7326, 418, 64, 72, 0, 0, 36.47%, 17, 3, 4, 355.17, 3791434, 31, 439743, 0
7331, 419, 66, 72, 0, 0, 36.47%, 17, 3, 4, 139.45, 3792695, 31, 440161, 0
7336, 419, 64, 72, 0, 0, 36.47%, 17, 3, 4, 290.04, 3794326, 31, 440890, 0
7341, 419, 64, 72, 0, 0, 36.47%, 17, 3, 4, 368.12, 3796346, 31, 441450, 0
7347, 419, 64, 72, 0, 0, 36.47%, 17, 3, 4, 365.99, 3798173, 31, 441780, 0
7352, 419, 62, 72, 0, 0, 36.47%, 17, 3, 4, 385.40, 3800287, 31, 442111, 0
7357, 419, 46, 72, 0, 0, 36.47%, 17, 3, 4, 403.28, 3802307, 31, 442539, 0
7362, 419, 64, 72, 0, 0, 36.47%, 17, 3, 4, 352.03, 3803941, 31, 442953, 0
7367, 419, 68, 72, 0, 0, 36.47%, 17, 3, 4, 316.77, 3805721, 31, 443407, 0
7372, 420, 64, 72, 0, 0, 36.47%, 17, 3, 4, 364.73, 3807714, 31, 443773, 0
7377, 420, 54, 72, 0, 0, 36.47%, 17, 3, 4, 475.37, 3810133, 31, 444274, 0
7382, 420, 64, 72, 0, 0, 36.47%, 17, 3, 4, 361.69, 3811831, 31, 444743, 0
7387, 420, 32, 72, 0, 0, 36.47%, 17, 3, 4, 331.47, 3813284, 31, 445068, 0
7392, 420, 32, 72, 0, 0, 36.47%, 17, 3, 4, 574.19, 3815036, 31, 445343, 0
7397, 420, 67, 72, 0, 0, 36.47%, 17, 3, 4, 152.21, 3815997, 31, 445677, 0
7402, 420, 68, 72, 0, 0, 36.47%, 17, 3, 4, 159.40, 3816739, 31, 445871, 0
7408, 420, 64, 72, 0, 0, 36.47%, 17, 3, 4, 266.33, 3818190, 31, 446455, 0
7413, 420, 70, 72, 0, 0, 36.47%, 17, 3, 4, 328.66, 3820080, 31, 446928, 0
7418, 420, 66, 72, 0, 0, 36.47%, 17, 3, 4, 369.71, 3822102, 31, 447254, 0
7423, 421, 64, 72, 0, 0, 36.47%, 17, 3, 4, 356.83, 3823724, 31, 447645, 0
7428, 421, 5, 72, 0, 0, 36.47%, 17, 3, 4, 480.83, 3826256, 31, 447923, 0
7433, 421, 64, 72, 0, 0, 36.47%, 17, 3, 4, 460.77, 3828326, 31, 448098, 0
7438, 421, 64, 72, 0, 0, 36.47%, 17, 3, 4, 347.32, 3829978, 31, 448540, 0
7443, 421, 32, 72, 0, 0, 36.47%, 17, 3, 4, 503.68, 3832514, 31, 448875, 0
7449, 421, 69, 72, 0, 0, 36.47%, 17, 3, 4, 406.60, 3834433, 31, 449348, 0
7454, 421, 64, 72, 0, 0, 36.47%, 17, 3, 4, 411.27, 3836259, 31, 449858, 0
7459, 422, 64, 72, 0, 0, 36.47%, 17, 3, 4, 374.67, 3837962, 31, 450207, 0
7464, 422, 64, 72, 0, 0, 36.47%, 17, 3, 4, 399.59, 3839952, 31, 450710, 0
7469, 422, 64, 72, 0, 0, 36.47%, 17, 3, 4, 353.19, 3841639, 31, 451233, 0
7474, 422, 64, 72, 0, 0, 36.47%, 17, 3, 4, 344.74, 3843361, 31, 451843, 0
7479, 422, 5, 72, 0, 0, 36.47%, 17, 3, 4, 504.24, 3845786, 31, 452110, 0
7484, 422, 64, 72, 0, 0, 36.47%, 17, 3, 4, 384.90, 3847429, 31, 452385, 0
7489, 422, 64, 72, 0, 0, 36.47%, 17, 3, 4, 364.39, 3849168, 31, 452884, 0
7494, 423, 64, 72, 0, 0, 36.47%, 17, 3, 4, 338.46, 3851057, 31, 453284, 0
7499, 423, 58, 72, 0, 0, 36.47%, 17, 3, 4, 443.40, 3853307, 31, 453650, 0
7504, 423, 50, 72, 0, 0, 36.47%, 17, 3, 4, 425.63, 3855245, 31, 454212, 0
7509, 423, 32, 72, 0, 0, 36.47%, 17, 3, 4, 463.57, 3857716, 31, 454510, 0
7514, 423, 64, 72, 0, 0, 36.47%, 17, 3, 4, 463.34, 3860350, 31, 454829, 0
7519, 423, 32, 72, 0, 0, 36.47%, 17, 3, 4, 310.84, 3861819, 31, 455388, 0
7525, 423, 32, 72, 0, 0, 36.47%, 17, 3, 4, 363.36, 3863697, 31, 455875, 0
7530, 423, 62, 72, 0, 0, 36.47%, 17, 3, 4, 357.44, 3865527, 31, 456405, 0
7535, 424, 58, 72, 0, 0, 36.47%, 17, 3, 4, 431.51, 3867916, 31, 456556, 0
7540, 424, 64, 72, 0, 0, 36.47%, 17, 3, 4, 341.76, 3869568, 31, 457079, 0
7545, 424, 64, 72, 0, 0, 36.47%, 17, 3, 4, 489.27, 3871876, 31, 457414, 0
7550, 424, 64, 72, 0, 0, 36.47%, 17, 3, 4, 423.15, 3873988, 31, 457850, 0
7555, 424, 64, 72, 0, 0, 36.47%, 17, 3, 4, 422.73, 3876082, 31, 458308, 0
7560, 424, 32, 72, 0, 0, 36.47%, 17, 3, 4, 571.91, 3879035, 31, 458458, 0
7565, 425, 55, 72, 0, 0, 36.47%, 17, 3, 4, 492.63, 3881213, 31, 458839, 0
7571, 425, 66, 72, 0, 0, 36.47%, 17, 3, 4, 362.23, 3883162, 31, 459251, 0
7576, 425, 60, 72, 0, 0, 36.47%, 17, 3, 4, 249.77, 3884284, 31, 459563, 0
7581, 425, 24, 72, 0, 0, 36.47%, 17, 3, 4, 373.11, 3885972, 31, 459856, 0
7586, 425, 65, 72, 0, 0, 36.47%, 17, 3, 4, 392.80, 3887891, 31, 460407, 0
7591, 425, 32, 72, 0, 0, 36.47%, 17, 3, 4, 444.35, 3890214, 31, 460829, 0
7596, 425, 5, 72, 0, 0, 36.47%, 17, 3, 4, 402.53, 3892265, 31, 461274, 0
7601, 426, 64, 72, 0, 0, 36.47%, 17, 3, 4, 449.34, 3894879, 31, 461710, 0
7606, 426, 68, 72, 0, 0, 36.47%, 17, 3, 4, 315.77, 3896212, 31, 462112, 0
7611, 426, 8, 72, 0, 0, 36.47%, 17, 3, 4, 363.69, 3897960, 31, 462381, 0
7616, 426, 64, 72, 0, 0, 36.47%, 17, 3, 4, 419.11, 3900144, 31, 462791, 0
7621, 426, 64, 72, 0, 0, 36.47%, 17, 3, 4, 359.34, 3901874, 31, 463377, 0
7626, 426, 60, 72, 0, 0, 36.47%, 17, 3, 4, 374.58, 3903720, 31, 463879, 0
7631, 426, 60, 72, 0, 0, 36.47%, 17, 3, 4, 561.19, 3905925, 31, 464173, 0
7636, 426, 70, 72, 0, 0, 36.47%, 17, 3, 4, 427.29, 3908093, 31, 464664, 0
7641, 427, 7, 72, 0, 0, 36.47%, 17, 3, 4, 312.02, 3909271, 31, 464928, 0
7647, 427, 64, 72, 0, 0, 36.47%, 17, 3, 4, 402.45, 3911505, 31, 465381, 0
7652, 427, 63, 72, 0, 0, 36.47%, 17, 3, 4, 361.07, 3913319, 31, 465993, 0
7657, 427, 46, 72, 0, 0, 36.47%, 17, 3, 4, 320.16, 3914833, 31, 466391, 0
7662, 427, 64, 72, 0, 0, 36.47%, 17, 3, 4, 336.99, 3916791, 31, 466987, 0
7667, 427, 64, 72, 0, 0, 36.47%, 17, 3, 4, 439.06, 3919401, 31, 467353, 0
7672, 427, 60, 72, 0, 0, 36.47%, 17, 3, 4, 357.04, 3921173, 31, 467802, 0
7677, 427, 64, 72, 0, 0, 36.47%, 17, 3, 4, 455.65, 3923387, 31, 468215, 0
7682, 428, 7, 72, 0, 0, 36.47%, 17, 3, 4, 431.63, 3925559, 31, 468584, 0
7687, 428, 66, 72, 0, 0, 36.47%, 17, 3, 4, 364.88, 3927421, 31, 468835, 0
7692, 428, 5, 72, 0, 0, 36.47%, 17, 3, 4, 353.44, 3928874, 31, 469284, 0
7698, 428, 7, 72, 0, 0, 36.47%, 17, 3, 4, 389.39, 3930770, 31, 469743, 0
7703, 428, 64, 72, 0, 0, 36.47%, 17, 3, 4, 363.04, 3932827, 31, 470047, 0
7708, 428, 64, 72, 0, 0, 36.47%, 17, 3, 4, 364.44, 3934528, 31, 470621, 0
7713, 428, 34, 72, 0, 0, 36.47%, 17, 3, 4, 421.56, 3936716, 31, 471023, 0
7718, 429, 64, 72, 0, 0, 36.47%, 17, 3, 4, 370.13, 3938736, 31, 471481, 0
7723, 429, 57, 72, 0, 0, 36.47%, 17, 3, 4, 481.03, 3940572, 31, 471982, 0
7728, 429, 66, 72, 0, 0, 36.47%, 17, 3, 4, 389.91, 3942498, 31, 472213, 0
7733, 429, 64, 72, 0, 0, 36.47%, 17, 3, 4, 342.47, 3944108, 31, 472582, 0
7738, 429, 64, 72, 0, 0, 36.47%, 17, 3, 4, 392.58, 3946307, 31, 473128, 0
7743, 429, 69, 72, 0, 0, 36.47%, 17, 3, 4, 373.32, 3948130, 31, 473550, 0
7748, 429, 63, 72, 0, 0, 36.47%, 17, 3, 4, 281.58, 3949442, 31, 474042, 0
7753, 429, 64, 72, 0, 0, 36.47%, 17, 3, 4, 339.68, 3950968, 31, 474454, 0
7759, 429, 64, 72, 0, 0, 36.47%, 17, 3, 4, 387.08, 3952869, 31, 474761, 0
7764, 429, 64, 72, 0, 0, 36.47%, 17, 3, 4, 292.80, 3954318, 31, 475358, 0
7769, 430, 64, 72, 0, 0, 36.47%, 17, 3, 4, 343.42, 3955902, 31, 475635, 0
7774, 430, 64, 72, 0, 0, 36.47%, 17, 3, 4, 327.60, 3957624, 31, 476143, 0
7779, 430, 5, 72, 0, 0, 36.47%, 17, 3, 4, 356.77, 3959392, 31, 476768, 0
7784, 430, 63, 72, 0, 0, 36.47%, 17, 3, 4, 437.15, 3961472, 31, 477164, 0
7789, 430, 67, 72, 0, 0, 36.47%, 17, 3, 4, 442.37, 3963576, 31, 477675, 0
7794, 430, 8, 72, 0, 0, 36.47%, 17, 3, 4, 422.65, 3965546, 31, 478087, 0
7799, 430, 24, 72, 0, 0, 36.47%, 17, 3, 4, 495.33, 3968155, 31, 478481, 0
7804, 431, 59, 72, 0, 0, 36.47%, 17, 3, 4, 446.51, 3970661, 31, 478790, 0
7809, 431, 32, 72, 0, 0, 36.47%, 17, 3, 4, 475.06, 3973045, 31, 479282, 0
7815, 431, 64, 72, 0, 0, 36.47%, 17, 3, 4, 401.58, 3975090, 31, 479710, 0
7820, 431, 64, 72, 0, 0, 36.47%, 17, 3, 4, 406.40, 3977138, 31, 480155, 0
7825, 431, 64, 72, 0, 0, 36.47%, 17, 3, 4, 399.82, 3979050, 31, 480650, 0
7830, 431, 0, 72, 0, 0, 36.47%, 17, 3, 4, 325.45, 3980722, 31, 480946, 0
7835, 431, 64, 72, 0, 0, 36.47%, 17, 3, 4, 273.91, 3981907, 31, 481318, 0
7840, 431, 64, 72, 0, 0, 36.47%, 17, 3, 4, 396.19, 3983990, 31, 481705, 0
7845, 432, 64, 72, 0, 0, 36.47%, 17, 3, 4, 359.27, 3985721, 31, 482188, 0
7850, 432, 59, 72, 0, 0, 36.47%, 17, 3, 4, 366.08, 3987471, 31, 482688, 0
7855, 432, 66, 72, 0, 0, 36.47%, 17, 3, 4, 284.40, 3988925, 31, 483048, 0
7860, 432, 50, 72, 0, 0, 36.47%, 17, 3, 4, 496.88, 3991507, 31, 483412, 0
7866, 432, 64, 72, 0, 0, 36.47%, 17, 3, 4, 311.60, 3992857, 31, 483852, 0
7871, 432, 57, 72, 0, 0, 36.47%, 17, 3, 4, 368.72, 3994723, 31, 484369, 0
7876, 432, 64, 72, 0, 0, 36.47%, 17, 3, 4, 361.16, 3996475, 31, 484807, 0
7881, 432, 64, 72, 0, 0, 36.47%, 17, 3, 4, 392.57, 3998485, 31, 485132, 0
7886, 433, 24, 72, 0, 0, 36.47%, 17, 3, 4, 518.05, 4000889, 31, 485538, 0
7891, 433, 64, 72, 0, 0, 36.47%, 17, 3, 4, 526.57, 4003617, 31, 485697, 0
7896, 433, 64, 72, 0, 0, 36.47%, 17, 3, 4, 330.96, 4005107, 31, 486073, 0
7901, 433, 64, 72, 0, 0, 36.47%, 17, 3, 4, 334.89, 4006713, 31, 486470, 0
7906, 433, 58, 72, 0, 0, 36.47%, 17, 3, 4, 401.80, 4008899, 31, 486781, 0
7911, 433, 64, 72, 0, 0, 36.47%, 17, 3, 4, 438.55, 4011037, 31, 487196, 0
7916, 434, 64, 72, 0, 0, 36.47%, 17, 3, 4, 365.68, 4012868, 31, 487681, 0
7922, 434, 7, 72, 0, 0, 36.47%, 17, 3, 4, 488.15, 4015416, 31, 488071, 0
7927, 434, 64, 72, 0, 0, 36.47%, 17, 3, 4, 367.56, 4017216, 31, 488600, 0
7932, 434, 64, 72, 0, 0, 36.47%, 17, 3, 4, 436.03, 4019305, 31, 488969, 0
7937, 434, 6, 72, 0, 0, 36.47%, 17, 3, 4, 481.81, 4021470, 31, 489216, 0
7942, 434, 32, 72, 0, 0, 36.47%, 17, 3, 4, 353.87, 4023238, 31, 489629, 0
7947, 434, 60, 72, 0, 0, 36.47%, 17, 3, 4, 304.89, 4024758, 31, 490146, 0
7952, 434, 46, 72, 0, 0, 36.47%, 17, 3, 4, 301.82, 4026449, 31, 490435, 0
7957, 435, 58, 72, 0, 0, 36.47%, 17, 3, 4, 356.26, 4028288, 31, 490858, 0
7962, 435, 56, 72, 0, 0, 36.47%, 17, 3, 4, 326.60, 4029886, 31, 491170, 0
7968, 435, 6, 72, 0, 0, 36.47%, 17, 3, 4, 379.46, 4031956, 31, 491424, 0
7973, 435, 7, 72, 0, 0, 36.47%, 17, 3, 4, 399.83, 4034050, 31, 491883, 0
7978, 435, 64, 72, 0, 0, 36.47%, 17, 3, 4, 403.30, 4036276, 31, 492170, 0
7983, 435, 3, 72, 0, 0, 36.47%, 17, 3, 4, 385.38, 4038086, 31, 492707, 0
7988, 435, 64, 72, 0, 0, 36.47%, 17, 3, 4, 380.35, 4040007, 31, 492979, 0
7993, 435, 70, 72, 0, 0, 36.47%, 17, 3, 4, 276.94, 4041108, 31, 493339, 0
7998, 436, 64, 72, 0, 0, 36.47%, 17, 3, 4, 248.43, 4042200, 31, 493876, 0
8003, 436, 32, 72, 0, 0, 36.47%, 17, 3, 4, 570.87, 4045299, 31, 494065, 0
8008, 436, 64, 72, 0, 0, 36.47%, 17, 3, 4, 376.91, 4047029, 31, 494665, 0
8013, 436, 24, 72, 0, 0, 36.47%, 17, 3, 4, 347.34, 4048943, 31, 494984, 0
8018, 436, 64, 72, 0, 0, 36.47%, 17, 3, 4, 357.71, 4050868, 31, 495400, 0
8023, 436, 63, 72, 0, 0, 36.47%, 17, 3, 4, 380.07, 4052789, 31, 495846, 0
8029, 436, 46, 72, 0, 0, 36.47%, 17, 3, 4, 395.40, 4054632, 31, 496365, 0
8034, 437, 7, 72, 0, 0, 36.47%, 17, 3, 4, 447.36, 4056667, 31, 496764, 0
8039, 437, 64, 72, 0, 0, 36.47%, 17, 3, 4, 460.20, 4059263, 31, 497142, 0
8044, 437, 24, 72, 0, 0, 36.47%, 17, 3, 4, 457.76, 4061372, 31, 497611, 0
8049, 437, 34, 72, 0, 0, 36.47%, 17, 3, 4, 490.74, 4063954, 31, 497893, 0
8054, 437, 64, 72, 0, 0, 36.47%, 17, 3, 4, 373.30, 4065761, 31, 498284, 0
8059, 437, 8, 72, 0, 0, 36.47%, 17, 3, 4, 329.86, 4067371, 31, 498808, 0
8064, 437, 32, 72, 0, 0, 36.47%, 17, 3, 4, 451.10, 4069826, 31, 499239, 0
8069, 438, 32, 72, 0, 0, 36.47%, 17, 3, 4, 412.23, 4071758, 31, 499682, 0
8074, 438, 64, 72, 0, 0, 36.47%, 17, 3, 4, 331.63, 4073406, 31, 500124, 0
8080, 438, 64, 72, 0, 0, 36.47%, 17, 3, 4, 506.74, 4076044, 31, 500483, 0
8085, 438, 64, 72, 0, 0, 36.47%, 17, 3, 4, 415.59, 4077906, 31, 501099, 0
8090, 438, 60, 72, 0, 0, 36.47%, 17, 3, 4, 334.40, 4079619, 31, 501473, 0
8095, 438, 7, 72, 0, 0, 36.47%, 17, 3, 4, 346.86, 4081311, 31, 501902, 0
8100, 438, 32, 72, 0, 0, 36.47%, 17, 3, 4, 530.36, 4084053, 31, 502217, 0
8105, 439, 64, 72, 0, 0, 36.47%, 17, 3, 4, 466.61, 4086355, 31, 502677, 0
8110, 439, 32, 72, 0, 0, 36.47%, 17, 3, 4, 424.52, 4088188, 31, 503149, 0
8115, 439, 60, 72, 0, 0, 36.47%, 17, 3, 4, 421.31, 4090378, 31, 503479, 0
8120, 439, 59, 72, 0, 0, 36.47%, 17, 3, 4, 323.66, 4092222, 31, 503712, 0
8125, 439, 64, 72, 0, 0, 36.47%, 17, 3, 4, 375.81, 4094217, 31, 504135, 0
8130, 439, 64, 72, 0, 0, 36.47%, 17, 3, 4, 329.36, 4095932, 31, 504810, 0
8136, 440, 52, 72, 0, 0, 36.47%, 17, 3, 4, 458.54, 4098494, 31, 505171, 0
8141, 440, 64, 72, 0, 0, 36.47%, 17, 3, 4, 396.63, 4100432, 31, 505591, 0
8146, 440, 63, 72, 0, 0, 36.47%, 17, 3, 4, 406.19, 4102640, 31, 505989, 0
8151, 440, 64, 72, 0, 0, 36.47%, 17, 3, 4, 352.23, 4104426, 31, 506581, 0
8156, 440, 55, 72, 0, 0, 36.47%, 17, 3, 4, 521.39, 4107112, 31, 506786, 0
8161, 440, 64, 72, 0, 0, 36.47%, 17, 3, 4, 475.46, 4109625, 31, 507056, 0
8166, 440, 5, 72, 0, 0, 36.47%, 17, 3, 4, 498.76, 4111695, 31, 507213, 0
8171, 441, 64, 72, 0, 0, 36.47%, 17, 3, 4, 429.17, 4113800, 31, 507756, 0
8176, 441, 64, 72, 0, 0, 36.47%, 17, 3, 4, 346.40, 4115620, 31, 508101, 0
8181, 441, 64, 72, 0, 0, 36.47%, 17, 3, 4, 435.74, 4117843, 31, 508464, 0
8186, 441, 70, 72, 0, 0, 36.47%, 17, 3, 4, 101.38, 4119921, 31, 508705, 0
8192, 441, 66, 72, 0, 0, 36.47%, 17, 3, 4, 248.56, 4121317, 31, 509176, 0
8197, 441, 24, 72, 0, 0, 36.47%, 17, 3, 4, 352.69, 4123213, 31, 509719, 0
8202, 442, 64, 72, 0, 0, 36.47%, 17, 3, 4, 475.42, 4125985, 31, 510056, 0
8207, 442, 64, 72, 0, 0, 36.47%, 17, 3, 4, 329.97, 4127491, 31, 510494, 0
8212, 442, 64, 72, 0, 0, 36.47%, 17, 3, 4, 281.56, 4129070, 31, 510879, 0
8217, 442, 52, 72, 0, 0, 36.47%, 17, 3, 4, 401.73, 4130982, 31, 511255, 0
8222, 442, 32, 72, 0, 0, 36.47%, 17, 3, 4, 410.97, 4132910, 31, 511810, 0
8227, 442, 64, 72, 0, 0, 36.47%, 17, 3, 4, 398.33, 4134875, 31, 512377, 0
8232, 442, 63, 72, 0, 0, 36.47%, 17, 3, 4, 330.60, 4136565, 31, 512900, 0
8237, 442, 64, 72, 0, 0, 36.47%, 17, 3, 4, 357.62, 4138645, 31, 513307, 0
8243, 442, 49, 72, 0, 0, 36.47%, 17, 3, 4, 454.45, 4141001, 31, 513692, 0
8248, 443, 64, 72, 0, 0, 36.47%, 17, 3, 4, 456.03, 4143391, 31, 513946, 0
8253, 443, 64, 72, 0, 0, 36.47%, 17, 3, 4, 359.93, 4145088, 31, 514488, 0
8258, 443, 8, 72, 0, 0, 36.47%, 17, 3, 4, 360.08, 4146827, 31, 514791, 0
8263, 443, 32, 72, 0, 0, 36.47%, 17, 3, 4, 521.67, 4149501, 31, 515119, 0
8268, 443, 6, 72, 0, 0, 36.47%, 17, 3, 4, 427.31, 4151719, 31, 515621, 0
8273, 443, 64, 72, 0, 0, 36.47%, 17, 3, 4, 334.42, 4153307, 31, 516121, 0
8278, 443, 64, 72, 0, 0, 36.47%, 17, 3, 4, 311.56, 4154935, 31, 516774, 0
8283, 444, 64, 72, 0, 0, 36.47%, 17, 3, 4, 407.40, 4156887, 31, 517312, 0
8288, 444, 2, 72, 0, 0, 36.47%, 17, 3, 4, 417.85, 4158936, 31, 517752, 0
8293, 444, 32, 72, 0, 0, 36.47%, 17, 3, 4, 380.84, 4161104, 31, 518127, 0
8299, 444, 64, 72, 0, 0, 36.47%, 17, 3, 4, 326.65, 4162837, 31, 518715, 0
8304, 444, 0, 72, 0, 0, 36.47%, 17, 3, 4, 425.09, 4165113, 31, 519059, 0
8309, 444, 60, 72, 0, 0, 36.47%, 17, 3, 4, 328.11, 4166647, 31, 519585, 0
8314, 444, 68, 72, 0, 0, 36.47%, 17, 3, 4, 480.33, 4169129, 31, 519797, 0
8319, 444, 64, 72, 0, 0, 36.47%, 17, 3, 4, 459.80, 4171379, 31, 520243, 0
8324, 445, 64, 72, 0, 0, 36.47%, 17, 3, 4, 419.06, 4173533, 31, 520694, 0
8329, 445, 46, 72, 0, 0, 36.47%, 17, 3, 4, 525.91, 4176267, 31, 521074, 0
8334, 445, 51, 72, 0, 0, 36.47%, 17, 3, 4, 430.80, 4178495, 31, 521370, 0
8339, 445, 32, 72, 0, 0, 36.47%, 17, 3, 4, 404.02, 4180479, 31, 521857, 0
8344, 445, 62, 72, 0, 0, 36.47%, 17, 3, 4, 434.53, 4182776, 31, 522274, 0
8349, 446, 64, 72, 0, 0, 36.47%, 17, 3, 4, 402.07, 4184820, 31, 522832, 0
8355, 446, 64, 72, 0, 0, 36.47%, 17, 3, 4, 420.76, 4187310, 31, 523263, 0
8360, 446, 6, 72, 0, 0, 36.47%, 17, 3, 4, 339.59, 4188710, 31, 523637, 0
8365, 446, 57, 72, 0, 0, 36.47%, 17, 3, 4, 398.23, 4191030, 31, 524011, 0
8370, 446, 13, 72, 0, 0, 36.47%, 17, 3, 4, 419.87, 4193030, 31, 524490, 0
8375, 446, 64, 72, 0, 0, 36.47%, 17, 3, 4, 369.45, 4194917, 31, 524892, 0
8380, 446, 8, 72, 0, 0, 36.47%, 17, 3, 4, 306.93, 4196251, 31, 525273, 0
8385, 447, 64, 72, 0, 0, 36.47%, 17, 3, 4, 335.45, 4198028, 31, 525734, 0
8390, 447, 64, 72, 0, 0, 36.47%, 17, 3, 4, 361.43, 4199812, 31, 526130, 0
8395, 447, 67, 72, 0, 0, 36.47%, 17, 3, 4, 447.96, 4202179, 31, 526402, 0
8400, 447, 64, 72, 0, 0, 36.47%, 17, 3, 4, 408.54, 4204124, 31, 526788, 0
8405, 447, 64, 72, 0, 0, 36.47%, 17, 3, 4, 508.63, 4206775, 31, 527136, 0
8411, 447, 7, 72, 0, 0, 36.47%, 17, 3, 4, 510.94, 4209089, 31, 527560, 0
8416, 448, 64, 72, 0, 0, 36.47%, 17, 3, 4, 456.57, 4211572, 31, 527822, 0
8421, 448, 60, 72, 0, 0, 36.47%, 17, 3, 4, 387.58, 4213298, 31, 528285, 0
8426, 448, 66, 72, 0, 0, 36.47%, 17, 3, 4, 405.82, 4215439, 31, 528651, 0
8431, 448, 61, 72, 0, 0, 36.47%, 17, 3, 4, 364.60, 4217127, 31, 529163, 0
8436, 448, 64, 72, 0, 0, 36.47%, 17, 3, 4, 396.13, 4219187, 31, 529549, 0
8441, 448, 64, 72, 0, 0, 36.47%, 17, 3, 4, 361.02, 4221118, 31, 530069, 0
8446, 448, 64, 72, 0, 0, 36.47%, 17, 3, 4, 380.71, 4223376, 31, 530488, 0
8451, 448, 51, 72, 0, 0, 36.47%, 17, 3, 4, 346.26, 4224975, 31, 531060, 0
8456, 449, 8, 72, 0, 0, 36.47%, 17, 3, 4, 415.95, 4226985, 31, 531565, 0
8461, 449, 64, 72, 0, 0, 36.47%, 17, 3, 4, 380.01, 4228853, 31, 532067, 0
8466, 449, 64, 72, 0, 0, 36.47%, 17, 3, 4, 391.82, 4230785, 31, 532559, 0
8471, 449, 64, 72, 0, 0, 36.47%, 17, 3, 4, 383.92, 4232761, 31, 533086, 0
8476, 449, 66, 72, 0, 0, 36.47%, 17, 3, 4, 402.98, 4234825, 31, 533489, 0
8482, 449, 64, 72, 0, 0, 36.47%, 17, 3, 4, 327.43, 4236383, 31, 534101, 0
8487, 449, 46, 72, 0, 0, 36.47%, 17, 3, 4, 277.44, 4237893, 31, 534557, 0
8492, 449, 64, 72, 0, 0, 36.47%, 17, 3, 4, 330.84, 4239570, 31, 535003, 0
8497, 450, 64, 72, 0, 0, 36.47%, 17, 3, 4, 419.87, 4241872, 31, 535429, 0
8502, 450, 0, 72, 0, 0, 36.47%, 17, 3, 4, 421.46, 4243815, 31, 535868, 0
8507, 450, 64, 72, 0, 0, 36.47%, 17, 3, 4, 423.43, 4245822, 31, 536440, 0
8512, 450, 6, 72, 0, 0, 36.47%, 17, 3, 4, 455.76, 4247942, 31, 536940, 0
8517, 450, 5, 72, 0, 0, 36.47%, 17, 3, 4, 350.72, 4249600, 31, 537515, 0
8522, 450, 8, 72, 0, 0, 36.47%, 17, 3, 4, 482.34, 4252228, 31, 537811, 0
8527, 450, 5, 72, 0, 0, 36.47%, 17, 3, 4, 405.89, 4254330, 31, 538078, 0
8532, 451, 67, 72, 0, 0, 36.47%, 17, 3, 4, 457.29, 4256783, 31, 538305, 0
8537, 451, 64, 72, 0, 0, 36.47%, 17, 3, 4, 414.86, 4258948, 31, 538675, 0
8542, 451, 7, 72, 0, 0, 36.47%, 17, 3, 4, 427.44, 4261340, 31, 538993, 0
8547, 451, 64, 72, 0, 0, 36.47%, 17, 3, 4, 233.96, 4262434, 31, 539335, 0
8552, 451, 64, 72, 0, 0, 36.47%, 17, 3, 4, 375.24, 4264459, 31, 539708, 0
8558, 451, 64, 72, 0, 0, 36.47%, 17, 3, 4, 495.29, 4267392, 31, 539939, 0
8563, 452, 20, 72, 0, 0, 36.47%, 17, 3, 4, 411.32, 4269267, 31, 540428, 0
8568, 452, 8, 72, 0, 0, 36.47%, 17, 3, 4, 549.42, 4272035, 31, 540718, 0
8573, 452, 64, 72, 0, 0, 36.47%, 17, 3, 4, 348.10, 4273653, 31, 541151, 0
8578, 452, 64, 72, 0, 0, 36.47%, 17, 3, 4, 381.31, 4275796, 31, 541636, 0
8583, 452, 64, 72, 0, 0, 36.47%, 17, 3, 4, 470.00, 4278009, 31, 541949, 0
8588, 452, 32, 72, 0, 0, 36.47%, 17, 3, 4, 409.64, 4279910, 31, 542291, 0
8593, 452, 64, 72, 0, 0, 36.47%, 17, 3, 4, 336.62, 4281545, 31, 542924, 0
8599, 453, 64, 72, 0, 0, 36.47%, 17, 3, 4, 320.93, 4283164, 31, 543458, 0
8604, 453, 35, 72, 0, 0, 36.47%, 17, 3, 4, 354.11, 4284919, 31, 543601, 0
8609, 453, 62, 72, 0, 0, 36.47%, 17, 3, 4, 310.46, 4286557, 31, 543847, 0
8614, 453, 46, 72, 0, 0, 36.47%, 17, 3, 4, 422.95, 4288811, 31, 544222, 0
8619, 453, 69, 72, 0, 0, 36.47%, 17, 3, 4, 375.24, 4290808, 31, 544656, 0
8624, 453, 57, 72, 0, 0, 36.47%, 17, 3, 4, 305.41, 4292203, 31, 545263, 0
8629, 453, 66, 72, 0, 0, 36.47%, 17, 3, 4, 323.21, 4293553, 31, 545586, 0
8634, 453, 64, 72, 0, 0, 36.47%, 17, 3, 4, 393.76, 4295290, 31, 546004, 0
8639, 453, 56, 72, 0, 0, 36.47%, 17, 3, 4, 338.29, 4296839, 31, 546635, 0
8644, 454, 34, 72, 0, 0, 36.47%, 17, 3, 4, 306.46, 4298306, 31, 546996, 0
8650, 454, 70, 72, 0, 0, 36.47%, 17, 3, 4, 261.54, 4299887, 31, 547294, 0
8655, 454, 64, 72, 0, 0, 36.47%, 17, 3, 4, 343.97, 4302048, 31, 547673, 0
8660, 454, 64, 72, 0, 0, 36.47%, 17, 3, 4, 349.01, 4303836, 31, 548187, 0
8665, 454, 5, 72, 0, 0, 36.47%, 17, 3, 4, 410.56, 4306090, 31, 548567, 0
8670, 454, 64, 72, 0, 0, 36.47%, 17, 3, 4, 311.56, 4307654, 31, 548883, 0
8675, 454, 1, 72, 0, 0, 36.47%, 17, 3, 4, 238.39, 4308838, 31, 549262, 0
8680, 454, 69, 72, 0, 0, 36.47%, 17, 3, 4, 339.33, 4310655, 31, 549827, 0
8685, 454, 64, 72, 0, 0, 36.47%, 17, 3, 4, 329.13, 4312290, 31, 550237, 0
8690, 455, 32, 72, 0, 0, 36.47%, 17, 3, 4, 345.41, 4314116, 31, 550677, 0
8696, 455, 32, 72, 0, 0, 36.47%, 17, 3, 4, 395.89, 4316273, 31, 551167, 0
8701, 455, 64, 72, 0, 0, 36.47%, 17, 3, 4, 416.04, 4318491, 31, 551549, 0
8706, 455, 50, 72, 0, 0, 36.47%, 17, 3, 4, 310.75, 4319861, 31, 552020, 0
8711, 455, 64, 72, 0, 0, 36.47%, 17, 3, 4, 373.23, 4321730, 31, 552535, 0
8716, 455, 56, 72, 0, 0, 36.47%, 17, 3, 4, 299.91, 4323198, 31, 553095, 0
8721, 455, 64, 72, 0, 0, 36.47%, 17, 3, 4, 303.69, 4325677, 31, 553453, 0
8726, 455, 32, 72, 0, 0, 36.47%, 17, 3, 4, 498.07, 4328208, 31, 553710, 0
8731, 456, 32, 72, 0, 0, 36.47%, 17, 3, 4, 410.33, 4330161, 31, 553889, 0
8736, 456, 64, 72, 0, 0, 36.47%, 17, 3, 4, 399.63, 4332524, 31, 554129, 0
8741, 456, 51, 72, 0, 0, 36.47%, 17, 3, 4, 335.80, 4334113, 31, 554837, 0
8746, 456, 62, 72, 0, 0, 36.47%, 17, 3, 4, 392.00, 4336277, 31, 555230, 0
8751, 456, 62, 72, 0, 0, 36.47%, 17, 3, 4, 438.05, 4338346, 31, 555495, 0
8757, 456, 32, 72, 0, 0, 36.47%, 17, 3, 4, 480.83, 4340691, 31, 555829, 0
8762, 457, 64, 72, 0, 0, 36.47%, 17, 3, 4, 440.73, 4343237, 31, 556110, 0
8767, 457, 63, 72, 0, 0, 36.47%, 17, 3, 4, 348.65, 4344842, 31, 556522, 0
8772, 457, 64, 72, 0, 0, 36.47%, 17, 3, 4, 338.15, 4346613, 31, 557023, 0
8777, 457, 64, 72, 0, 0, 36.47%, 17, 3, 4, 366.21, 4348761, 31, 557531, 0
8782, 457, 8, 72, 0, 0, 36.47%, 17, 3, 4, 444.71, 4350964, 31, 558013, 0
8787, 457, 64, 72, 0, 0, 36.47%, 17, 3, 4, 399.06, 4353133, 31, 558239, 0
8792, 457, 50, 72, 0, 0, 36.47%, 17, 3, 4, 368.40, 4355062, 31, 558820, 0
8797, 457, 64, 72, 0, 0, 36.47%, 17, 3, 4, 341.98, 4356964, 31, 559316, 0
8802, 458, 32, 72, 0, 0, 36.47%, 17, 3, 4, 420.33, 4358892, 31, 559777, 0
8807, 458, 63, 72, 0, 0, 36.47%, 17, 3, 4, 331.72, 4360692, 31, 560322, 0
8813, 458, 64, 72, 0, 0, 36.47%, 17, 3, 4, 382.54, 4362571, 31, 560727, 0
8818, 458, 56, 72, 0, 0, 36.47%, 17, 3, 4, 405.69, 4364502, 31, 561209, 0
8823, 458, 64, 72, 0, 0, 36.47%, 17, 3, 4, 363.96, 4366437, 31, 561685, 0
8828, 458, 0, 72, 0, 0, 36.47%, 17, 3, 4, 374.91, 4368370, 31, 562282, 0
8833, 458, 64, 72, 0, 0, 36.47%, 17, 3, 4, 388.72, 4370375, 31, 562837, 0
8838, 458, 64, 72, 0, 0, 36.47%, 17, 3, 4, 348.36, 4372075, 31, 563251, 0
8843, 459, 64, 72, 0, 0, 36.47%, 17, 3, 4, 338.83, 4373737, 31, 563904, 0
8848, 459, 32, 72, 0, 0, 36.47%, 17, 3, 4, 419.04, 4375956, 31, 564382, 0
8853, 459, 6, 72, 0, 0, 36.47%, 17, 3, 4, 425.15, 4378025, 31, 564778, 0
8859, 459, 64, 72, 0, 0, 36.47%, 17, 3, 4, 358.00, 4379977, 31, 565110, 0
8864, 459, 64, 72, 0, 0, 36.47%, 17, 3, 4, 418.10, 4382075, 31, 565290, 0
8869, 459, 64, 72, 0, 0, 36.47%, 17, 3, 4, 459.38, 4384288, 31, 565746, 0
8874, 459, 46, 72, 0, 0, 36.47%, 17, 3, 4, 338.43, 4386197, 31, 566259, 0
8877, 460, 59, 72, 0, 0, 36.47%, 17, 3, 4, 381.05, 4387501, 31, 566473, 0
